dataset,report_id,title,date,county,nearest_city,source_url,generated_opendata_url,local_source_path,local_source_exists,archive_pdf_path,archive_pdf_exists,source_pdf_url,status
historical_2006_2015,12285,Treated Injection Water - Newfield - Myton,07/29/2015,Duchesne,MYTON,https://opendata.utah.gov/resource/sce7-b7au.json,https://opendata.utah.gov/resource/sce7-b7au.json?id=12285,archive/sources/deq_2006_2015_records/deq_2006_2015_deq_incident_2.html,True,,False,,verified_local_html_and_opendata
historical_2006_2015,12446,QEP Injection well,11/14/2015,Uintah,VERNAL,https://opendata.utah.gov/resource/sce7-b7au.json,https://opendata.utah.gov/resource/sce7-b7au.json?id=12446,archive/sources/deq_2006_2015_records/deq_2006_2015_deq_incident_3.html,True,,False,,verified_local_html_and_opendata
historical_2006_2015,11965,Duchesne H2S Release,09/08/2014,Duchesne,DUCHESNE,https://opendata.utah.gov/resource/sce7-b7au.json,https://opendata.utah.gov/resource/sce7-b7au.json?id=11965,archive/sources/deq_2006_2015_records/deq_2006_2015_deq_incident_5.html,True,,False,,verified_local_html_and_opendata
historical_2006_2015,11763,Duchesne Co - Crude Oil - 60 bbls,03/18/2014,Duchesne,DUCHESNE,https://opendata.utah.gov/resource/sce7-b7au.json,https://opendata.utah.gov/resource/sce7-b7au.json?id=11763,archive/sources/deq_2006_2015_records/deq_2006_2015_deq_incident_6.html,True,,False,,verified_local_html_and_opendata
historical_2006_2015,11967,Roosevelt City Airport - Fuel Release,09/17/2014,Duchesne,ROOSEVELT,https://opendata.utah.gov/resource/sce7-b7au.json,https://opendata.utah.gov/resource/sce7-b7au.json?id=11967,archive/sources/deq_2006_2015_records/deq_2006_2015_deq_incident_10.html,True,,False,,verified_local_html_and_opendata
historical_2006_2015,12105,Newfield Water release,02/14/2015,Duchesne,MYTON,https://opendata.utah.gov/resource/sce7-b7au.json,https://opendata.utah.gov/resource/sce7-b7au.json?id=12105,archive/sources/deq_2006_2015_records/deq_2006_2015_deq_incident_11.html,True,,False,,verified_local_html_and_opendata
historical_2006_2015,11716,Duchesne Co. - Two injection water spills,02/16/2014,Duchesne,MYTON,https://opendata.utah.gov/resource/sce7-b7au.json,https://opendata.utah.gov/resource/sce7-b7au.json?id=11716,archive/sources/deq_2006_2015_records/deq_2006_2015_deq_incident_12.html,True,,False,,verified_local_html_and_opendata
historical_2006_2015,11575,Corrosion Inhibitor Spill,10/04/2013,Uintah,VERNAL,https://opendata.utah.gov/resource/sce7-b7au.json,https://opendata.utah.gov/resource/sce7-b7au.json?id=11575,archive/sources/deq_2006_2015_records/deq_2006_2015_deq_incident_14.html,True,,False,,verified_local_html_and_opendata
historical_2006_2015,12008,Produced water spill near Myton,10/24/2014,Duchesne,MYTON,https://opendata.utah.gov/resource/sce7-b7au.json,https://opendata.utah.gov/resource/sce7-b7au.json?id=12008,archive/sources/deq_2006_2015_records/deq_2006_2015_deq_incident_17.html,True,,False,,verified_local_html_and_opendata
historical_2006_2015,12234,Simplot Phosphate Diesel Spill Uintah County,06/16/2015,Uintah,VERNAL,https://opendata.utah.gov/resource/sce7-b7au.json,https://opendata.utah.gov/resource/sce7-b7au.json?id=12234,archive/sources/deq_2006_2015_records/deq_2006_2015_deq_incident_18.html,True,,False,,verified_local_html_and_opendata
historical_2006_2015,11608,Myton Lift Station Release,09/16/2013,Duchesne,MYTON,https://opendata.utah.gov/resource/sce7-b7au.json,https://opendata.utah.gov/resource/sce7-b7au.json?id=11608,archive/sources/deq_2006_2015_records/deq_2006_2015_deq_incident_22.html,True,,False,,verified_local_html_and_opendata
historical_2006_2015,11872,Production Water Spill,07/02/2014,Duchesne,ALTAMONT,https://opendata.utah.gov/resource/sce7-b7au.json,https://opendata.utah.gov/resource/sce7-b7au.json?id=11872,archive/sources/deq_2006_2015_records/deq_2006_2015_deq_incident_25.html,True,,False,,verified_local_html_and_opendata
historical_2006_2015,11451,Hydrochloric Acid 28% Mix at Commercial Yard,07/04/2013,Uintah,VERNAL,https://opendata.utah.gov/resource/sce7-b7au.json,https://opendata.utah.gov/resource/sce7-b7au.json?id=11451,archive/sources/deq_2006_2015_records/deq_2006_2015_deq_incident_26.html,True,,False,,verified_local_html_and_opendata
historical_2006_2015,11489,Production Water Spill in Duchesne County,07/30/2013,Duchesne,MYTON,https://opendata.utah.gov/resource/sce7-b7au.json,https://opendata.utah.gov/resource/sce7-b7au.json?id=11489,archive/sources/deq_2006_2015_records/deq_2006_2015_deq_incident_34.html,True,,False,,verified_local_html_and_opendata
historical_2006_2015,12166,Duchesne County Complaint Call,04/06/2015,Duchesne,DUCHESNE,https://opendata.utah.gov/resource/sce7-b7au.json,https://opendata.utah.gov/resource/sce7-b7au.json?id=12166,archive/sources/deq_2006_2015_records/deq_2006_2015_deq_incident_35.html,True,,False,,verified_local_html_and_opendata
historical_2006_2015,11826,Injection Water Release near Myton,05/24/2014,Duchesne,MYTON,https://opendata.utah.gov/resource/sce7-b7au.json,https://opendata.utah.gov/resource/sce7-b7au.json?id=11826,archive/sources/deq_2006_2015_records/deq_2006_2015_deq_incident_36.html,True,,False,,verified_local_html_and_opendata
historical_2006_2015,8862,Uintah Co - Ethylene Glycol 1000 Gallons,06/04/2013,Uintah,VERNAL,https://opendata.utah.gov/resource/sce7-b7au.json,https://opendata.utah.gov/resource/sce7-b7au.json?id=8862,archive/sources/deq_2006_2015_records/deq_2006_2015_deq_incident_37.html,True,,False,,verified_local_html_and_opendata
historical_2006_2015,11748,Uintah Co - Condensate 25 Gal,03/06/2014,Uintah,WHITEROCKS,https://opendata.utah.gov/resource/sce7-b7au.json,https://opendata.utah.gov/resource/sce7-b7au.json?id=11748,archive/sources/deq_2006_2015_records/deq_2006_2015_deq_incident_39.html,True,,False,,verified_local_html_and_opendata
historical_2006_2015,7087,K & M Semi (Null RP Substituted),08/26/2008,Duchesne,DUCHESNE,https://opendata.utah.gov/resource/sce7-b7au.json,https://opendata.utah.gov/resource/sce7-b7au.json?id=7087,archive/sources/deq_2006_2015_records/deq_2006_2015_deq_incident_42.html,True,,False,,verified_local_html_and_opendata
historical_2006_2015,12436,Duchesne County - Injection water spill,11/17/2015,Duchesne,MYTON,https://opendata.utah.gov/resource/sce7-b7au.json,https://opendata.utah.gov/resource/sce7-b7au.json?id=12436,archive/sources/deq_2006_2015_records/deq_2006_2015_deq_incident_44.html,True,,False,,verified_local_html_and_opendata
historical_2006_2015,6431,Unknown (Null RP Substituted),04/01/2007,Uintah,Gusher,https://opendata.utah.gov/resource/sce7-b7au.json,https://opendata.utah.gov/resource/sce7-b7au.json?id=6431,archive/sources/deq_2006_2015_records/deq_2006_2015_deq_incident_46.html,True,,False,,verified_local_html_and_opendata
historical_2006_2015,5031,Unknown (Null RP Substituted),09/12/2003,Uintah,Vernal,https://opendata.utah.gov/resource/sce7-b7au.json,https://opendata.utah.gov/resource/sce7-b7au.json?id=5031,archive/sources/deq_2006_2015_records/deq_2006_2015_deq_incident_48.html,True,,False,,verified_local_html_and_opendata
historical_2006_2015,7041,Joseph Michael/Newfield Exploration (Null RP Substituted),07/28/2008,Duchesne,MYTON,https://opendata.utah.gov/resource/sce7-b7au.json,https://opendata.utah.gov/resource/sce7-b7au.json?id=7041,archive/sources/deq_2006_2015_records/deq_2006_2015_deq_incident_50.html,True,,False,,verified_local_html_and_opendata
historical_2006_2015,12421,Newfield 13-27-8-17 - Treated Inj. Water,11/07/2015,Duchesne,MYTON,https://opendata.utah.gov/resource/sce7-b7au.json,https://opendata.utah.gov/resource/sce7-b7au.json?id=12421,archive/sources/deq_2006_2015_records/deq_2006_2015_deq_incident_52.html,True,,False,,verified_local_html_and_opendata
historical_2006_2015,11692,Duchesne Co - Truck in River,01/24/2014,Duchesne,DUCHESNE,https://opendata.utah.gov/resource/sce7-b7au.json,https://opendata.utah.gov/resource/sce7-b7au.json?id=11692,archive/sources/deq_2006_2015_records/deq_2006_2015_deq_incident_53.html,True,,False,,verified_local_html_and_opendata
historical_2006_2015,5984,LCL Oil Co. (Null RP Substituted),03/30/2006,Uintah,Vernal,https://opendata.utah.gov/resource/sce7-b7au.json,https://opendata.utah.gov/resource/sce7-b7au.json?id=5984,archive/sources/deq_2006_2015_records/deq_2006_2015_deq_incident_55.html,True,,False,,verified_local_html_and_opendata
historical_2006_2015,12202,Duchesne County - Treated Water Release,05/13/2015,Duchesne,MYTON,https://opendata.utah.gov/resource/sce7-b7au.json,https://opendata.utah.gov/resource/sce7-b7au.json?id=12202,archive/sources/deq_2006_2015_records/deq_2006_2015_deq_incident_62.html,True,,False,,verified_local_html_and_opendata
historical_2006_2015,12289,Duchesne County - Treated water spill,07/31/2015,Duchesne,MYTON,https://opendata.utah.gov/resource/sce7-b7au.json,https://opendata.utah.gov/resource/sce7-b7au.json?id=12289,archive/sources/deq_2006_2015_records/deq_2006_2015_deq_incident_64.html,True,,False,,verified_local_html_and_opendata
historical_2006_2015,7148,Unknown (Null RP Substituted),10/16/2008,Uintah,Vernal,https://opendata.utah.gov/resource/sce7-b7au.json,https://opendata.utah.gov/resource/sce7-b7au.json?id=7148,archive/sources/deq_2006_2015_records/deq_2006_2015_deq_incident_72.html,True,,False,,verified_local_html_and_opendata
historical_2006_2015,12101,Duchesne County - Injection Water Release,02/12/2015,Duchesne,MYTON,https://opendata.utah.gov/resource/sce7-b7au.json,https://opendata.utah.gov/resource/sce7-b7au.json?id=12101,archive/sources/deq_2006_2015_records/deq_2006_2015_deq_incident_73.html,True,,False,,verified_local_html_and_opendata
historical_2006_2015,11409,Weatherford Wireline Transporting,06/23/2013,Uintah,VERNAL,https://opendata.utah.gov/resource/sce7-b7au.json,https://opendata.utah.gov/resource/sce7-b7au.json?id=11409,archive/sources/deq_2006_2015_records/deq_2006_2015_deq_incident_77.html,True,,False,,verified_local_html_and_opendata
historical_2006_2015,11689,Duchesne Co - Injection Water Release,01/24/2014,Duchesne,MYTON,https://opendata.utah.gov/resource/sce7-b7au.json,https://opendata.utah.gov/resource/sce7-b7au.json?id=11689,archive/sources/deq_2006_2015_records/deq_2006_2015_deq_incident_78.html,True,,False,,verified_local_html_and_opendata
historical_2006_2015,11696,Myton Trailer Roll over,01/30/2014,Duchesne,MYTON,https://opendata.utah.gov/resource/sce7-b7au.json,https://opendata.utah.gov/resource/sce7-b7au.json?id=11696,archive/sources/deq_2006_2015_records/deq_2006_2015_deq_incident_79.html,True,,False,,verified_local_html_and_opendata
historical_2006_2015,11499,Vegetation Kill Hydrochloric Acid,07/31/2013,Uintah,NAPLES,https://opendata.utah.gov/resource/sce7-b7au.json,https://opendata.utah.gov/resource/sce7-b7au.json?id=11499,archive/sources/deq_2006_2015_records/deq_2006_2015_deq_incident_83.html,True,,False,,verified_local_html_and_opendata
historical_2006_2015,8590,Western Petroleum (Null RP Substituted),07/18/2012,Uintah,VERNAL,https://opendata.utah.gov/resource/sce7-b7au.json,https://opendata.utah.gov/resource/sce7-b7au.json?id=8590,archive/sources/deq_2006_2015_records/deq_2006_2015_deq_incident_87.html,True,,False,,verified_local_html_and_opendata
historical_2006_2015,11340,THIS IS A DRILL...Crude oil spill threatening Lake Fort River in Duchesne County,06/13/2013,Duchesne,DUCHESNE,https://opendata.utah.gov/resource/sce7-b7au.json,https://opendata.utah.gov/resource/sce7-b7au.json?id=11340,archive/sources/deq_2006_2015_records/deq_2006_2015_deq_incident_89.html,True,,False,,verified_local_html_and_opendata
historical_2006_2015,12422,Newfield - 13-16-9-17 Crude Oil,11/08/2015,Duchesne,MYTON,https://opendata.utah.gov/resource/sce7-b7au.json,https://opendata.utah.gov/resource/sce7-b7au.json?id=12422,archive/sources/deq_2006_2015_records/deq_2006_2015_deq_incident_93.html,True,,False,,verified_local_html_and_opendata
historical_2006_2015,8205,El Paso E&P (Null RP Substituted),06/21/2011,Duchesne,ALTAMONT,https://opendata.utah.gov/resource/sce7-b7au.json,https://opendata.utah.gov/resource/sce7-b7au.json?id=8205,archive/sources/deq_2006_2015_records/deq_2006_2015_deq_incident_97.html,True,,False,,verified_local_html_and_opendata
historical_2006_2015,6884,RNI Trucking (Null RP Substituted),04/02/2008,Duchesne,MYTON,https://opendata.utah.gov/resource/sce7-b7au.json,https://opendata.utah.gov/resource/sce7-b7au.json?id=6884,archive/sources/deq_2006_2015_records/deq_2006_2015_deq_incident_104.html,True,,False,,verified_local_html_and_opendata
historical_2006_2015,11631,Injection water release near Myton,11/24/2013,Duchesne,MYTON,https://opendata.utah.gov/resource/sce7-b7au.json,https://opendata.utah.gov/resource/sce7-b7au.json?id=11631,archive/sources/deq_2006_2015_records/deq_2006_2015_deq_incident_106.html,True,,False,,verified_local_html_and_opendata
historical_2006_2015,12364,Duchesne Co - Treated Injection Water,09/15/2015,Duchesne,MYTON,https://opendata.utah.gov/resource/sce7-b7au.json,https://opendata.utah.gov/resource/sce7-b7au.json?id=12364,archive/sources/deq_2006_2015_records/deq_2006_2015_deq_incident_108.html,True,,False,,verified_local_html_and_opendata
historical_2006_2015,12200,Duchesne Co - Treated Injection Water,05/07/2015,Duchesne,MYTON,https://opendata.utah.gov/resource/sce7-b7au.json,https://opendata.utah.gov/resource/sce7-b7au.json?id=12200,archive/sources/deq_2006_2015_records/deq_2006_2015_deq_incident_109.html,True,,False,,verified_local_html_and_opendata
historical_2006_2015,6847,Rick Norton (owner) (Null RP Substituted),02/21/2008,Uintah,VERNAL,https://opendata.utah.gov/resource/sce7-b7au.json,https://opendata.utah.gov/resource/sce7-b7au.json?id=6847,archive/sources/deq_2006_2015_records/deq_2006_2015_deq_incident_111.html,True,,False,,verified_local_html_and_opendata
historical_2006_2015,8317,Carman Hoyt (Null RP Substituted),09/22/2011,Uintah,Vernal,https://opendata.utah.gov/resource/sce7-b7au.json,https://opendata.utah.gov/resource/sce7-b7au.json?id=8317,archive/sources/deq_2006_2015_records/deq_2006_2015_deq_incident_112.html,True,,False,,verified_local_html_and_opendata
historical_2006_2015,11896,Vernal Used Oil Spill,07/22/2014,Uintah,VERNAL,https://opendata.utah.gov/resource/sce7-b7au.json,https://opendata.utah.gov/resource/sce7-b7au.json?id=11896,archive/sources/deq_2006_2015_records/deq_2006_2015_deq_incident_115.html,True,,False,,verified_local_html_and_opendata
historical_2006_2015,11635,Injection Water Release SE of Myton,11/28/2013,Duchesne,MYTON,https://opendata.utah.gov/resource/sce7-b7au.json,https://opendata.utah.gov/resource/sce7-b7au.json?id=11635,archive/sources/deq_2006_2015_records/deq_2006_2015_deq_incident_116.html,True,,False,,verified_local_html_and_opendata
historical_2006_2015,12455,Production Water Release Uintah Co.,12/05/2015,Uintah,JENSEN,https://opendata.utah.gov/resource/sce7-b7au.json,https://opendata.utah.gov/resource/sce7-b7au.json?id=12455,archive/sources/deq_2006_2015_records/deq_2006_2015_deq_incident_118.html,True,,False,,verified_local_html_and_opendata
historical_2006_2015,8607,Vernal Used Oil Release,08/14/2012,Uintah,VERNAL,https://opendata.utah.gov/resource/sce7-b7au.json,https://opendata.utah.gov/resource/sce7-b7au.json?id=8607,archive/sources/deq_2006_2015_records/deq_2006_2015_deq_incident_120.html,True,,False,,verified_local_html_and_opendata
historical_2006_2015,11597,Uintah Co QEP Tank Overflow,10/21/2013,Uintah,VERNAL,https://opendata.utah.gov/resource/sce7-b7au.json,https://opendata.utah.gov/resource/sce7-b7au.json?id=11597,archive/sources/deq_2006_2015_records/deq_2006_2015_deq_incident_121.html,True,,False,,verified_local_html_and_opendata
historical_2006_2015,8717,Chevron (Null RP Substituted),12/12/2012,Uintah,BLUEBELL,https://opendata.utah.gov/resource/sce7-b7au.json,https://opendata.utah.gov/resource/sce7-b7au.json?id=8717,archive/sources/deq_2006_2015_records/deq_2006_2015_deq_incident_124.html,True,,False,,verified_local_html_and_opendata
historical_2006_2015,11698,Myton - Newfield Exploration diesel release,01/29/2014,Uintah,MYTON,https://opendata.utah.gov/resource/sce7-b7au.json,https://opendata.utah.gov/resource/sce7-b7au.json?id=11698,archive/sources/deq_2006_2015_records/deq_2006_2015_deq_incident_129.html,True,,False,,verified_local_html_and_opendata
historical_2006_2015,12203,Nine Mile Crude-130 bls,05/16/2015,Duchesne,MYTON,https://opendata.utah.gov/resource/sce7-b7au.json,https://opendata.utah.gov/resource/sce7-b7au.json?id=12203,archive/sources/deq_2006_2015_records/deq_2006_2015_deq_incident_134.html,True,,False,,verified_local_html_and_opendata
historical_2006_2015,11982,Duchesne Co - Sewage,09/27/2014,Duchesne,ROOSEVELT,https://opendata.utah.gov/resource/sce7-b7au.json,https://opendata.utah.gov/resource/sce7-b7au.json?id=11982,archive/sources/deq_2006_2015_records/deq_2006_2015_deq_incident_137.html,True,,False,,verified_local_html_and_opendata
historical_2006_2015,11571,Diesel spill in Uintah County,10/04/2013,Duchesne,MYTON,https://opendata.utah.gov/resource/sce7-b7au.json,https://opendata.utah.gov/resource/sce7-b7au.json?id=11571,archive/sources/deq_2006_2015_records/deq_2006_2015_deq_incident_138.html,True,,False,,verified_local_html_and_opendata
historical_2006_2015,8018,Uintah County (Null RP Substituted),01/10/2011,Uintah,VERNAL,https://opendata.utah.gov/resource/sce7-b7au.json,https://opendata.utah.gov/resource/sce7-b7au.json?id=8018,archive/sources/deq_2006_2015_records/deq_2006_2015_deq_incident_141.html,True,,False,,verified_local_html_and_opendata
historical_2006_2015,11784,Myton Produced Water leak,04/12/2014,Duchesne,MYTON,https://opendata.utah.gov/resource/sce7-b7au.json,https://opendata.utah.gov/resource/sce7-b7au.json?id=11784,archive/sources/deq_2006_2015_records/deq_2006_2015_deq_incident_145.html,True,,False,,verified_local_html_and_opendata
historical_2006_2015,11664,Uintah - Production water spill,12/25/2013,Uintah,VERNAL,https://opendata.utah.gov/resource/sce7-b7au.json,https://opendata.utah.gov/resource/sce7-b7au.json?id=11664,archive/sources/deq_2006_2015_records/deq_2006_2015_deq_incident_146.html,True,,False,,verified_local_html_and_opendata
historical_2006_2015,11493,Hydraulic Fluid,08/01/2013,Duchesne,ROOSEVELT,https://opendata.utah.gov/resource/sce7-b7au.json,https://opendata.utah.gov/resource/sce7-b7au.json?id=11493,archive/sources/deq_2006_2015_records/deq_2006_2015_deq_incident_148.html,True,,False,,verified_local_html_and_opendata
historical_2006_2015,11528,Production Water,09/09/2013,Duchesne,MYTON,https://opendata.utah.gov/resource/sce7-b7au.json,https://opendata.utah.gov/resource/sce7-b7au.json?id=11528,archive/sources/deq_2006_2015_records/deq_2006_2015_deq_incident_151.html,True,,False,,verified_local_html_and_opendata
historical_2006_2015,11382,Crude oil spill in Duchesne County,06/16/2013,Duchesne,MYTON,https://opendata.utah.gov/resource/sce7-b7au.json,https://opendata.utah.gov/resource/sce7-b7au.json?id=11382,archive/sources/deq_2006_2015_records/deq_2006_2015_deq_incident_152.html,True,,False,,verified_local_html_and_opendata
historical_2006_2015,11369,Diesel Fuel Spill in Duchesne County,06/13/2013,Duchesne,ROOSEVELT,https://opendata.utah.gov/resource/sce7-b7au.json,https://opendata.utah.gov/resource/sce7-b7au.json?id=11369,archive/sources/deq_2006_2015_records/deq_2006_2015_deq_incident_154.html,True,,False,,verified_local_html_and_opendata
historical_2006_2015,11687,Duchesne Co - Sodium Hypochlorite 12.5% 1200 Gals,01/19/2014,Duchesne,MYTON,https://opendata.utah.gov/resource/sce7-b7au.json,https://opendata.utah.gov/resource/sce7-b7au.json?id=11687,archive/sources/deq_2006_2015_records/deq_2006_2015_deq_incident_156.html,True,,False,,verified_local_html_and_opendata
historical_2006_2015,8226,Haliburton (Null RP Substituted),07/11/2011,Uintah,Vernal,https://opendata.utah.gov/resource/sce7-b7au.json,https://opendata.utah.gov/resource/sce7-b7au.json?id=8226,archive/sources/deq_2006_2015_records/deq_2006_2015_deq_incident_157.html,True,,False,,verified_local_html_and_opendata
historical_2006_2015,8815,Duchesne Diesel Release,11/14/2013,Duchesne,DUCHESNE,https://opendata.utah.gov/resource/sce7-b7au.json,https://opendata.utah.gov/resource/sce7-b7au.json?id=8815,archive/sources/deq_2006_2015_records/deq_2006_2015_deq_incident_158.html,True,,False,,verified_local_html_and_opendata
historical_2006_2015,11718,Duchesne Co. - Injection water spill,02/16/2014,Duchesne,MYTON,https://opendata.utah.gov/resource/sce7-b7au.json,https://opendata.utah.gov/resource/sce7-b7au.json?id=11718,archive/sources/deq_2006_2015_records/deq_2006_2015_deq_incident_161.html,True,,False,,verified_local_html_and_opendata
historical_2006_2015,11659,Uintah Co - Used Oil Spill,12/21/2013,Uintah,NAPLES,https://opendata.utah.gov/resource/sce7-b7au.json,https://opendata.utah.gov/resource/sce7-b7au.json?id=11659,archive/sources/deq_2006_2015_records/deq_2006_2015_deq_incident_163.html,True,,False,,verified_local_html_and_opendata
historical_2006_2015,11643,Duchesne Co - HCL 15% 150 Gals,12/04/2013,Duchesne,ROOSEVELT,https://opendata.utah.gov/resource/sce7-b7au.json,https://opendata.utah.gov/resource/sce7-b7au.json?id=11643,archive/sources/deq_2006_2015_records/deq_2006_2015_deq_incident_164.html,True,,False,,verified_local_html_and_opendata
historical_2006_2015,6343,Wetherford Fracturing (Null RP Substituted),01/15/2006,Uintah,VERNAL,https://opendata.utah.gov/resource/sce7-b7au.json,https://opendata.utah.gov/resource/sce7-b7au.json?id=6343,archive/sources/deq_2006_2015_records/deq_2006_2015_deq_incident_166.html,True,,False,,verified_local_html_and_opendata
historical_2006_2015,11934,Duchesne Co - Crude & Produced Water,08/25/2014,Duchesne,TALMAGE,https://opendata.utah.gov/resource/sce7-b7au.json,https://opendata.utah.gov/resource/sce7-b7au.json?id=11934,archive/sources/deq_2006_2015_records/deq_2006_2015_deq_incident_167.html,True,,False,,verified_local_html_and_opendata
historical_2006_2015,8553,Joseph Weyerman (Null RP Substituted),05/20/2012,Uintah,NAPLES,https://opendata.utah.gov/resource/sce7-b7au.json,https://opendata.utah.gov/resource/sce7-b7au.json?id=8553,archive/sources/deq_2006_2015_records/deq_2006_2015_deq_incident_168.html,True,,False,,verified_local_html_and_opendata
historical_2006_2015,4142,Adler Hot Oil (Null RP Substituted),09/17/2001,Uintah,Vernal,https://opendata.utah.gov/resource/sce7-b7au.json,https://opendata.utah.gov/resource/sce7-b7au.json?id=4142,archive/sources/deq_2006_2015_records/deq_2006_2015_deq_incident_169.html,True,,False,,verified_local_html_and_opendata
historical_2006_2015,11584,Uintah Co- Injection Water Release,10/12/2013,Duchesne,MYTON,https://opendata.utah.gov/resource/sce7-b7au.json,https://opendata.utah.gov/resource/sce7-b7au.json?id=11584,archive/sources/deq_2006_2015_records/deq_2006_2015_deq_incident_170.html,True,,False,,verified_local_html_and_opendata
historical_2006_2015,11730,Duchesne County - Injection Water Release,02/20/2014,Duchesne,MYTON,https://opendata.utah.gov/resource/sce7-b7au.json,https://opendata.utah.gov/resource/sce7-b7au.json?id=11730,archive/sources/deq_2006_2015_records/deq_2006_2015_deq_incident_171.html,True,,False,,verified_local_html_and_opendata
historical_2006_2015,8783,Produced Water Release,08/04/2012,Duchesne,TALMAGE,https://opendata.utah.gov/resource/sce7-b7au.json,https://opendata.utah.gov/resource/sce7-b7au.json?id=8783,archive/sources/deq_2006_2015_records/deq_2006_2015_deq_incident_174.html,True,,False,,verified_local_html_and_opendata
historical_2006_2015,11464,Fish Kill,07/15/2013,Uintah,VERNAL,https://opendata.utah.gov/resource/sce7-b7au.json,https://opendata.utah.gov/resource/sce7-b7au.json?id=11464,archive/sources/deq_2006_2015_records/deq_2006_2015_deq_incident_176.html,True,,False,,verified_local_html_and_opendata
historical_2006_2015,12468,Uintah Co - Diesel Spill White River 4 gallons,12/16/2015,Uintah,VERNAL,https://opendata.utah.gov/resource/sce7-b7au.json,https://opendata.utah.gov/resource/sce7-b7au.json?id=12468,archive/sources/deq_2006_2015_records/deq_2006_2015_deq_incident_177.html,True,,False,,verified_local_html_and_opendata
historical_2006_2015,12016,Produced water spill near Myton,11/06/2014,Duchesne,MYTON,https://opendata.utah.gov/resource/sce7-b7au.json,https://opendata.utah.gov/resource/sce7-b7au.json?id=12016,archive/sources/deq_2006_2015_records/deq_2006_2015_deq_incident_178.html,True,,False,,verified_local_html_and_opendata
historical_2006_2015,12029,Newfield Ethylene Glycol Spill - Myton,11/16/2014,Duchesne,MYTON,https://opendata.utah.gov/resource/sce7-b7au.json,https://opendata.utah.gov/resource/sce7-b7au.json?id=12029,archive/sources/deq_2006_2015_records/deq_2006_2015_deq_incident_189.html,True,,False,,verified_local_html_and_opendata
historical_2006_2015,11835,Uintah QEP Injection Line Break,05/31/2014,Uintah,JENSEN,https://opendata.utah.gov/resource/sce7-b7au.json,https://opendata.utah.gov/resource/sce7-b7au.json?id=11835,archive/sources/deq_2006_2015_records/deq_2006_2015_deq_incident_193.html,True,,False,,verified_local_html_and_opendata
historical_2006_2015,11941,Uintah County Oil Release,08/29/2014,Uintah,VERNAL,https://opendata.utah.gov/resource/sce7-b7au.json,https://opendata.utah.gov/resource/sce7-b7au.json?id=11941,archive/sources/deq_2006_2015_records/deq_2006_2015_deq_incident_195.html,True,,False,,verified_local_html_and_opendata
historical_2006_2015,11876,Crude Oil Release north of Vernal,07/07/2014,Uintah,VERNAL,https://opendata.utah.gov/resource/sce7-b7au.json,https://opendata.utah.gov/resource/sce7-b7au.json?id=11876,archive/sources/deq_2006_2015_records/deq_2006_2015_deq_incident_196.html,True,,False,,verified_local_html_and_opendata
historical_2006_2015,7180,Tracy Williams (Null RP Substituted),10/29/2008,Duchesne,Duchesne,https://opendata.utah.gov/resource/sce7-b7au.json,https://opendata.utah.gov/resource/sce7-b7au.json?id=7180,archive/sources/deq_2006_2015_records/deq_2006_2015_deq_incident_199.html,True,,False,,verified_local_html_and_opendata
historical_2006_2015,8865,Roosevelt Manure Truck wahsout to creek,05/06/2013,Duchesne,ROOSEVELT,https://opendata.utah.gov/resource/sce7-b7au.json,https://opendata.utah.gov/resource/sce7-b7au.json?id=8865,archive/sources/deq_2006_2015_records/deq_2006_2015_deq_incident_200.html,True,,False,,verified_local_html_and_opendata
historical_2006_2015,11469,Vernal - Hydrochloric Acid Solution,07/17/2013,Uintah,VERNAL,https://opendata.utah.gov/resource/sce7-b7au.json,https://opendata.utah.gov/resource/sce7-b7au.json?id=11469,archive/sources/deq_2006_2015_records/deq_2006_2015_deq_incident_201.html,True,,False,,verified_local_html_and_opendata
historical_2006_2015,7945,"Quality Inspection & Testing, Inc. (Null RP Substituted)",10/24/2010,Uintah,Gusher,https://opendata.utah.gov/resource/sce7-b7au.json,https://opendata.utah.gov/resource/sce7-b7au.json?id=7945,archive/sources/deq_2006_2015_records/deq_2006_2015_deq_incident_202.html,True,,False,,verified_local_html_and_opendata
historical_2006_2015,12277,Duchesne County Treated Water Leak,07/25/2015,Duchesne,MYTON,https://opendata.utah.gov/resource/sce7-b7au.json,https://opendata.utah.gov/resource/sce7-b7au.json?id=12277,archive/sources/deq_2006_2015_records/deq_2006_2015_deq_incident_203.html,True,,False,,verified_local_html_and_opendata
historical_2006_2015,12333,Newfield Treated Inj Water - Myton,08/23/2015,Duchesne,MYTON,https://opendata.utah.gov/resource/sce7-b7au.json,https://opendata.utah.gov/resource/sce7-b7au.json?id=12333,archive/sources/deq_2006_2015_records/deq_2006_2015_deq_incident_204.html,True,,False,,verified_local_html_and_opendata
historical_2006_2015,11821,Myton Injection Water Release Newfield,05/20/2014,Duchesne,MYTON,https://opendata.utah.gov/resource/sce7-b7au.json,https://opendata.utah.gov/resource/sce7-b7au.json?id=11821,archive/sources/deq_2006_2015_records/deq_2006_2015_deq_incident_207.html,True,,False,,verified_local_html_and_opendata
historical_2006_2015,11495,Production Water Release in Duchesne County,08/01/2013,Duchesne,MYTON,https://opendata.utah.gov/resource/sce7-b7au.json,https://opendata.utah.gov/resource/sce7-b7au.json?id=11495,archive/sources/deq_2006_2015_records/deq_2006_2015_deq_incident_208.html,True,,False,,verified_local_html_and_opendata
historical_2006_2015,11802,Roosevelt Oil Spill,04/25/2014,Duchesne,ROOSEVELT,https://opendata.utah.gov/resource/sce7-b7au.json,https://opendata.utah.gov/resource/sce7-b7au.json?id=11802,archive/sources/deq_2006_2015_records/deq_2006_2015_deq_incident_212.html,True,,False,,verified_local_html_and_opendata
historical_2006_2015,11694,Duchesne Co - Injection Water Release,01/27/2014,Duchesne,MYTON,https://opendata.utah.gov/resource/sce7-b7au.json,https://opendata.utah.gov/resource/sce7-b7au.json?id=11694,archive/sources/deq_2006_2015_records/deq_2006_2015_deq_incident_213.html,True,,False,,verified_local_html_and_opendata
historical_2006_2015,6185,Unknown (Null RP Substituted),08/24/2006,Uintah,Vernal,https://opendata.utah.gov/resource/sce7-b7au.json,https://opendata.utah.gov/resource/sce7-b7au.json?id=6185,archive/sources/deq_2006_2015_records/deq_2006_2015_deq_incident_215.html,True,,False,,verified_local_html_and_opendata
historical_2006_2015,11914,Diesel spill in Roosevelt,08/05/2014,Duchesne,ROOSEVELT,https://opendata.utah.gov/resource/sce7-b7au.json,https://opendata.utah.gov/resource/sce7-b7au.json?id=11914,archive/sources/deq_2006_2015_records/deq_2006_2015_deq_incident_216.html,True,,False,,verified_local_html_and_opendata
historical_2006_2015,7193,Unknown (Null RP Substituted),12/04/2008,Uintah,Vernal,https://opendata.utah.gov/resource/sce7-b7au.json,https://opendata.utah.gov/resource/sce7-b7au.json?id=7193,archive/sources/deq_2006_2015_records/deq_2006_2015_deq_incident_218.html,True,,False,,verified_local_html_and_opendata
historical_2006_2015,11553,Injection Water Release,09/16/2013,Duchesne,MYTON,https://opendata.utah.gov/resource/sce7-b7au.json,https://opendata.utah.gov/resource/sce7-b7au.json?id=11553,archive/sources/deq_2006_2015_records/deq_2006_2015_deq_incident_223.html,True,,False,,verified_local_html_and_opendata
historical_2006_2015,11766,/// DRILL /// - Starvation Reservoir - /// DRILL,03/25/2014,Duchesne,DUCHESNE,https://opendata.utah.gov/resource/sce7-b7au.json,https://opendata.utah.gov/resource/sce7-b7au.json?id=11766,archive/sources/deq_2006_2015_records/deq_2006_2015_deq_incident_224.html,True,,False,,verified_local_html_and_opendata
historical_2006_2015,12417,Tri-County - Newfield Pipeline release,11/04/2015,Duchesne,MYTON,https://opendata.utah.gov/resource/sce7-b7au.json,https://opendata.utah.gov/resource/sce7-b7au.json?id=12417,archive/sources/deq_2006_2015_records/deq_2006_2015_deq_incident_228.html,True,,False,,verified_local_html_and_opendata
historical_2006_2015,7577,JD Strickland & Assoc. (Null RP Substituted),10/02/2009,Uintah,Vernal,https://opendata.utah.gov/resource/sce7-b7au.json,https://opendata.utah.gov/resource/sce7-b7au.json?id=7577,archive/sources/deq_2006_2015_records/deq_2006_2015_deq_incident_229.html,True,,False,,verified_local_html_and_opendata
historical_2006_2015,7939,Unknown (Null RP Substituted),10/18/2010,Duchesne,Duchesne,https://opendata.utah.gov/resource/sce7-b7au.json,https://opendata.utah.gov/resource/sce7-b7au.json?id=7939,archive/sources/deq_2006_2015_records/deq_2006_2015_deq_incident_230.html,True,,False,,verified_local_html_and_opendata
historical_2006_2015,11600,New Field - Release of Production Water,10/26/2013,Duchesne,MYTON,https://opendata.utah.gov/resource/sce7-b7au.json,https://opendata.utah.gov/resource/sce7-b7au.json?id=11600,archive/sources/deq_2006_2015_records/deq_2006_2015_deq_incident_233.html,True,,False,,verified_local_html_and_opendata
historical_2006_2015,12233,"EP Energy, Brine Release,",06/10/2015,Duchesne,MT EMMONS,https://opendata.utah.gov/resource/sce7-b7au.json,https://opendata.utah.gov/resource/sce7-b7au.json?id=12233,archive/sources/deq_2006_2015_records/deq_2006_2015_deq_incident_238.html,True,,False,,verified_local_html_and_opendata
historical_2006_2015,2062,Mine Reclaim Water Release,09/21/1996,Uintah,VERNAL,https://opendata.utah.gov/resource/sce7-b7au.json,https://opendata.utah.gov/resource/sce7-b7au.json?id=2062,archive/sources/deq_2006_2015_records/deq_2006_2015_deq_incident_240.html,True,,False,,verified_local_html_and_opendata
historical_2006_2015,7141,Weatherford International (Null RP Substituted),10/20/2008,Uintah,VERNAL,https://opendata.utah.gov/resource/sce7-b7au.json,https://opendata.utah.gov/resource/sce7-b7au.json?id=7141,archive/sources/deq_2006_2015_records/deq_2006_2015_deq_incident_241.html,True,,False,,verified_local_html_and_opendata
historical_2006_2015,11799,Duchesne County - Treated Injection Water,04/22/2014,Duchesne,MYTON,https://opendata.utah.gov/resource/sce7-b7au.json,https://opendata.utah.gov/resource/sce7-b7au.json?id=11799,archive/sources/deq_2006_2015_records/deq_2006_2015_deq_incident_242.html,True,,False,,verified_local_html_and_opendata
historical_2006_2015,12396,Production Water Release near Ouray,10/11/2015,Uintah,OURAY,https://opendata.utah.gov/resource/sce7-b7au.json,https://opendata.utah.gov/resource/sce7-b7au.json?id=12396,archive/sources/deq_2006_2015_records/deq_2006_2015_deq_incident_246.html,True,,False,,verified_local_html_and_opendata
historical_2006_2015,7138,"Delta Trucking, L.L.C. (Null RP Substituted)",10/06/2008,Uintah,VERNAL,https://opendata.utah.gov/resource/sce7-b7au.json,https://opendata.utah.gov/resource/sce7-b7au.json?id=7138,archive/sources/deq_2006_2015_records/deq_2006_2015_deq_incident_247.html,True,,False,,verified_local_html_and_opendata
historical_2006_2015,11929,Uintah County Acid Spill,08/20/2014,Uintah,VERNAL,https://opendata.utah.gov/resource/sce7-b7au.json,https://opendata.utah.gov/resource/sce7-b7au.json?id=11929,archive/sources/deq_2006_2015_records/deq_2006_2015_deq_incident_252.html,True,,False,,verified_local_html_and_opendata
historical_2006_2015,7098,Simplot Phosphate (Null RP Substituted),09/07/2008,Uintah,VERNAL,https://opendata.utah.gov/resource/sce7-b7au.json,https://opendata.utah.gov/resource/sce7-b7au.json?id=7098,archive/sources/deq_2006_2015_records/deq_2006_2015_deq_incident_255.html,True,,False,,verified_local_html_and_opendata
historical_2006_2015,12351,Duchesne County - Production Water,09/01/2015,Duchesne,BLUEBELL,https://opendata.utah.gov/resource/sce7-b7au.json,https://opendata.utah.gov/resource/sce7-b7au.json?id=12351,archive/sources/deq_2006_2015_records/deq_2006_2015_deq_incident_259.html,True,,False,,verified_local_html_and_opendata
historical_2006_2015,11959,Roosevelt Soil Contamination,09/09/2014,Duchesne,ROOSEVELT,https://opendata.utah.gov/resource/sce7-b7au.json,https://opendata.utah.gov/resource/sce7-b7au.json?id=11959,archive/sources/deq_2006_2015_records/deq_2006_2015_deq_incident_270.html,True,,False,,verified_local_html_and_opendata
historical_2006_2015,12430,Duchesne County - Production Water,11/15/2015,Duchesne,TALMAGE,https://opendata.utah.gov/resource/sce7-b7au.json,https://opendata.utah.gov/resource/sce7-b7au.json?id=12430,archive/sources/deq_2006_2015_records/deq_2006_2015_deq_incident_273.html,True,,False,,verified_local_html_and_opendata
historical_2006_2015,11541,Book Cliffs Pipeline Release,09/09/2013,Duchesne,ROOSEVELT,https://opendata.utah.gov/resource/sce7-b7au.json,https://opendata.utah.gov/resource/sce7-b7au.json?id=11541,archive/sources/deq_2006_2015_records/deq_2006_2015_deq_incident_276.html,True,,False,,verified_local_html_and_opendata
historical_2006_2015,4921,Questar (Null RP Substituted),06/17/2003,Uintah,Vernal,https://opendata.utah.gov/resource/sce7-b7au.json,https://opendata.utah.gov/resource/sce7-b7au.json?id=4921,archive/sources/deq_2006_2015_records/deq_2006_2015_deq_incident_277.html,True,,False,,verified_local_html_and_opendata
historical_2006_2015,12092,Uintah County Crude Oil Spill,02/04/2015,Uintah,RANDLETT,https://opendata.utah.gov/resource/sce7-b7au.json,https://opendata.utah.gov/resource/sce7-b7au.json?id=12092,archive/sources/deq_2006_2015_records/deq_2006_2015_deq_incident_279.html,True,,False,,verified_local_html_and_opendata
historical_2006_2015,12209,Duchesne County - Treated Water Release,05/21/2015,Duchesne,MYTON,https://opendata.utah.gov/resource/sce7-b7au.json,https://opendata.utah.gov/resource/sce7-b7au.json?id=12209,archive/sources/deq_2006_2015_records/deq_2006_2015_deq_incident_281.html,True,,False,,verified_local_html_and_opendata
historical_2006_2015,3637,Warner Enterprises (Null RP Substituted),10/10/2000,Uintah,Vernal,https://opendata.utah.gov/resource/sce7-b7au.json,https://opendata.utah.gov/resource/sce7-b7au.json?id=3637,archive/sources/deq_2006_2015_records/deq_2006_2015_deq_incident_285.html,True,,False,,verified_local_html_and_opendata
historical_2006_2015,12325,Uinta County - Condensate release,05/20/2015,Uintah,OURAY,https://opendata.utah.gov/resource/sce7-b7au.json,https://opendata.utah.gov/resource/sce7-b7au.json?id=12325,archive/sources/deq_2006_2015_records/deq_2006_2015_deq_incident_286.html,True,,False,,verified_local_html_and_opendata
historical_2006_2015,11940,Rabbit Gulch Produced Water Release,08/29/2014,Duchesne,DUCHESNE,https://opendata.utah.gov/resource/sce7-b7au.json,https://opendata.utah.gov/resource/sce7-b7au.json?id=11940,archive/sources/deq_2006_2015_records/deq_2006_2015_deq_incident_288.html,True,,False,,verified_local_html_and_opendata
historical_2006_2015,8558,Chevron Pipeline Co. (Null RP Substituted),06/19/2012,Duchesne,MYTON,https://opendata.utah.gov/resource/sce7-b7au.json,https://opendata.utah.gov/resource/sce7-b7au.json?id=8558,archive/sources/deq_2006_2015_records/deq_2006_2015_deq_incident_296.html,True,,False,,verified_local_html_and_opendata
historical_2006_2015,8062,Rocky Mountain Power (Null RP Substituted),02/22/2011,Uintah,VERNAL,https://opendata.utah.gov/resource/sce7-b7au.json,https://opendata.utah.gov/resource/sce7-b7au.json?id=8062,archive/sources/deq_2006_2015_records/deq_2006_2015_deq_incident_297.html,True,,False,,verified_local_html_and_opendata
historical_2006_2015,6545,West Wing Oil (Null RP Substituted),06/24/2007,Uintah,Vernal,https://opendata.utah.gov/resource/sce7-b7au.json,https://opendata.utah.gov/resource/sce7-b7au.json?id=6545,archive/sources/deq_2006_2015_records/deq_2006_2015_deq_incident_301.html,True,,False,,verified_local_html_and_opendata
historical_2006_2015,8116,Uintah High School (Null RP Substituted),04/01/2011,Uintah,VERNAL,https://opendata.utah.gov/resource/sce7-b7au.json,https://opendata.utah.gov/resource/sce7-b7au.json?id=8116,archive/sources/deq_2006_2015_records/deq_2006_2015_deq_incident_303.html,True,,False,,verified_local_html_and_opendata
historical_2006_2015,12452,Savage crude oil/diesel,11/28/2015,Duchesne,MYTON,https://opendata.utah.gov/resource/sce7-b7au.json,https://opendata.utah.gov/resource/sce7-b7au.json?id=12452,archive/sources/deq_2006_2015_records/deq_2006_2015_deq_incident_304.html,True,,False,,verified_local_html_and_opendata
historical_2006_2015,12081,Duchesne County - Injection Water Release,01/21/2015,Duchesne,MYTON,https://opendata.utah.gov/resource/sce7-b7au.json,https://opendata.utah.gov/resource/sce7-b7au.json?id=12081,archive/sources/deq_2006_2015_records/deq_2006_2015_deq_incident_306.html,True,,False,,verified_local_html_and_opendata
historical_2006_2015,12463,EP Energy Production Water,10/26/2015,Duchesne,CEDARVIEW,https://opendata.utah.gov/resource/sce7-b7au.json,https://opendata.utah.gov/resource/sce7-b7au.json?id=12463,archive/sources/deq_2006_2015_records/deq_2006_2015_deq_incident_308.html,True,,False,,verified_local_html_and_opendata
historical_2006_2015,11780,Myton - Newfield Collection Line  Release,04/10/2014,Duchesne,MYTON,https://opendata.utah.gov/resource/sce7-b7au.json,https://opendata.utah.gov/resource/sce7-b7au.json?id=11780,archive/sources/deq_2006_2015_records/deq_2006_2015_deq_incident_309.html,True,,False,,verified_local_html_and_opendata
historical_2006_2015,8346,Elpaso Energy (Null RP Substituted),11/04/2011,Duchesne,ALTAMONT,https://opendata.utah.gov/resource/sce7-b7au.json,https://opendata.utah.gov/resource/sce7-b7au.json?id=8346,archive/sources/deq_2006_2015_records/deq_2006_2015_deq_incident_310.html,True,,False,,verified_local_html_and_opendata
historical_2006_2015,8691,QEP Energy (Null RP Substituted),11/07/2012,Uintah,OURAY,https://opendata.utah.gov/resource/sce7-b7au.json,https://opendata.utah.gov/resource/sce7-b7au.json?id=8691,archive/sources/deq_2006_2015_records/deq_2006_2015_deq_incident_313.html,True,,False,,verified_local_html_and_opendata
historical_2006_2015,6358,Kent Hadlock and Dennis Judd (Null RP Substituted),01/26/2007,Uintah,Vernal,https://opendata.utah.gov/resource/sce7-b7au.json,https://opendata.utah.gov/resource/sce7-b7au.json?id=6358,archive/sources/deq_2006_2015_records/deq_2006_2015_deq_incident_315.html,True,,False,,verified_local_html_and_opendata
historical_2006_2015,12000,Vernal - Hydraulic oil spill,10/12/2014,Uintah,VERNAL,https://opendata.utah.gov/resource/sce7-b7au.json,https://opendata.utah.gov/resource/sce7-b7au.json?id=12000,archive/sources/deq_2006_2015_records/deq_2006_2015_deq_incident_316.html,True,,False,,verified_local_html_and_opendata
historical_2006_2015,7262,Western Petroleum (Null RP Substituted),01/16/2009,Uintah,Vernal,https://opendata.utah.gov/resource/sce7-b7au.json,https://opendata.utah.gov/resource/sce7-b7au.json?id=7262,archive/sources/deq_2006_2015_records/deq_2006_2015_deq_incident_318.html,True,,False,,verified_local_html_and_opendata
historical_2006_2015,7478,Unknown (Null RP Substituted),07/23/2009,Uintah,Vernal,https://opendata.utah.gov/resource/sce7-b7au.json,https://opendata.utah.gov/resource/sce7-b7au.json?id=7478,archive/sources/deq_2006_2015_records/deq_2006_2015_deq_incident_324.html,True,,False,,verified_local_html_and_opendata
historical_2006_2015,12472,Duchesne County - Treated Injection Water,12/24/2015,Duchesne,MYTON,https://opendata.utah.gov/resource/sce7-b7au.json,https://opendata.utah.gov/resource/sce7-b7au.json?id=12472,archive/sources/deq_2006_2015_records/deq_2006_2015_deq_incident_326.html,True,,False,,verified_local_html_and_opendata
historical_2006_2015,12420,Newfield - Treated Injection Water,11/06/2015,Duchesne,MYTON,https://opendata.utah.gov/resource/sce7-b7au.json,https://opendata.utah.gov/resource/sce7-b7au.json?id=12420,archive/sources/deq_2006_2015_records/deq_2006_2015_deq_incident_332.html,True,,False,,verified_local_html_and_opendata
historical_2006_2015,6990,Outback Rentals (Tim Crow) (Null RP Substituted),06/24/2008,Uintah,VERNAL,https://opendata.utah.gov/resource/sce7-b7au.json,https://opendata.utah.gov/resource/sce7-b7au.json?id=6990,archive/sources/deq_2006_2015_records/deq_2006_2015_deq_incident_334.html,True,,False,,verified_local_html_and_opendata
historical_2006_2015,3574,Ned Mitchell Construction Company (Null RP Substituted),08/17/2000,Uintah,Vernal,https://opendata.utah.gov/resource/sce7-b7au.json,https://opendata.utah.gov/resource/sce7-b7au.json?id=3574,archive/sources/deq_2006_2015_records/deq_2006_2015_deq_incident_347.html,True,,False,,verified_local_html_and_opendata
historical_2006_2015,11518,Production Water Spill,08/22/2013,Duchesne,DUCHESNE,https://opendata.utah.gov/resource/sce7-b7au.json,https://opendata.utah.gov/resource/sce7-b7au.json?id=11518,archive/sources/deq_2006_2015_records/deq_2006_2015_deq_incident_361.html,True,,False,,verified_local_html_and_opendata
historical_2006_2015,12117,Produced Water Spill Near Myton,02/23/2015,Duchesne,MYTON,https://opendata.utah.gov/resource/sce7-b7au.json,https://opendata.utah.gov/resource/sce7-b7au.json?id=12117,archive/sources/deq_2006_2015_records/deq_2006_2015_deq_incident_364.html,True,,False,,verified_local_html_and_opendata
historical_2006_2015,11866,Potential Crude Oil Release,06/30/2014,Duchesne,ROOSEVELT,https://opendata.utah.gov/resource/sce7-b7au.json,https://opendata.utah.gov/resource/sce7-b7au.json?id=11866,archive/sources/deq_2006_2015_records/deq_2006_2015_deq_incident_366.html,True,,False,,verified_local_html_and_opendata
historical_2006_2015,11778,Duchesne County Production Water Release,04/07/2014,Duchesne,ROOSEVELT,https://opendata.utah.gov/resource/sce7-b7au.json,https://opendata.utah.gov/resource/sce7-b7au.json?id=11778,archive/sources/deq_2006_2015_records/deq_2006_2015_deq_incident_367.html,True,,False,,verified_local_html_and_opendata
historical_2006_2015,8371,Unknown (Null RP Substituted),12/08/2011,Duchesne,DUCHESNE,https://opendata.utah.gov/resource/sce7-b7au.json,https://opendata.utah.gov/resource/sce7-b7au.json?id=8371,archive/sources/deq_2006_2015_records/deq_2006_2015_deq_incident_368.html,True,,False,,verified_local_html_and_opendata
historical_2006_2015,11979,Duchesne Co - Raw Sewage,09/25/2014,Duchesne,MYTON,https://opendata.utah.gov/resource/sce7-b7au.json,https://opendata.utah.gov/resource/sce7-b7au.json?id=11979,archive/sources/deq_2006_2015_records/deq_2006_2015_deq_incident_378.html,True,,False,,verified_local_html_and_opendata
historical_2006_2015,12271,EP Energy 80 bbl production water,07/16/2015,Duchesne,ALTAMONT,https://opendata.utah.gov/resource/sce7-b7au.json,https://opendata.utah.gov/resource/sce7-b7au.json?id=12271,archive/sources/deq_2006_2015_records/deq_2006_2015_deq_incident_387.html,True,,False,,verified_local_html_and_opendata
historical_2006_2015,11706,Duchesne County Produced Water Spill,02/06/2014,Duchesne,MYTON,https://opendata.utah.gov/resource/sce7-b7au.json,https://opendata.utah.gov/resource/sce7-b7au.json?id=11706,archive/sources/deq_2006_2015_records/deq_2006_2015_deq_incident_396.html,True,,False,,verified_local_html_and_opendata
historical_2006_2015,7247,Western Petroleum (Null RP Substituted),01/16/2009,Uintah,Vernal,https://opendata.utah.gov/resource/sce7-b7au.json,https://opendata.utah.gov/resource/sce7-b7au.json?id=7247,archive/sources/deq_2006_2015_records/deq_2006_2015_deq_incident_399.html,True,,False,,verified_local_html_and_opendata
historical_2006_2015,8403,Howell Trucking (Null RP Substituted),01/24/2012,Duchesne,DUCHESNE,https://opendata.utah.gov/resource/sce7-b7au.json,https://opendata.utah.gov/resource/sce7-b7au.json?id=8403,archive/sources/deq_2006_2015_records/deq_2006_2015_deq_incident_401.html,True,,False,,verified_local_html_and_opendata
historical_2006_2015,11774,Production Water Spill,03/31/2014,Duchesne,DUCHESNE,https://opendata.utah.gov/resource/sce7-b7au.json,https://opendata.utah.gov/resource/sce7-b7au.json?id=11774,archive/sources/deq_2006_2015_records/deq_2006_2015_deq_incident_408.html,True,,False,,verified_local_html_and_opendata
historical_2006_2015,11519,80 Barrel Injection Water Release,08/27/2013,Duchesne,MYTON,https://opendata.utah.gov/resource/sce7-b7au.json,https://opendata.utah.gov/resource/sce7-b7au.json?id=11519,archive/sources/deq_2006_2015_records/deq_2006_2015_deq_incident_410.html,True,,False,,verified_local_html_and_opendata
historical_2006_2015,12239,Myton - Newfield Injection Water,06/18/2015,Duchesne,MYTON,https://opendata.utah.gov/resource/sce7-b7au.json,https://opendata.utah.gov/resource/sce7-b7au.json?id=12239,archive/sources/deq_2006_2015_records/deq_2006_2015_deq_incident_411.html,True,,False,,verified_local_html_and_opendata
historical_2006_2015,11691,Produced water release near Myton,01/23/2014,Duchesne,MYTON,https://opendata.utah.gov/resource/sce7-b7au.json,https://opendata.utah.gov/resource/sce7-b7au.json?id=11691,archive/sources/deq_2006_2015_records/deq_2006_2015_deq_incident_412.html,True,,False,,verified_local_html_and_opendata
historical_2006_2015,12459,Foundation Energy Management - Uintah - Crude Oil,12/08/2015,Uintah,OURAY,https://opendata.utah.gov/resource/sce7-b7au.json,https://opendata.utah.gov/resource/sce7-b7au.json?id=12459,archive/sources/deq_2006_2015_records/deq_2006_2015_deq_incident_413.html,True,,False,,verified_local_html_and_opendata
historical_2006_2015,12205,Condensate Spill near Myton,05/20/2015,Duchesne,MYTON,https://opendata.utah.gov/resource/sce7-b7au.json,https://opendata.utah.gov/resource/sce7-b7au.json?id=12205,archive/sources/deq_2006_2015_records/deq_2006_2015_deq_incident_415.html,True,,False,,verified_local_html_and_opendata
historical_2006_2015,8064,Savage Suites Trucking (Null RP Substituted),02/22/2011,Duchesne,MYTON,https://opendata.utah.gov/resource/sce7-b7au.json,https://opendata.utah.gov/resource/sce7-b7au.json?id=8064,archive/sources/deq_2006_2015_records/deq_2006_2015_deq_incident_416.html,True,,False,,verified_local_html_and_opendata
historical_2006_2015,11460,Hydraulic Fluid Spill,07/11/2013,Uintah,VERNAL,https://opendata.utah.gov/resource/sce7-b7au.json,https://opendata.utah.gov/resource/sce7-b7au.json?id=11460,archive/sources/deq_2006_2015_records/deq_2006_2015_deq_incident_417.html,True,,False,,verified_local_html_and_opendata
historical_2006_2015,12379,Duchesne County - Process Breakdown,09/25/2015,Duchesne,ROOSEVELT,https://opendata.utah.gov/resource/sce7-b7au.json,https://opendata.utah.gov/resource/sce7-b7au.json?id=12379,archive/sources/deq_2006_2015_records/deq_2006_2015_deq_incident_424.html,True,,False,,verified_local_html_and_opendata
historical_2006_2015,11542,Pipeline leak in Book Cliffs,09/09/2013,Duchesne,DUCHESNE,https://opendata.utah.gov/resource/sce7-b7au.json,https://opendata.utah.gov/resource/sce7-b7au.json?id=11542,archive/sources/deq_2006_2015_records/deq_2006_2015_deq_incident_425.html,True,,False,,verified_local_html_and_opendata
historical_2006_2015,8413,CGGVeritas (Null RP Substituted),11/16/2011,Duchesne,ROOSEVELT,https://opendata.utah.gov/resource/sce7-b7au.json,https://opendata.utah.gov/resource/sce7-b7au.json?id=8413,archive/sources/deq_2006_2015_records/deq_2006_2015_deq_incident_427.html,True,,False,,verified_local_html_and_opendata
historical_2006_2015,8030,El Paso E&P Company (Null RP Substituted),01/19/2011,Duchesne,ROOSEVELT,https://opendata.utah.gov/resource/sce7-b7au.json,https://opendata.utah.gov/resource/sce7-b7au.json?id=8030,archive/sources/deq_2006_2015_records/deq_2006_2015_deq_incident_461.html,True,,False,,verified_local_html_and_opendata
historical_2006_2015,8392,Anadarko Petroleum Corp. (Null RP Substituted),01/01/2012,Uintah,VERNAL,https://opendata.utah.gov/resource/sce7-b7au.json,https://opendata.utah.gov/resource/sce7-b7au.json?id=8392,archive/sources/deq_2006_2015_records/deq_2006_2015_deq_incident_465.html,True,,False,,verified_local_html_and_opendata
historical_2006_2015,11555,Injection water spill in Duchesne County,09/19/2013,Duchesne,MYTON,https://opendata.utah.gov/resource/sce7-b7au.json,https://opendata.utah.gov/resource/sce7-b7au.json?id=11555,archive/sources/deq_2006_2015_records/deq_2006_2015_deq_incident_466.html,True,,False,,verified_local_html_and_opendata
historical_2006_2015,12282,Myton - Injection water spill,07/28/2015,Duchesne,MYTON,https://opendata.utah.gov/resource/sce7-b7au.json,https://opendata.utah.gov/resource/sce7-b7au.json?id=12282,archive/sources/deq_2006_2015_records/deq_2006_2015_deq_incident_469.html,True,,False,,verified_local_html_and_opendata
historical_2006_2015,12283,Myton - Fresh water spill,07/28/2015,Duchesne,MYTON,https://opendata.utah.gov/resource/sce7-b7au.json,https://opendata.utah.gov/resource/sce7-b7au.json?id=12283,archive/sources/deq_2006_2015_records/deq_2006_2015_deq_incident_470.html,True,,False,,verified_local_html_and_opendata
historical_2006_2015,7327,Rosewood Resources (Null RP Substituted),03/17/2009,Uintah,Vernal,https://opendata.utah.gov/resource/sce7-b7au.json,https://opendata.utah.gov/resource/sce7-b7au.json?id=7327,archive/sources/deq_2006_2015_records/deq_2006_2015_deq_incident_474.html,True,,False,,verified_local_html_and_opendata
historical_2006_2015,11765,Vernal Production Water Release,03/24/2014,Uintah,VERNAL,https://opendata.utah.gov/resource/sce7-b7au.json,https://opendata.utah.gov/resource/sce7-b7au.json?id=11765,archive/sources/deq_2006_2015_records/deq_2006_2015_deq_incident_475.html,True,,False,,verified_local_html_and_opendata
historical_2006_2015,11520,Injection Water Release,08/28/2013,Duchesne,MYTON,https://opendata.utah.gov/resource/sce7-b7au.json,https://opendata.utah.gov/resource/sce7-b7au.json?id=11520,archive/sources/deq_2006_2015_records/deq_2006_2015_deq_incident_476.html,True,,False,,verified_local_html_and_opendata
historical_2006_2015,11599,EP Energy - 1500 bbls Production Water,10/26/2013,Duchesne,TALMAGE,https://opendata.utah.gov/resource/sce7-b7au.json,https://opendata.utah.gov/resource/sce7-b7au.json?id=11599,archive/sources/deq_2006_2015_records/deq_2006_2015_deq_incident_477.html,True,,False,,verified_local_html_and_opendata
historical_2006_2015,8668,Production Water Release - Monarch,10/20/2012,Duchesne,MONARCH,https://opendata.utah.gov/resource/sce7-b7au.json,https://opendata.utah.gov/resource/sce7-b7au.json?id=8668,archive/sources/deq_2006_2015_records/deq_2006_2015_deq_incident_478.html,True,,False,,verified_local_html_and_opendata
historical_2006_2015,11714,Vernal - Hydrochloric acid spill,02/14/2014,Uintah,VERNAL,https://opendata.utah.gov/resource/sce7-b7au.json,https://opendata.utah.gov/resource/sce7-b7au.json?id=11714,archive/sources/deq_2006_2015_records/deq_2006_2015_deq_incident_479.html,True,,False,,verified_local_html_and_opendata
historical_2006_2015,11620,Duchesene County Treated Production Water Release,11/16/2013,Duchesne,MYTON,https://opendata.utah.gov/resource/sce7-b7au.json,https://opendata.utah.gov/resource/sce7-b7au.json?id=11620,archive/sources/deq_2006_2015_records/deq_2006_2015_deq_incident_481.html,True,,False,,verified_local_html_and_opendata
historical_2006_2015,11772,Roosevelt Stockwater Release,03/29/2014,Duchesne,ROOSEVELT,https://opendata.utah.gov/resource/sce7-b7au.json,https://opendata.utah.gov/resource/sce7-b7au.json?id=11772,archive/sources/deq_2006_2015_records/deq_2006_2015_deq_incident_482.html,True,,False,,verified_local_html_and_opendata
historical_2006_2015,11787,Duchesne County Diesel Release,04/16/2014,Duchesne,MYTON,https://opendata.utah.gov/resource/sce7-b7au.json,https://opendata.utah.gov/resource/sce7-b7au.json?id=11787,archive/sources/deq_2006_2015_records/deq_2006_2015_deq_incident_483.html,True,,False,,verified_local_html_and_opendata
historical_2006_2015,11975,"Vernal - Release of ""OB Breaker""",09/22/2014,Uintah,VERNAL,https://opendata.utah.gov/resource/sce7-b7au.json,https://opendata.utah.gov/resource/sce7-b7au.json?id=11975,archive/sources/deq_2006_2015_records/deq_2006_2015_deq_incident_484.html,True,,False,,verified_local_html_and_opendata
historical_2006_2015,11915,Duchesne County - Production Water Spill,08/05/2014,Duchesne,MYTON,https://opendata.utah.gov/resource/sce7-b7au.json,https://opendata.utah.gov/resource/sce7-b7au.json?id=11915,archive/sources/deq_2006_2015_records/deq_2006_2015_deq_incident_485.html,True,,False,,verified_local_html_and_opendata
historical_2006_2015,11547,Ethylene Glycol Release,09/14/2013,Duchesne,MYTON,https://opendata.utah.gov/resource/sce7-b7au.json,https://opendata.utah.gov/resource/sce7-b7au.json?id=11547,archive/sources/deq_2006_2015_records/deq_2006_2015_deq_incident_488.html,True,,False,,verified_local_html_and_opendata
historical_2006_2015,11899,Duchesne Diesel Release,07/23/2014,Duchesne,DUCHESNE,https://opendata.utah.gov/resource/sce7-b7au.json,https://opendata.utah.gov/resource/sce7-b7au.json?id=11899,archive/sources/deq_2006_2015_records/deq_2006_2015_deq_incident_491.html,True,,False,,verified_local_html_and_opendata
historical_2006_2015,11756,Uintah Co - Diesel Spill 50 Gallons,03/12/2014,Uintah,VERNAL,https://opendata.utah.gov/resource/sce7-b7au.json,https://opendata.utah.gov/resource/sce7-b7au.json?id=11756,archive/sources/deq_2006_2015_records/deq_2006_2015_deq_incident_498.html,True,,False,,verified_local_html_and_opendata
historical_2006_2015,8745,Western Petroleum (Joey Cupp) (Null RP Substituted),01/26/2013,Duchesne,Roosevelt,https://opendata.utah.gov/resource/sce7-b7au.json,https://opendata.utah.gov/resource/sce7-b7au.json?id=8745,archive/sources/deq_2006_2015_records/deq_2006_2015_deq_incident_499.html,True,,False,,verified_local_html_and_opendata
historical_2006_2015,11764,Roosevelt ITL Production Water Dumping.,03/15/2014,Duchesne,ROOSEVELT,https://opendata.utah.gov/resource/sce7-b7au.json,https://opendata.utah.gov/resource/sce7-b7au.json?id=11764,archive/sources/deq_2006_2015_records/deq_2006_2015_deq_incident_500.html,True,,False,,verified_local_html_and_opendata
historical_2006_2015,12168,Uintah County/sump sludge,04/07/2015,Uintah,MAESER,https://opendata.utah.gov/resource/sce7-b7au.json,https://opendata.utah.gov/resource/sce7-b7au.json?id=12168,archive/sources/deq_2006_2015_records/deq_2006_2015_deq_incident_501.html,True,,False,,verified_local_html_and_opendata
historical_2006_2015,11426,Used Engine Gear Oil Spill,07/01/2013,Uintah,VERNAL,https://opendata.utah.gov/resource/sce7-b7au.json,https://opendata.utah.gov/resource/sce7-b7au.json?id=11426,archive/sources/deq_2006_2015_records/deq_2006_2015_deq_incident_502.html,True,,False,,verified_local_html_and_opendata
historical_2006_2015,11602,Roosevelt - Condensate release,10/26/2013,Uintah,BONANZA,https://opendata.utah.gov/resource/sce7-b7au.json,https://opendata.utah.gov/resource/sce7-b7au.json?id=11602,archive/sources/deq_2006_2015_records/deq_2006_2015_deq_incident_505.html,True,,False,,verified_local_html_and_opendata
historical_2006_2015,8575,Levi Smuin (Null RP Substituted),07/03/2012,Uintah,VERNAL,https://opendata.utah.gov/resource/sce7-b7au.json,https://opendata.utah.gov/resource/sce7-b7au.json?id=8575,archive/sources/deq_2006_2015_records/deq_2006_2015_deq_incident_510.html,True,,False,,verified_local_html_and_opendata
historical_2006_2015,8118,Western Petroleum (Null RP Substituted),04/03/2011,Duchesne,MYTON,https://opendata.utah.gov/resource/sce7-b7au.json,https://opendata.utah.gov/resource/sce7-b7au.json?id=8118,archive/sources/deq_2006_2015_records/deq_2006_2015_deq_incident_511.html,True,,False,,verified_local_html_and_opendata
historical_2006_2015,12182,Natural Gas Release - Uintah Co.,04/18/2015,Uintah,UINTAH,https://opendata.utah.gov/resource/sce7-b7au.json,https://opendata.utah.gov/resource/sce7-b7au.json?id=12182,archive/sources/deq_2006_2015_records/deq_2006_2015_deq_incident_512.html,True,,False,,verified_local_html_and_opendata
historical_2006_2015,11707,Uintah County Production Water Spill,02/07/2014,Duchesne,MYTON,https://opendata.utah.gov/resource/sce7-b7au.json,https://opendata.utah.gov/resource/sce7-b7au.json?id=11707,archive/sources/deq_2006_2015_records/deq_2006_2015_deq_incident_513.html,True,,False,,verified_local_html_and_opendata
historical_2006_2015,12340,Duchesne County - Treated Injection Water Release,08/30/2015,Duchesne,MYTON,https://opendata.utah.gov/resource/sce7-b7au.json,https://opendata.utah.gov/resource/sce7-b7au.json?id=12340,archive/sources/deq_2006_2015_records/deq_2006_2015_deq_incident_515.html,True,,False,,verified_local_html_and_opendata
historical_2006_2015,11699,Duchesne Co - Diesel 30 Gallons,02/10/2014,Duchesne,HANNA,https://opendata.utah.gov/resource/sce7-b7au.json,https://opendata.utah.gov/resource/sce7-b7au.json?id=11699,archive/sources/deq_2006_2015_records/deq_2006_2015_deq_incident_516.html,True,,False,,verified_local_html_and_opendata
historical_2006_2015,12318,Duchesne Co - Treated Injection Water,08/14/2015,Duchesne,MYTON,https://opendata.utah.gov/resource/sce7-b7au.json,https://opendata.utah.gov/resource/sce7-b7au.json?id=12318,archive/sources/deq_2006_2015_records/deq_2006_2015_deq_incident_517.html,True,,False,,verified_local_html_and_opendata
historical_2006_2015,8726,Newton Gas (Null RP Substituted),12/31/2012,Duchesne,MYTON,https://opendata.utah.gov/resource/sce7-b7au.json,https://opendata.utah.gov/resource/sce7-b7au.json?id=8726,archive/sources/deq_2006_2015_records/deq_2006_2015_deq_incident_518.html,True,,False,,verified_local_html_and_opendata
historical_2006_2015,6463,Kerr-McGee (c/o haul Contractor to be determined) (Null RP Substituted),04/25/2007,Uintah,VERNAL,https://opendata.utah.gov/resource/sce7-b7au.json,https://opendata.utah.gov/resource/sce7-b7au.json?id=6463,archive/sources/deq_2006_2015_records/deq_2006_2015_deq_incident_519.html,True,,False,,verified_local_html_and_opendata
historical_2006_2015,11781,Duchesne Co - Treated Injection Water,04/11/2014,Duchesne,MYTON,https://opendata.utah.gov/resource/sce7-b7au.json,https://opendata.utah.gov/resource/sce7-b7au.json?id=11781,archive/sources/deq_2006_2015_records/deq_2006_2015_deq_incident_520.html,True,,False,,verified_local_html_and_opendata
historical_2006_2015,8854,Rosevelt Top Stop Release,05/28/2013,Duchesne,ROOSEVELT,https://opendata.utah.gov/resource/sce7-b7au.json,https://opendata.utah.gov/resource/sce7-b7au.json?id=8854,archive/sources/deq_2006_2015_records/deq_2006_2015_deq_incident_523.html,True,,False,,verified_local_html_and_opendata
historical_2006_2015,6120,Utah Power & Light (Null RP Substituted),07/05/2006,Uintah,Vernal,https://opendata.utah.gov/resource/sce7-b7au.json,https://opendata.utah.gov/resource/sce7-b7au.json?id=6120,archive/sources/deq_2006_2015_records/deq_2006_2015_deq_incident_524.html,True,,False,,verified_local_html_and_opendata
basin_2016_present,13059,Tri-County - Newfield treated injection water,07/14/2017,DUCHESNE,MYTON,https://opendata.utah.gov/resource/sce7-b7au.json?id=13059,https://opendata.utah.gov/resource/sce7-b7au.json?id=13059,archive/sources/deq_2016_2019_records/deq_2016_2019_13059.html,True,,False,,verified_local_html_and_opendata
basin_2016_present,12285,Treated Injection Water - Newfield - Myton,07/29/2015,DUCHESNE,MYTON,https://opendata.utah.gov/resource/sce7-b7au.json?id=12285,https://opendata.utah.gov/resource/sce7-b7au.json?id=12285,archive/sources/deq_2006_2015_records/deq_2006_2015_deq_incident_2.html,True,,False,,verified_local_html_and_opendata
basin_2016_present,12446,QEP Injection well,11/14/2015,UINTAH,VERNAL,https://opendata.utah.gov/resource/sce7-b7au.json?id=12446,https://opendata.utah.gov/resource/sce7-b7au.json?id=12446,archive/sources/deq_2006_2015_records/deq_2006_2015_deq_incident_3.html,True,,False,,verified_local_html_and_opendata
basin_2016_present,12795,Duchesne Treated Injection Water Release,10/13/2016,DUCHESNE,MYTON,https://opendata.utah.gov/resource/sce7-b7au.json?id=12795,https://opendata.utah.gov/resource/sce7-b7au.json?id=12795,archive/sources/deq_2016_2019_records/deq_2016_2019_12795.html,True,,False,,verified_local_html_and_opendata
basin_2016_present,11965,Duchesne H2S Release,09/08/2014,DUCHESNE,DUCHESNE,https://opendata.utah.gov/resource/sce7-b7au.json?id=11965,https://opendata.utah.gov/resource/sce7-b7au.json?id=11965,archive/sources/deq_2006_2015_records/deq_2006_2015_deq_incident_5.html,True,,False,,verified_local_html_and_opendata
basin_2016_present,11763,Duchesne Co - Crude Oil - 60 bbls,03/18/2014,DUCHESNE,DUCHESNE,https://opendata.utah.gov/resource/sce7-b7au.json?id=11763,https://opendata.utah.gov/resource/sce7-b7au.json?id=11763,archive/sources/deq_2006_2015_records/deq_2006_2015_deq_incident_6.html,True,,False,,verified_local_html_and_opendata
basin_2016_present,12770,Vernal mercury,09/24/2016,UINTAH,VERNAL,https://opendata.utah.gov/resource/sce7-b7au.json?id=12770,https://opendata.utah.gov/resource/sce7-b7au.json?id=12770,archive/sources/deq_2016_2019_records/deq_2016_2019_12770.html,True,,False,,verified_local_html_and_opendata
basin_2016_present,13213,Vernal - Hydraulic oil leak,11/17/2017,UINTAH,VERNAL,https://opendata.utah.gov/resource/sce7-b7au.json?id=13213,https://opendata.utah.gov/resource/sce7-b7au.json?id=13213,archive/sources/deq_2016_2019_records/deq_2016_2019_13213.html,True,,False,,verified_local_html_and_opendata
basin_2016_present,13200,38 Barrel Injection Water Release near Myton,10/30/2017,DUCHESNE,MYTON,https://opendata.utah.gov/resource/sce7-b7au.json?id=13200,https://opendata.utah.gov/resource/sce7-b7au.json?id=13200,archive/sources/deq_2016_2019_records/deq_2016_2019_13200.html,True,,False,,verified_local_html_and_opendata
basin_2016_present,11967,Roosevelt City Airport - Fuel Release,09/17/2014,DUCHESNE,ROOSEVELT,https://opendata.utah.gov/resource/sce7-b7au.json?id=11967,https://opendata.utah.gov/resource/sce7-b7au.json?id=11967,archive/sources/deq_2006_2015_records/deq_2006_2015_deq_incident_10.html,True,,False,,verified_local_html_and_opendata
basin_2016_present,12105,Newfield Water release,02/14/2015,DUCHESNE,MYTON,https://opendata.utah.gov/resource/sce7-b7au.json?id=12105,https://opendata.utah.gov/resource/sce7-b7au.json?id=12105,archive/sources/deq_2006_2015_records/deq_2006_2015_deq_incident_11.html,True,,False,,verified_local_html_and_opendata
basin_2016_present,11716,Duchesne Co. - Two injection water spills,02/16/2014,DUCHESNE,MYTON,https://opendata.utah.gov/resource/sce7-b7au.json?id=11716,https://opendata.utah.gov/resource/sce7-b7au.json?id=11716,archive/sources/deq_2006_2015_records/deq_2006_2015_deq_incident_12.html,True,,False,,verified_local_html_and_opendata
basin_2016_present,12699,Tri County - Production water release,07/26/2016,UINTAH,VERNAL,https://opendata.utah.gov/resource/sce7-b7au.json?id=12699,https://opendata.utah.gov/resource/sce7-b7au.json?id=12699,archive/sources/deq_2016_2019_records/deq_2016_2019_12699.html,True,,False,,verified_local_html_and_opendata
basin_2016_present,11575,Corrosion Inhibitor Spill,10/04/2013,UINTAH,VERNAL,https://opendata.utah.gov/resource/sce7-b7au.json?id=11575,https://opendata.utah.gov/resource/sce7-b7au.json?id=11575,archive/sources/deq_2006_2015_records/deq_2006_2015_deq_incident_14.html,True,,False,,verified_local_html_and_opendata
basin_2016_present,13580,Duchesne County Gycol Leak,08/19/2018,DUCHESNE,DUCHESNE,https://opendata.utah.gov/resource/sce7-b7au.json?id=13580,https://opendata.utah.gov/resource/sce7-b7au.json?id=13580,archive/sources/deq_2016_2019_records/deq_2016_2019_13580.html,True,,False,,verified_local_html_and_opendata
basin_2016_present,13247,Uintah - Dumping Limestone,12/12/2017,UINTAH,VERNAL,https://opendata.utah.gov/resource/sce7-b7au.json?id=13247,https://opendata.utah.gov/resource/sce7-b7au.json?id=13247,archive/sources/deq_2016_2019_records/deq_2016_2019_13247.html,True,,False,,verified_local_html_and_opendata
basin_2016_present,12008,Produced water spill near Myton,10/24/2014,DUCHESNE,MYTON,https://opendata.utah.gov/resource/sce7-b7au.json?id=12008,https://opendata.utah.gov/resource/sce7-b7au.json?id=12008,archive/sources/deq_2006_2015_records/deq_2006_2015_deq_incident_17.html,True,,False,,verified_local_html_and_opendata
basin_2016_present,12234,Simplot Phosphate Diesel Spill Uintah County,06/16/2015,UINTAH,VERNAL,https://opendata.utah.gov/resource/sce7-b7au.json?id=12234,https://opendata.utah.gov/resource/sce7-b7au.json?id=12234,archive/sources/deq_2006_2015_records/deq_2006_2015_deq_incident_18.html,True,,False,,verified_local_html_and_opendata
basin_2016_present,12878,Duchesne County - Flash Fire,01/21/2017,DUCHESNE,DUCHESNE,https://opendata.utah.gov/resource/sce7-b7au.json?id=12878,https://opendata.utah.gov/resource/sce7-b7au.json?id=12878,archive/sources/deq_2016_2019_records/deq_2016_2019_12878.html,True,,False,,verified_local_html_and_opendata
basin_2016_present,14376,Crude Oil Spill - Duchesne,04/18/2020,DUCHESNE,DUCHESNE,https://opendata.utah.gov/resource/sce7-b7au.json?id=14376,https://opendata.utah.gov/resource/sce7-b7au.json?id=14376,,False,archive/sources/deq_2020_2024_pdfs/4123124_Report_14376.pdf,True,,verified_local_pdf
basin_2016_present,14384,Duschene County Produced Water Release,04/25/2020,DUCHESNE,ROOSEVELT,https://opendata.utah.gov/resource/sce7-b7au.json?id=14384,https://opendata.utah.gov/resource/sce7-b7au.json?id=14384,,False,archive/sources/deq_2020_2024_pdfs/4123124_Report_14384.pdf,True,,verified_local_pdf
basin_2016_present,11608,Myton Lift Station Release,09/16/2013,DUCHESNE,MYTON,https://opendata.utah.gov/resource/sce7-b7au.json?id=11608,https://opendata.utah.gov/resource/sce7-b7au.json?id=11608,archive/sources/deq_2006_2015_records/deq_2006_2015_deq_incident_22.html,True,,False,,verified_local_html_and_opendata
basin_2016_present,12756,Injection water spill near Myton,09/21/2016,DUCHESNE,MYTON,https://opendata.utah.gov/resource/sce7-b7au.json?id=12756,https://opendata.utah.gov/resource/sce7-b7au.json?id=12756,archive/sources/deq_2016_2019_records/deq_2016_2019_12756.html,True,,False,,verified_local_html_and_opendata
basin_2016_present,13613,Produced water release near Bonanza,09/13/2018,UINTAH,BONANZA,https://opendata.utah.gov/resource/sce7-b7au.json?id=13613,https://opendata.utah.gov/resource/sce7-b7au.json?id=13613,archive/sources/deq_2016_2019_records/deq_2016_2019_13613.html,True,,False,,verified_local_html_and_opendata
basin_2016_present,11872,Production Water Spill,07/02/2014,DUCHESNE,ALTAMONT,https://opendata.utah.gov/resource/sce7-b7au.json?id=11872,https://opendata.utah.gov/resource/sce7-b7au.json?id=11872,archive/sources/deq_2006_2015_records/deq_2006_2015_deq_incident_25.html,True,,False,,verified_local_html_and_opendata
basin_2016_present,11451,Hydrochloric Acid 28% Mix at Commercial Yard,07/04/2013,UINTAH,VERNAL,https://opendata.utah.gov/resource/sce7-b7au.json?id=11451,https://opendata.utah.gov/resource/sce7-b7au.json?id=11451,archive/sources/deq_2006_2015_records/deq_2006_2015_deq_incident_26.html,True,,False,,verified_local_html_and_opendata
basin_2016_present,13006,Myton - Injection water release,05/29/2017,DUCHESNE,MYTON,https://opendata.utah.gov/resource/sce7-b7au.json?id=13006,https://opendata.utah.gov/resource/sce7-b7au.json?id=13006,archive/sources/deq_2016_2019_records/deq_2016_2019_13006.html,True,,False,,verified_local_html_and_opendata
basin_2016_present,13792,Duchesne County -- Glycol release,12/28/2018,DUCHESNE,BLUEBELL,https://opendata.utah.gov/resource/sce7-b7au.json?id=13792,https://opendata.utah.gov/resource/sce7-b7au.json?id=13792,archive/sources/deq_2016_2019_records/deq_2016_2019_13792.html,True,,False,,verified_local_html_and_opendata
basin_2016_present,13335,Vernal - Hydraulic oil spill,03/11/2018,UINTAH,VERNAL,https://opendata.utah.gov/resource/sce7-b7au.json?id=13335,https://opendata.utah.gov/resource/sce7-b7au.json?id=13335,archive/sources/deq_2016_2019_records/deq_2016_2019_13335.html,True,,False,,verified_local_html_and_opendata
basin_2016_present,12982,Duchesne County - Produced water spill,05/05/2017,DUCHESNE,BLUEBELL,https://opendata.utah.gov/resource/sce7-b7au.json?id=12982,https://opendata.utah.gov/resource/sce7-b7au.json?id=12982,archive/sources/deq_2016_2019_records/deq_2016_2019_12982.html,True,,False,,verified_local_html_and_opendata
basin_2016_present,13903,Uintah County -- Produced water release,05/09/2019,DUCHESNE,BLUEBELL,https://opendata.utah.gov/resource/sce7-b7au.json?id=13903,https://opendata.utah.gov/resource/sce7-b7au.json?id=13903,archive/sources/deq_2016_2019_records/deq_2016_2019_13903.html,True,,False,,verified_local_html_and_opendata
basin_2016_present,13248,Uintah County -- Illegal disposal of drilling mud,12/14/2017,UINTAH,ROOSEVELT,https://opendata.utah.gov/resource/sce7-b7au.json?id=13248,https://opendata.utah.gov/resource/sce7-b7au.json?id=13248,archive/sources/deq_2016_2019_records/deq_2016_2019_13248.html,True,,False,,verified_local_html_and_opendata
basin_2016_present,13055,Duchesne County -- Production Water Spill,07/11/2017,DUCHESNE,TALMAGE,https://opendata.utah.gov/resource/sce7-b7au.json?id=13055,https://opendata.utah.gov/resource/sce7-b7au.json?id=13055,archive/sources/deq_2016_2019_records/deq_2016_2019_13055.html,True,,False,,verified_local_html_and_opendata
basin_2016_present,11489,Production Water Spill in Duchesne County,07/30/2013,DUCHESNE,MYTON,https://opendata.utah.gov/resource/sce7-b7au.json?id=11489,https://opendata.utah.gov/resource/sce7-b7au.json?id=11489,archive/sources/deq_2006_2015_records/deq_2006_2015_deq_incident_34.html,True,,False,,verified_local_html_and_opendata
basin_2016_present,12166,Duchesne County Complaint Call,04/06/2015,DUCHESNE,DUCHESNE,https://opendata.utah.gov/resource/sce7-b7au.json?id=12166,https://opendata.utah.gov/resource/sce7-b7au.json?id=12166,archive/sources/deq_2006_2015_records/deq_2006_2015_deq_incident_35.html,True,,False,,verified_local_html_and_opendata
basin_2016_present,11826,Injection Water Release near Myton,05/24/2014,DUCHESNE,MYTON,https://opendata.utah.gov/resource/sce7-b7au.json?id=11826,https://opendata.utah.gov/resource/sce7-b7au.json?id=11826,archive/sources/deq_2006_2015_records/deq_2006_2015_deq_incident_36.html,True,,False,,verified_local_html_and_opendata
basin_2016_present,8862,Uintah Co - Ethylene Glycol 1000 Gallons,06/04/2013,UINTAH,VERNAL,https://opendata.utah.gov/resource/sce7-b7au.json?id=8862,https://opendata.utah.gov/resource/sce7-b7au.json?id=8862,archive/sources/deq_2006_2015_records/deq_2006_2015_deq_incident_37.html,True,,False,,verified_local_html_and_opendata
basin_2016_present,13689,Uintah County - Production Water/Crude,11/22/2018,UINTAH,MYTON,https://opendata.utah.gov/resource/sce7-b7au.json?id=13689,https://opendata.utah.gov/resource/sce7-b7au.json?id=13689,archive/sources/deq_2016_2019_records/deq_2016_2019_13689.html,True,,False,,verified_local_html_and_opendata
basin_2016_present,11748,Uintah Co - Condensate 25 Gal,03/06/2014,UINTAH,WHITEROCKS,https://opendata.utah.gov/resource/sce7-b7au.json?id=11748,https://opendata.utah.gov/resource/sce7-b7au.json?id=11748,archive/sources/deq_2006_2015_records/deq_2006_2015_deq_incident_39.html,True,,False,,verified_local_html_and_opendata
basin_2016_present,13800,Duchesne -- Produced water spill,03/14/2019,DUCHESNE,IOKA,https://opendata.utah.gov/resource/sce7-b7au.json?id=13800,https://opendata.utah.gov/resource/sce7-b7au.json?id=13800,archive/sources/deq_2016_2019_records/deq_2016_2019_13800.html,True,,False,,verified_local_html_and_opendata
basin_2016_present,13726,Treated Injection Water - Myton,01/06/2019,DUCHESNE,MYTON,https://opendata.utah.gov/resource/sce7-b7au.json?id=13726,https://opendata.utah.gov/resource/sce7-b7au.json?id=13726,archive/sources/deq_2016_2019_records/deq_2016_2019_13726.html,True,,False,,verified_local_html_and_opendata
basin_2016_present,7087,K & M Semi (Null RP Substituted),08/26/2008,DUCHESNE,DUCHESNE,https://opendata.utah.gov/resource/sce7-b7au.json?id=7087,https://opendata.utah.gov/resource/sce7-b7au.json?id=7087,archive/sources/deq_2006_2015_records/deq_2006_2015_deq_incident_42.html,True,,False,,verified_local_html_and_opendata
basin_2016_present,13236,Production Water Spill Hwy 40 Roosevelt,12/06/2017,UINTAH,ROOSEVELT,https://opendata.utah.gov/resource/sce7-b7au.json?id=13236,https://opendata.utah.gov/resource/sce7-b7au.json?id=13236,archive/sources/deq_2016_2019_records/deq_2016_2019_13236.html,True,,False,,verified_local_html_and_opendata
basin_2016_present,12436,Duchesne County - Injection water spill,11/17/2015,DUCHESNE,MYTON,https://opendata.utah.gov/resource/sce7-b7au.json?id=12436,https://opendata.utah.gov/resource/sce7-b7au.json?id=12436,archive/sources/deq_2006_2015_records/deq_2006_2015_deq_incident_44.html,True,,False,,verified_local_html_and_opendata
basin_2016_present,13286,2nd Injection Water Water Spill in Duchesne Co.,01/15/2018,DUCHESNE,MYTON,https://opendata.utah.gov/resource/sce7-b7au.json?id=13286,https://opendata.utah.gov/resource/sce7-b7au.json?id=13286,archive/sources/deq_2016_2019_records/deq_2016_2019_13286.html,True,,False,,verified_local_html_and_opendata
basin_2016_present,6431,Unknown (Null RP Substituted),04/01/2007,Uintah,Gusher,https://opendata.utah.gov/resource/sce7-b7au.json?id=6431,https://opendata.utah.gov/resource/sce7-b7au.json?id=6431,archive/sources/deq_2006_2015_records/deq_2006_2015_deq_incident_46.html,True,,False,,verified_local_html_and_opendata
basin_2016_present,12595,Production Water Release near Myton,05/05/2016,DUCHESNE,MYTON,https://opendata.utah.gov/resource/sce7-b7au.json?id=12595,https://opendata.utah.gov/resource/sce7-b7au.json?id=12595,archive/sources/deq_2016_2019_records/deq_2016_2019_12595.html,True,,False,,verified_local_html_and_opendata
basin_2016_present,5031,Unknown (Null RP Substituted),09/12/2003,Uintah,Vernal,https://opendata.utah.gov/resource/sce7-b7au.json?id=5031,https://opendata.utah.gov/resource/sce7-b7au.json?id=5031,archive/sources/deq_2006_2015_records/deq_2006_2015_deq_incident_48.html,True,,False,,verified_local_html_and_opendata
basin_2016_present,12539,Roosevelt Production Water Spill,03/08/2016,DUCHESNE,ROOSEVELT,https://opendata.utah.gov/resource/sce7-b7au.json?id=12539,https://opendata.utah.gov/resource/sce7-b7au.json?id=12539,archive/sources/deq_2016_2019_records/deq_2016_2019_12539.html,True,,False,,verified_local_html_and_opendata
basin_2016_present,7041,Joseph Michael/Newfield Exploration (Null RP Substituted),07/28/2008,DUCHESNE,MYTON,https://opendata.utah.gov/resource/sce7-b7au.json?id=7041,https://opendata.utah.gov/resource/sce7-b7au.json?id=7041,archive/sources/deq_2006_2015_records/deq_2006_2015_deq_incident_50.html,True,,False,,verified_local_html_and_opendata
basin_2016_present,13619,Roosevelt -- Crude oil spill of unknown origin,09/17/2018,DUCHESNE,ROOSEVELT,https://opendata.utah.gov/resource/sce7-b7au.json?id=13619,https://opendata.utah.gov/resource/sce7-b7au.json?id=13619,archive/sources/deq_2016_2019_records/deq_2016_2019_13619.html,True,,False,,verified_local_html_and_opendata
basin_2016_present,12421,Newfield 13-27-8-17 - Treated Inj. Water,11/07/2015,DUCHESNE,MYTON,https://opendata.utah.gov/resource/sce7-b7au.json?id=12421,https://opendata.utah.gov/resource/sce7-b7au.json?id=12421,archive/sources/deq_2006_2015_records/deq_2006_2015_deq_incident_52.html,True,,False,,verified_local_html_and_opendata
basin_2016_present,11692,Duchesne Co - Truck in River,01/24/2014,DUCHESNE,DUCHESNE,https://opendata.utah.gov/resource/sce7-b7au.json?id=11692,https://opendata.utah.gov/resource/sce7-b7au.json?id=11692,archive/sources/deq_2006_2015_records/deq_2006_2015_deq_incident_53.html,True,,False,,verified_local_html_and_opendata
basin_2016_present,13834,Ouray - Condensate Release,04/03/2019,UINTAH,OURAY,https://opendata.utah.gov/resource/sce7-b7au.json?id=13834,https://opendata.utah.gov/resource/sce7-b7au.json?id=13834,archive/sources/deq_2016_2019_records/deq_2016_2019_13834.html,True,,False,,verified_local_html_and_opendata
basin_2016_present,5984,LCL Oil Co. (Null RP Substituted),03/30/2006,Uintah,Vernal,https://opendata.utah.gov/resource/sce7-b7au.json?id=5984,https://opendata.utah.gov/resource/sce7-b7au.json?id=5984,archive/sources/deq_2006_2015_records/deq_2006_2015_deq_incident_55.html,True,,False,,verified_local_html_and_opendata
basin_2016_present,13292,Duchesne -- Diesel fuel spill,01/13/2018,DUCHESNE,DUCHESNE,https://opendata.utah.gov/resource/sce7-b7au.json?id=13292,https://opendata.utah.gov/resource/sce7-b7au.json?id=13292,archive/sources/deq_2016_2019_records/deq_2016_2019_13292.html,True,,False,,verified_local_html_and_opendata
basin_2016_present,13053,Roosevelt -- Treated effluent discharge,07/08/2017,UINTAH,ROOSEVELT,https://opendata.utah.gov/resource/sce7-b7au.json?id=13053,https://opendata.utah.gov/resource/sce7-b7au.json?id=13053,archive/sources/deq_2016_2019_records/deq_2016_2019_13053.html,True,,False,,verified_local_html_and_opendata
basin_2016_present,13315,Duchesne County - Treated Injection Water,02/14/2018,DUCHESNE,MYTON,https://opendata.utah.gov/resource/sce7-b7au.json?id=13315,https://opendata.utah.gov/resource/sce7-b7au.json?id=13315,archive/sources/deq_2016_2019_records/deq_2016_2019_13315.html,True,,False,,verified_local_html_and_opendata
basin_2016_present,13042,Duchesne County - Treated Injection Water,07/05/2017,DUCHESNE,MYTON,https://opendata.utah.gov/resource/sce7-b7au.json?id=13042,https://opendata.utah.gov/resource/sce7-b7au.json?id=13042,archive/sources/deq_2016_2019_records/deq_2016_2019_13042.html,True,,False,,verified_local_html_and_opendata
basin_2016_present,13534,Hydraulic oil spill to soil near Vernal,07/27/2018,UINTAH,VERNAL,https://opendata.utah.gov/resource/sce7-b7au.json?id=13534,https://opendata.utah.gov/resource/sce7-b7au.json?id=13534,archive/sources/deq_2016_2019_records/deq_2016_2019_13534.html,True,,False,,verified_local_html_and_opendata
basin_2016_present,13227,Uintah County -- Crude oil discharge,11/19/2017,UINTAH,OURAY,https://opendata.utah.gov/resource/sce7-b7au.json?id=13227,https://opendata.utah.gov/resource/sce7-b7au.json?id=13227,archive/sources/deq_2016_2019_records/deq_2016_2019_13227.html,True,,False,,verified_local_html_and_opendata
basin_2016_present,12202,Duchesne County - Treated Water Release,05/13/2015,DUCHESNE,MYTON,https://opendata.utah.gov/resource/sce7-b7au.json?id=12202,https://opendata.utah.gov/resource/sce7-b7au.json?id=12202,archive/sources/deq_2006_2015_records/deq_2006_2015_deq_incident_62.html,True,,False,,verified_local_html_and_opendata
basin_2016_present,13400,Vernal - Produced water and Crude Oil release,05/06/2018,UINTAH,VERNAL,https://opendata.utah.gov/resource/sce7-b7au.json?id=13400,https://opendata.utah.gov/resource/sce7-b7au.json?id=13400,archive/sources/deq_2016_2019_records/deq_2016_2019_13400.html,True,,False,,verified_local_html_and_opendata
basin_2016_present,12289,Duchesne County - Treated water spill,07/31/2015,DUCHESNE,MYTON,https://opendata.utah.gov/resource/sce7-b7au.json?id=12289,https://opendata.utah.gov/resource/sce7-b7au.json?id=12289,archive/sources/deq_2006_2015_records/deq_2006_2015_deq_incident_64.html,True,,False,,verified_local_html_and_opendata
basin_2016_present,13285,Injection water spill in Duchesne Co.,01/15/2018,DUCHESNE,MYTON,https://opendata.utah.gov/resource/sce7-b7au.json?id=13285,https://opendata.utah.gov/resource/sce7-b7au.json?id=13285,archive/sources/deq_2016_2019_records/deq_2016_2019_13285.html,True,,False,,verified_local_html_and_opendata
basin_2016_present,12712,Myton Injection Water Spill,08/05/2016,DUCHESNE,MYTON,https://opendata.utah.gov/resource/sce7-b7au.json?id=12712,https://opendata.utah.gov/resource/sce7-b7au.json?id=12712,archive/sources/deq_2016_2019_records/deq_2016_2019_12712.html,True,,False,,verified_local_html_and_opendata
basin_2016_present,13237,Uintah County -- Produced Water Spill,11/22/2017,UINTAH,OURAY,https://opendata.utah.gov/resource/sce7-b7au.json?id=13237,https://opendata.utah.gov/resource/sce7-b7au.json?id=13237,archive/sources/deq_2016_2019_records/deq_2016_2019_13237.html,True,,False,,verified_local_html_and_opendata
basin_2016_present,13317,Uintah County - Treated Injection Water,02/16/2018,UINTAH,MYTON,https://opendata.utah.gov/resource/sce7-b7au.json?id=13317,https://opendata.utah.gov/resource/sce7-b7au.json?id=13317,archive/sources/deq_2016_2019_records/deq_2016_2019_13317.html,True,,False,,verified_local_html_and_opendata
basin_2016_present,13616,Unitah Co - Hydraulic Spill,09/15/2018,UINTAH,VERNAL,https://opendata.utah.gov/resource/sce7-b7au.json?id=13616,https://opendata.utah.gov/resource/sce7-b7au.json?id=13616,archive/sources/deq_2016_2019_records/deq_2016_2019_13616.html,True,,False,,verified_local_html_and_opendata
basin_2016_present,13309,Uintah County -- Produced water release,01/24/2018,UINTAH,OURAY,https://opendata.utah.gov/resource/sce7-b7au.json?id=13309,https://opendata.utah.gov/resource/sce7-b7au.json?id=13309,archive/sources/deq_2016_2019_records/deq_2016_2019_13309.html,True,,False,,verified_local_html_and_opendata
basin_2016_present,13482,Vernal - Hydraulic fluid spill,06/28/2018,UINTAH,VERNAL,https://opendata.utah.gov/resource/sce7-b7au.json?id=13482,https://opendata.utah.gov/resource/sce7-b7au.json?id=13482,archive/sources/deq_2016_2019_records/deq_2016_2019_13482.html,True,,False,,verified_local_html_and_opendata
basin_2016_present,7148,Unknown (Null RP Substituted),10/16/2008,Uintah,Vernal,https://opendata.utah.gov/resource/sce7-b7au.json?id=7148,https://opendata.utah.gov/resource/sce7-b7au.json?id=7148,archive/sources/deq_2006_2015_records/deq_2006_2015_deq_incident_72.html,True,,False,,verified_local_html_and_opendata
basin_2016_present,12101,Duchesne County - Injection Water Release,02/12/2015,DUCHESNE,MYTON,https://opendata.utah.gov/resource/sce7-b7au.json?id=12101,https://opendata.utah.gov/resource/sce7-b7au.json?id=12101,archive/sources/deq_2006_2015_records/deq_2006_2015_deq_incident_161.html,True,,False,,verified_local_html_and_opendata
basin_2016_present,13488,Produced water release near Bluebell,07/06/2018,DUCHESNE,BLUEBELL,https://opendata.utah.gov/resource/sce7-b7au.json?id=13488,https://opendata.utah.gov/resource/sce7-b7au.json?id=13488,archive/sources/deq_2016_2019_records/deq_2016_2019_13488.html,True,,False,,verified_local_html_and_opendata
basin_2016_present,12943,H2S Gas Odor - Duchesne,03/21/2017,DUCHESNE,DUCHESNE,https://opendata.utah.gov/resource/sce7-b7au.json?id=12943,https://opendata.utah.gov/resource/sce7-b7au.json?id=12943,archive/sources/deq_2016_2019_records/deq_2016_2019_12943.html,True,,False,,verified_local_html_and_opendata
basin_2016_present,13861,Duchesne County Produced Water Release,04/25/2019,DUCHESNE,BLUEBELL,https://opendata.utah.gov/resource/sce7-b7au.json?id=13861,https://opendata.utah.gov/resource/sce7-b7au.json?id=13861,archive/sources/deq_2016_2019_records/deq_2016_2019_13861.html,True,,False,,verified_local_html_and_opendata
basin_2016_present,11409,Weatherford Wireline Transporting,06/23/2013,UINTAH,VERNAL,https://opendata.utah.gov/resource/sce7-b7au.json?id=11409,https://opendata.utah.gov/resource/sce7-b7au.json?id=11409,archive/sources/deq_2006_2015_records/deq_2006_2015_deq_incident_77.html,True,,False,,verified_local_html_and_opendata
basin_2016_present,11689,Duchesne Co - Injection Water Release,01/24/2014,DUCHESNE,MYTON,https://opendata.utah.gov/resource/sce7-b7au.json?id=11689,https://opendata.utah.gov/resource/sce7-b7au.json?id=11689,archive/sources/deq_2006_2015_records/deq_2006_2015_deq_incident_78.html,True,,False,,verified_local_html_and_opendata
basin_2016_present,11696,Myton Trailer Roll over,01/30/2014,DUCHESNE,MYTON,https://opendata.utah.gov/resource/sce7-b7au.json?id=11696,https://opendata.utah.gov/resource/sce7-b7au.json?id=11696,archive/sources/deq_2006_2015_records/deq_2006_2015_deq_incident_79.html,True,,False,,verified_local_html_and_opendata
basin_2016_present,12818,Anadarko NBU 922-31N,11/07/2016,UINTAH,VERNAL,https://opendata.utah.gov/resource/sce7-b7au.json?id=12818,https://opendata.utah.gov/resource/sce7-b7au.json?id=12818,archive/sources/deq_2016_2019_records/deq_2016_2019_12818.html,True,,False,,verified_local_html_and_opendata
basin_2016_present,13373,Uintah County -- Treated effluent discharge,04/11/2018,UINTAH,RANDLETT,https://opendata.utah.gov/resource/sce7-b7au.json?id=13373,https://opendata.utah.gov/resource/sce7-b7au.json?id=13373,archive/sources/deq_2016_2019_records/deq_2016_2019_13373.html,True,,False,,verified_local_html_and_opendata
basin_2016_present,12927,Uintah County - Motor Oil,03/01/2017,UINTAH,DUCHESNE,https://opendata.utah.gov/resource/sce7-b7au.json?id=12927,https://opendata.utah.gov/resource/sce7-b7au.json?id=12927,archive/sources/deq_2016_2019_records/deq_2016_2019_12927.html,True,,False,,verified_local_html_and_opendata
basin_2016_present,11499,Vegetation Kill Hydrochloric Acid,07/31/2013,UINTAH,NAPLES,https://opendata.utah.gov/resource/sce7-b7au.json?id=11499,https://opendata.utah.gov/resource/sce7-b7au.json?id=11499,archive/sources/deq_2006_2015_records/deq_2006_2015_deq_incident_83.html,True,,False,,verified_local_html_and_opendata
basin_2016_present,12857,"Treated Production Water, Myton",12/22/2016,DUCHESNE,MYTON,https://opendata.utah.gov/resource/sce7-b7au.json?id=12857,https://opendata.utah.gov/resource/sce7-b7au.json?id=12857,archive/sources/deq_2016_2019_records/deq_2016_2019_12857.html,True,,False,,verified_local_html_and_opendata
basin_2016_present,13440,191 Potassium Hydroxide,06/06/2018,UINTAH,VERNAL,https://opendata.utah.gov/resource/sce7-b7au.json?id=13440,https://opendata.utah.gov/resource/sce7-b7au.json?id=13440,archive/sources/deq_2016_2019_records/deq_2016_2019_13440.html,True,,False,,verified_local_html_and_opendata
basin_2016_present,12850,Vernal - Hydraulic oil spill,12/18/2016,UINTAH,VERNAL,https://opendata.utah.gov/resource/sce7-b7au.json?id=12850,https://opendata.utah.gov/resource/sce7-b7au.json?id=12850,archive/sources/deq_2016_2019_records/deq_2016_2019_12850.html,True,,False,,verified_local_html_and_opendata
basin_2016_present,8590,Western Petroleum (Null RP Substituted),07/18/2012,UINTAH,VERNAL,https://opendata.utah.gov/resource/sce7-b7au.json?id=8590,https://opendata.utah.gov/resource/sce7-b7au.json?id=8590,archive/sources/deq_2006_2015_records/deq_2006_2015_deq_incident_87.html,True,,False,,verified_local_html_and_opendata
basin_2016_present,13930,Produced Water & Oil - Vernal,06/09/2019,UINTAH,VERNAL,https://opendata.utah.gov/resource/sce7-b7au.json?id=13930,https://opendata.utah.gov/resource/sce7-b7au.json?id=13930,archive/sources/deq_2016_2019_records/deq_2016_2019_13930.html,True,,False,,verified_local_html_and_opendata
basin_2016_present,11340,THIS IS A DRILL...Crude oil spill threatening Lake Fort River in Duchesne County,06/13/2013,DUCHESNE,DUCHESNE,https://opendata.utah.gov/resource/sce7-b7au.json?id=11340,https://opendata.utah.gov/resource/sce7-b7au.json?id=11340,archive/sources/deq_2006_2015_records/deq_2006_2015_deq_incident_89.html,True,,False,,verified_local_html_and_opendata
basin_2016_present,12906,"Injection Water Release, Myton",02/15/2017,DUCHESNE,MYTON,https://opendata.utah.gov/resource/sce7-b7au.json?id=12906,https://opendata.utah.gov/resource/sce7-b7au.json?id=12906,archive/sources/deq_2016_2019_records/deq_2016_2019_12906.html,True,,False,,verified_local_html_and_opendata
basin_2016_present,13088,Simplot Phosphates used oil release,08/05/2017,UINTAH,VERNAL,https://opendata.utah.gov/resource/sce7-b7au.json?id=13088,https://opendata.utah.gov/resource/sce7-b7au.json?id=13088,archive/sources/deq_2016_2019_records/deq_2016_2019_13088.html,True,,False,,verified_local_html_and_opendata
basin_2016_present,13340,Myton - Injection water release,03/13/2018,DUCHESNE,MYTON,https://opendata.utah.gov/resource/sce7-b7au.json?id=13340,https://opendata.utah.gov/resource/sce7-b7au.json?id=13340,archive/sources/deq_2016_2019_records/deq_2016_2019_13340.html,True,,False,,verified_local_html_and_opendata
basin_2016_present,12422,Newfield - 13-16-9-17 Crude Oil,11/08/2015,DUCHESNE,MYTON,https://opendata.utah.gov/resource/sce7-b7au.json?id=12422,https://opendata.utah.gov/resource/sce7-b7au.json?id=12422,archive/sources/deq_2006_2015_records/deq_2006_2015_deq_incident_93.html,True,,False,,verified_local_html_and_opendata
basin_2016_present,12973,Duchesne Cnty - Production water leak,04/16/2017,DUCHESNE,BLUEBELL,https://opendata.utah.gov/resource/sce7-b7au.json?id=12973,https://opendata.utah.gov/resource/sce7-b7au.json?id=12973,archive/sources/deq_2016_2019_records/deq_2016_2019_12973.html,True,,False,,verified_local_html_and_opendata
basin_2016_present,4919,Unknown (Null RP Substituted),,Uintah,Vernal,https://opendata.utah.gov/resource/sce7-b7au.json?id=4919,https://opendata.utah.gov/resource/sce7-b7au.json?id=4919,archive/extracted_text/legacy/s1921.txt,True,,False,,verified_local_html_and_opendata
basin_2016_present,13590,Ouray - Treated Injection Water release,08/25/2018,UINTAH,OURAY,https://opendata.utah.gov/resource/sce7-b7au.json?id=13590,https://opendata.utah.gov/resource/sce7-b7au.json?id=13590,archive/sources/deq_2016_2019_records/deq_2016_2019_13590.html,True,,False,,verified_local_html_and_opendata
basin_2016_present,8205,El Paso E&P (Null RP Substituted),06/21/2011,DUCHESNE,ALTAMONT,https://opendata.utah.gov/resource/sce7-b7au.json?id=8205,https://opendata.utah.gov/resource/sce7-b7au.json?id=8205,archive/sources/deq_2006_2015_records/deq_2006_2015_deq_incident_97.html,True,,False,,verified_local_html_and_opendata
basin_2016_present,12772,Newfield - #2 Treated Injection Line Release,09/27/2016,DUCHESNE,MYTON,https://opendata.utah.gov/resource/sce7-b7au.json?id=12772,https://opendata.utah.gov/resource/sce7-b7au.json?id=12772,archive/sources/deq_2016_2019_records/deq_2016_2019_12772.html,True,,False,,verified_local_html_and_opendata
basin_2016_present,12625,Roosevelt Oily Production Water,05/25/2016,UINTAH,VERNAL,https://opendata.utah.gov/resource/sce7-b7au.json?id=12625,https://opendata.utah.gov/resource/sce7-b7au.json?id=12625,archive/sources/deq_2016_2019_records/deq_2016_2019_12625.html,True,,False,,verified_local_html_and_opendata
basin_2016_present,13007,Myton - Crude Oil Release,05/30/2017,DUCHESNE,MYTON,https://opendata.utah.gov/resource/sce7-b7au.json?id=13007,https://opendata.utah.gov/resource/sce7-b7au.json?id=13007,archive/sources/deq_2016_2019_records/deq_2016_2019_13007.html,True,,False,,verified_local_html_and_opendata
basin_2016_present,13495,Duchesne County - Production Water/Crude Oil,07/06/2018,DUCHESNE,BLUEBELL,https://opendata.utah.gov/resource/sce7-b7au.json?id=13495,https://opendata.utah.gov/resource/sce7-b7au.json?id=13495,archive/sources/deq_2016_2019_records/deq_2016_2019_13495.html,True,,False,,verified_local_html_and_opendata
basin_2016_present,13153,hydraulic oil spill near Vernal,09/17/2017,UINTAH,VERNAL,https://opendata.utah.gov/resource/sce7-b7au.json?id=13153,https://opendata.utah.gov/resource/sce7-b7au.json?id=13153,archive/sources/deq_2016_2019_records/deq_2016_2019_13153.html,True,,False,,verified_local_html_and_opendata
basin_2016_present,13526,Duchesne Co - Produced Water,07/23/2018,DUCHESNE,ALTAMONT,https://opendata.utah.gov/resource/sce7-b7au.json?id=13526,https://opendata.utah.gov/resource/sce7-b7au.json?id=13526,archive/sources/deq_2016_2019_records/deq_2016_2019_13526.html,True,,False,,verified_local_html_and_opendata
basin_2016_present,6884,RNI Trucking (Null RP Substituted),04/02/2008,DUCHESNE,MYTON,https://opendata.utah.gov/resource/sce7-b7au.json?id=6884,https://opendata.utah.gov/resource/sce7-b7au.json?id=6884,archive/sources/deq_2006_2015_records/deq_2006_2015_deq_incident_104.html,True,,False,,verified_local_html_and_opendata
basin_2016_present,12980,Natural gas release in Uintah County,05/03/2017,UINTAH,JENSEN,https://opendata.utah.gov/resource/sce7-b7au.json?id=12980,https://opendata.utah.gov/resource/sce7-b7au.json?id=12980,archive/sources/deq_2016_2019_records/deq_2016_2019_12980.html,True,,False,,verified_local_html_and_opendata
basin_2016_present,11631,Injection water release near Myton,11/24/2013,DUCHESNE,MYTON,https://opendata.utah.gov/resource/sce7-b7au.json?id=11631,https://opendata.utah.gov/resource/sce7-b7au.json?id=11631,archive/sources/deq_2006_2015_records/deq_2006_2015_deq_incident_106.html,True,,False,,verified_local_html_and_opendata
basin_2016_present,12650,Duchesne County - Treated Injection Water,06/14/2016,DUCHESNE,MYTON,https://opendata.utah.gov/resource/sce7-b7au.json?id=12650,https://opendata.utah.gov/resource/sce7-b7au.json?id=12650,archive/sources/deq_2016_2019_records/deq_2016_2019_12650.html,True,,False,,verified_local_html_and_opendata
basin_2016_present,12364,Duchesne Co - Treated Injection Water,09/15/2015,DUCHESNE,MYTON,https://opendata.utah.gov/resource/sce7-b7au.json?id=12364,https://opendata.utah.gov/resource/sce7-b7au.json?id=12364,archive/sources/deq_2006_2015_records/deq_2006_2015_deq_incident_108.html,True,,False,,verified_local_html_and_opendata
basin_2016_present,12200,Duchesne Co - Treated Injection Water,05/07/2015,DUCHESNE,MYTON,https://opendata.utah.gov/resource/sce7-b7au.json?id=12200,https://opendata.utah.gov/resource/sce7-b7au.json?id=12200,archive/sources/deq_2006_2015_records/deq_2006_2015_deq_incident_109.html,True,,False,,verified_local_html_and_opendata
basin_2016_present,13788,Roosevelt -- Fracking mixture spill,03/03/2019,DUCHESNE,ROOSEVELT,https://opendata.utah.gov/resource/sce7-b7au.json?id=13788,https://opendata.utah.gov/resource/sce7-b7au.json?id=13788,archive/sources/deq_2016_2019_records/deq_2016_2019_13788.html,True,,False,,verified_local_html_and_opendata
basin_2016_present,6847,Rick Norton (owner) (Null RP Substituted),02/21/2008,UINTAH,VERNAL,https://opendata.utah.gov/resource/sce7-b7au.json?id=6847,https://opendata.utah.gov/resource/sce7-b7au.json?id=6847,archive/sources/deq_2006_2015_records/deq_2006_2015_deq_incident_111.html,True,,False,,verified_local_html_and_opendata
basin_2016_present,8317,Carman Hoyt (Null RP Substituted),09/22/2011,Uintah,Vernal,https://opendata.utah.gov/resource/sce7-b7au.json?id=8317,https://opendata.utah.gov/resource/sce7-b7au.json?id=8317,archive/sources/deq_2006_2015_records/deq_2006_2015_deq_incident_112.html,True,,False,,verified_local_html_and_opendata
basin_2016_present,12938,Duchesne County - Treated Injection Water,03/14/2017,DUCHESNE,MYTON,https://opendata.utah.gov/resource/sce7-b7au.json?id=12938,https://opendata.utah.gov/resource/sce7-b7au.json?id=12938,archive/sources/deq_2016_2019_records/deq_2016_2019_12938.html,True,,False,,verified_local_html_and_opendata
basin_2016_present,13799,Duchesne County - Crude Oil Spill,03/13/2019,DUCHESNE,MONARCH,https://opendata.utah.gov/resource/sce7-b7au.json?id=13799,https://opendata.utah.gov/resource/sce7-b7au.json?id=13799,archive/sources/deq_2016_2019_records/deq_2016_2019_13799.html,True,,False,,verified_local_html_and_opendata
basin_2016_present,11896,Vernal Used Oil Spill,07/22/2014,UINTAH,VERNAL,https://opendata.utah.gov/resource/sce7-b7au.json?id=11896,https://opendata.utah.gov/resource/sce7-b7au.json?id=11896,archive/sources/deq_2006_2015_records/deq_2006_2015_deq_incident_115.html,True,,False,,verified_local_html_and_opendata
basin_2016_present,11635,Injection Water Release SE of Myton,11/28/2013,DUCHESNE,MYTON,https://opendata.utah.gov/resource/sce7-b7au.json?id=11635,https://opendata.utah.gov/resource/sce7-b7au.json?id=11635,archive/sources/deq_2006_2015_records/deq_2006_2015_deq_incident_116.html,True,,False,,verified_local_html_and_opendata
basin_2016_present,13344,Uintah County -- Produced water release,03/02/2018,UINTAH,OURAY,https://opendata.utah.gov/resource/sce7-b7au.json?id=13344,https://opendata.utah.gov/resource/sce7-b7au.json?id=13344,archive/sources/deq_2016_2019_records/deq_2016_2019_13344.html,True,,False,,verified_local_html_and_opendata
basin_2016_present,12455,Production Water Release Uintah Co.,12/05/2015,UINTAH,JENSEN,https://opendata.utah.gov/resource/sce7-b7au.json?id=12455,https://opendata.utah.gov/resource/sce7-b7au.json?id=12455,archive/sources/deq_2006_2015_records/deq_2006_2015_deq_incident_118.html,True,,False,,verified_local_html_and_opendata
basin_2016_present,13262,Duchesne County - Crude Oil,12/21/2017,DUCHESNE,MONARCH,https://opendata.utah.gov/resource/sce7-b7au.json?id=13262,https://opendata.utah.gov/resource/sce7-b7au.json?id=13262,archive/sources/deq_2016_2019_records/deq_2016_2019_13262.html,True,,False,,verified_local_html_and_opendata
basin_2016_present,8607,Vernal Used Oil Release,08/14/2012,UINTAH,VERNAL,https://opendata.utah.gov/resource/sce7-b7au.json?id=8607,https://opendata.utah.gov/resource/sce7-b7au.json?id=8607,archive/sources/deq_2006_2015_records/deq_2006_2015_deq_incident_120.html,True,,False,,verified_local_html_and_opendata
basin_2016_present,11597,Uintah Co QEP Tank Overflow,10/21/2013,UINTAH,VERNAL,https://opendata.utah.gov/resource/sce7-b7au.json?id=11597,https://opendata.utah.gov/resource/sce7-b7au.json?id=11597,archive/sources/deq_2006_2015_records/deq_2006_2015_deq_incident_121.html,True,,False,,verified_local_html_and_opendata
basin_2016_present,12875,Duchesne County - Release of drilling fluid,01/17/2017,DUCHESNE,MOUNTAIN HOME,https://opendata.utah.gov/resource/sce7-b7au.json?id=12875,https://opendata.utah.gov/resource/sce7-b7au.json?id=12875,archive/sources/deq_2016_2019_records/deq_2016_2019_12875.html,True,,False,,verified_local_html_and_opendata
basin_2016_present,12771,Newfield - #1 Treated Injection Line Release,09/27/2016,DUCHESNE,MYTON,https://opendata.utah.gov/resource/sce7-b7au.json?id=12771,https://opendata.utah.gov/resource/sce7-b7au.json?id=12771,archive/sources/deq_2016_2019_records/deq_2016_2019_12771.html,True,,False,,verified_local_html_and_opendata
basin_2016_present,8717,Chevron (Null RP Substituted),12/12/2012,UINTAH,BLUEBELL,https://opendata.utah.gov/resource/sce7-b7au.json?id=8717,https://opendata.utah.gov/resource/sce7-b7au.json?id=8717,archive/sources/deq_2006_2015_records/deq_2006_2015_deq_incident_124.html,True,,False,,verified_local_html_and_opendata
basin_2016_present,12758,Second Injection water spill near Myton,09/21/2016,DUCHESNE,MYTON,https://opendata.utah.gov/resource/sce7-b7au.json?id=12758,https://opendata.utah.gov/resource/sce7-b7au.json?id=12758,archive/sources/deq_2016_2019_records/deq_2016_2019_12758.html,True,,False,,verified_local_html_and_opendata
basin_2016_present,12817,Produced/Condensate Water - Vernal,11/14/2016,UINTAH,VERNAL,https://opendata.utah.gov/resource/sce7-b7au.json?id=12817,https://opendata.utah.gov/resource/sce7-b7au.json?id=12817,archive/sources/deq_2016_2019_records/deq_2016_2019_12817.html,True,,False,,verified_local_html_and_opendata
basin_2016_present,12958,Unitah Co - Hydraulic Spill,04/11/2017,UINTAH,VERNAL,https://opendata.utah.gov/resource/sce7-b7au.json?id=12958,https://opendata.utah.gov/resource/sce7-b7au.json?id=12958,archive/sources/deq_2016_2019_records/deq_2016_2019_12958.html,True,,False,,verified_local_html_and_opendata
basin_2016_present,13211,Uintah County -- Produced water spill,11/05/2017,UINTAH,VERNAL,https://opendata.utah.gov/resource/sce7-b7au.json?id=13211,https://opendata.utah.gov/resource/sce7-b7au.json?id=13211,archive/sources/deq_2016_2019_records/deq_2016_2019_13211.html,True,,False,,verified_local_html_and_opendata
basin_2016_present,11698,Myton - Newfield Exploration diesel release,01/29/2014,UINTAH,MYTON,https://opendata.utah.gov/resource/sce7-b7au.json?id=11698,https://opendata.utah.gov/resource/sce7-b7au.json?id=11698,archive/sources/deq_2006_2015_records/deq_2006_2015_deq_incident_129.html,True,,False,,verified_local_html_and_opendata
basin_2016_present,13732,Duchesne County -- Produced Water and Glycol Spill,11/30/2018,DUCHESNE,MT EMMONS,https://opendata.utah.gov/resource/sce7-b7au.json?id=13732,https://opendata.utah.gov/resource/sce7-b7au.json?id=13732,archive/sources/deq_2016_2019_records/deq_2016_2019_13732.html,True,,False,,verified_local_html_and_opendata
basin_2016_present,13739,Duchesne - Release of Ethylene glycol,01/19/2019,DUCHESNE,DUCHESNE,https://opendata.utah.gov/resource/sce7-b7au.json?id=13739,https://opendata.utah.gov/resource/sce7-b7au.json?id=13739,archive/sources/deq_2016_2019_records/deq_2016_2019_13739.html,True,,False,,verified_local_html_and_opendata
basin_2016_present,12568,Myton - Release of Treated Injection Water,04/05/2016,DUCHESNE,MYTON,https://opendata.utah.gov/resource/sce7-b7au.json?id=12568,https://opendata.utah.gov/resource/sce7-b7au.json?id=12568,archive/sources/deq_2016_2019_records/deq_2016_2019_12568.html,True,,False,,verified_local_html_and_opendata
basin_2016_present,13676,Tri-County - Treated Injection Water release,11/13/2018,DUCHESNE,DUCHESNE,https://opendata.utah.gov/resource/sce7-b7au.json?id=13676,https://opendata.utah.gov/resource/sce7-b7au.json?id=13676,archive/sources/deq_2016_2019_records/deq_2016_2019_13676.html,True,,False,,verified_local_html_and_opendata
basin_2016_present,12203,Nine Mile Crude-130 bls,05/16/2015,DUCHESNE,MYTON,https://opendata.utah.gov/resource/sce7-b7au.json?id=12203,https://opendata.utah.gov/resource/sce7-b7au.json?id=12203,archive/sources/deq_2006_2015_records/deq_2006_2015_deq_incident_134.html,True,,False,,verified_local_html_and_opendata
basin_2016_present,13653,Starvation Reservoir -- Possible Algal Bloom,10/16/2018,DUCHESNE,DUCHESNE,https://opendata.utah.gov/resource/sce7-b7au.json?id=13653,https://opendata.utah.gov/resource/sce7-b7au.json?id=13653,archive/sources/deq_2016_2019_records/deq_2016_2019_13653.html,True,,False,,verified_local_html_and_opendata
basin_2016_present,13209,Bluebell -- Produced water release from pipeline,11/11/2017,DUCHESNE,BLUEBELL,https://opendata.utah.gov/resource/sce7-b7au.json?id=13209,https://opendata.utah.gov/resource/sce7-b7au.json?id=13209,archive/sources/deq_2016_2019_records/deq_2016_2019_13209.html,True,,False,,verified_local_html_and_opendata
basin_2016_present,11982,Duchesne Co - Sewage,09/27/2014,DUCHESNE,ROOSEVELT,https://opendata.utah.gov/resource/sce7-b7au.json?id=11982,https://opendata.utah.gov/resource/sce7-b7au.json?id=11982,archive/sources/deq_2006_2015_records/deq_2006_2015_deq_incident_137.html,True,,False,,verified_local_html_and_opendata
basin_2016_present,11571,Diesel spill in Uintah County,10/04/2013,DUCHESNE,MYTON,https://opendata.utah.gov/resource/sce7-b7au.json?id=11571,https://opendata.utah.gov/resource/sce7-b7au.json?id=11571,archive/sources/deq_2006_2015_records/deq_2006_2015_deq_incident_138.html,True,,False,,verified_local_html_and_opendata
basin_2016_present,13089,Matt Warner Reservoir -- Harmful Algal Bloom,08/04/2017,UINTAH,VERNAL,https://opendata.utah.gov/resource/sce7-b7au.json?id=13089,https://opendata.utah.gov/resource/sce7-b7au.json?id=13089,archive/sources/deq_2016_2019_records/deq_2016_2019_13089.html,True,,False,,verified_local_html_and_opendata
basin_2016_present,6928,Halliburton (Dave Gurney) (Null RP Substituted),,UINTAH,VERNAL,https://opendata.utah.gov/resource/sce7-b7au.json?id=6928,https://opendata.utah.gov/resource/sce7-b7au.json?id=6928,archive/extracted_text/legacy/s1929.txt,True,,False,,verified_local_html_and_opendata
basin_2016_present,8018,Uintah County (Null RP Substituted),01/10/2011,UINTAH,VERNAL,https://opendata.utah.gov/resource/sce7-b7au.json?id=8018,https://opendata.utah.gov/resource/sce7-b7au.json?id=8018,archive/sources/deq_2006_2015_records/deq_2006_2015_deq_incident_141.html,True,,False,,verified_local_html_and_opendata
basin_2016_present,13210,Uintah County -- Crude oil release,11/03/2017,UINTAH,VERNAL,https://opendata.utah.gov/resource/sce7-b7au.json?id=13210,https://opendata.utah.gov/resource/sce7-b7au.json?id=13210,archive/sources/deq_2016_2019_records/deq_2016_2019_13210.html,True,,False,,verified_local_html_and_opendata
basin_2016_present,12683,NewField Treated Water - Myton,07/14/2016,DUCHESNE,MYTON,https://opendata.utah.gov/resource/sce7-b7au.json?id=12683,https://opendata.utah.gov/resource/sce7-b7au.json?id=12683,archive/sources/deq_2016_2019_records/deq_2016_2019_12683.html,True,,False,,verified_local_html_and_opendata
basin_2016_present,13113,Tabiona - Illegal construction debris dumping,08/18/2017,DUCHESNE,TABIONA,https://opendata.utah.gov/resource/sce7-b7au.json?id=13113,https://opendata.utah.gov/resource/sce7-b7au.json?id=13113,archive/sources/deq_2016_2019_records/deq_2016_2019_13113.html,True,,False,,verified_local_html_and_opendata
basin_2016_present,11784,Myton Produced Water leak,04/12/2014,DUCHESNE,MYTON,https://opendata.utah.gov/resource/sce7-b7au.json?id=11784,https://opendata.utah.gov/resource/sce7-b7au.json?id=11784,archive/sources/deq_2006_2015_records/deq_2006_2015_deq_incident_145.html,True,,False,,verified_local_html_and_opendata
basin_2016_present,11664,Uintah - Production water spill,12/25/2013,UINTAH,VERNAL,https://opendata.utah.gov/resource/sce7-b7au.json?id=11664,https://opendata.utah.gov/resource/sce7-b7au.json?id=11664,archive/sources/deq_2006_2015_records/deq_2006_2015_deq_incident_146.html,True,,False,,verified_local_html_and_opendata
basin_2016_present,13177,Treated Injection Water - Myton,10/09/2017,DUCHESNE,MYTON,https://opendata.utah.gov/resource/sce7-b7au.json?id=13177,https://opendata.utah.gov/resource/sce7-b7au.json?id=13177,archive/sources/deq_2016_2019_records/deq_2016_2019_13177.html,True,,False,,verified_local_html_and_opendata
basin_2016_present,11493,Hydraulic Fluid,08/01/2013,DUCHESNE,ROOSEVELT,https://opendata.utah.gov/resource/sce7-b7au.json?id=11493,https://opendata.utah.gov/resource/sce7-b7au.json?id=11493,archive/sources/deq_2006_2015_records/deq_2006_2015_deq_incident_148.html,True,,False,,verified_local_html_and_opendata
basin_2016_present,12989,Myton - Treated injection water spill,05/08/2017,DUCHESNE,MYTON,https://opendata.utah.gov/resource/sce7-b7au.json?id=12989,https://opendata.utah.gov/resource/sce7-b7au.json?id=12989,archive/sources/deq_2016_2019_records/deq_2016_2019_12989.html,True,,False,,verified_local_html_and_opendata
basin_2016_present,13160,Duchesne - Treated Injection water release,09/25/2017,DUCHESNE,DUCHESNE,https://opendata.utah.gov/resource/sce7-b7au.json?id=13160,https://opendata.utah.gov/resource/sce7-b7au.json?id=13160,archive/sources/deq_2016_2019_records/deq_2016_2019_13160.html,True,,False,,verified_local_html_and_opendata
basin_2016_present,11528,Production Water,09/09/2013,DUCHESNE,MYTON,https://opendata.utah.gov/resource/sce7-b7au.json?id=11528,https://opendata.utah.gov/resource/sce7-b7au.json?id=11528,archive/sources/deq_2006_2015_records/deq_2006_2015_deq_incident_151.html,True,,False,,verified_local_html_and_opendata
basin_2016_present,11382,Crude oil spill in Duchesne County,06/16/2013,DUCHESNE,MYTON,https://opendata.utah.gov/resource/sce7-b7au.json?id=11382,https://opendata.utah.gov/resource/sce7-b7au.json?id=11382,archive/sources/deq_2006_2015_records/deq_2006_2015_deq_incident_152.html,True,,False,,verified_local_html_and_opendata
basin_2016_present,12573,Roosevelt - Diesel release,04/12/2016,DUCHESNE,ROOSEVELT,https://opendata.utah.gov/resource/sce7-b7au.json?id=12573,https://opendata.utah.gov/resource/sce7-b7au.json?id=12573,archive/sources/deq_2016_2019_records/deq_2016_2019_12573.html,True,,False,,verified_local_html_and_opendata
basin_2016_present,11369,Diesel Fuel Spill in Duchesne County,06/13/2013,DUCHESNE,ROOSEVELT,https://opendata.utah.gov/resource/sce7-b7au.json?id=11369,https://opendata.utah.gov/resource/sce7-b7au.json?id=11369,archive/sources/deq_2006_2015_records/deq_2006_2015_deq_incident_154.html,True,,False,,verified_local_html_and_opendata
basin_2016_present,13723,Naples Top Stop,01/03/2019,UINTAH,VERNAL,https://opendata.utah.gov/resource/sce7-b7au.json?id=13723,https://opendata.utah.gov/resource/sce7-b7au.json?id=13723,archive/sources/deq_2016_2019_records/deq_2016_2019_13723.html,True,,False,,verified_local_html_and_opendata
basin_2016_present,11687,Duchesne Co - Sodium Hypochlorite 12.5% 1200 Gals,01/19/2014,DUCHESNE,MYTON,https://opendata.utah.gov/resource/sce7-b7au.json?id=11687,https://opendata.utah.gov/resource/sce7-b7au.json?id=11687,archive/sources/deq_2006_2015_records/deq_2006_2015_deq_incident_156.html,True,,False,,verified_local_html_and_opendata
basin_2016_present,8226,Haliburton (Null RP Substituted),07/11/2011,Uintah,Vernal,https://opendata.utah.gov/resource/sce7-b7au.json?id=8226,https://opendata.utah.gov/resource/sce7-b7au.json?id=8226,archive/sources/deq_2006_2015_records/deq_2006_2015_deq_incident_157.html,True,,False,,verified_local_html_and_opendata
basin_2016_present,8815,Duchesne Diesel Release,11/14/2013,DUCHESNE,DUCHESNE,https://opendata.utah.gov/resource/sce7-b7au.json?id=8815,https://opendata.utah.gov/resource/sce7-b7au.json?id=8815,archive/sources/deq_2006_2015_records/deq_2006_2015_deq_incident_158.html,True,,False,,verified_local_html_and_opendata
basin_2016_present,12575,Duchesne County - Injection Water Line,04/15/2016,DUCHESNE,MYTON,https://opendata.utah.gov/resource/sce7-b7au.json?id=12575,https://opendata.utah.gov/resource/sce7-b7au.json?id=12575,archive/sources/deq_2016_2019_records/deq_2016_2019_12575.html,True,,False,,verified_local_html_and_opendata
basin_2016_present,13024,Uintah County Produced Water Release,06/16/2017,UINTAH,VERNAL,https://opendata.utah.gov/resource/sce7-b7au.json?id=13024,https://opendata.utah.gov/resource/sce7-b7au.json?id=13024,archive/sources/deq_2016_2019_records/deq_2016_2019_13024.html,True,,False,,verified_local_html_and_opendata
basin_2016_present,11718,Duchesne Co. - Injection water spill,02/16/2014,DUCHESNE,MYTON,https://opendata.utah.gov/resource/sce7-b7au.json?id=11718,https://opendata.utah.gov/resource/sce7-b7au.json?id=11718,archive/sources/deq_2006_2015_records/deq_2006_2015_deq_incident_161.html,True,,False,,verified_local_html_and_opendata
basin_2016_present,12569,Uintah Co - Treated Water,04/04/2016,UINTAH,VERNAL,https://opendata.utah.gov/resource/sce7-b7au.json?id=12569,https://opendata.utah.gov/resource/sce7-b7au.json?id=12569,archive/sources/deq_2016_2019_records/deq_2016_2019_12569.html,True,,False,,verified_local_html_and_opendata
basin_2016_present,11659,Uintah Co - Used Oil Spill,12/21/2013,UINTAH,NAPLES,https://opendata.utah.gov/resource/sce7-b7au.json?id=11659,https://opendata.utah.gov/resource/sce7-b7au.json?id=11659,archive/sources/deq_2006_2015_records/deq_2006_2015_deq_incident_163.html,True,,False,,verified_local_html_and_opendata
basin_2016_present,11643,Duchesne Co - HCL 15% 150 Gals,12/04/2013,DUCHESNE,ROOSEVELT,https://opendata.utah.gov/resource/sce7-b7au.json?id=11643,https://opendata.utah.gov/resource/sce7-b7au.json?id=11643,archive/sources/deq_2006_2015_records/deq_2006_2015_deq_incident_164.html,True,,False,,verified_local_html_and_opendata
basin_2016_present,13401,Uintah County - Produced Water,05/05/2018,UINTAH,MYTON,https://opendata.utah.gov/resource/sce7-b7au.json?id=13401,https://opendata.utah.gov/resource/sce7-b7au.json?id=13401,archive/sources/deq_2016_2019_records/deq_2016_2019_13401.html,True,,False,,verified_local_html_and_opendata
basin_2016_present,6343,Wetherford Fracturing (Null RP Substituted),01/15/2006,UINTAH,VERNAL,https://opendata.utah.gov/resource/sce7-b7au.json?id=6343,https://opendata.utah.gov/resource/sce7-b7au.json?id=6343,archive/sources/deq_2006_2015_records/deq_2006_2015_deq_incident_166.html,True,,False,,verified_local_html_and_opendata
basin_2016_present,11934,Duchesne Co - Crude & Produced Water,08/25/2014,DUCHESNE,TALMAGE,https://opendata.utah.gov/resource/sce7-b7au.json?id=11934,https://opendata.utah.gov/resource/sce7-b7au.json?id=11934,archive/sources/deq_2006_2015_records/deq_2006_2015_deq_incident_167.html,True,,False,,verified_local_html_and_opendata
basin_2016_present,8553,Joseph Weyerman (Null RP Substituted),05/20/2012,UINTAH,NAPLES,https://opendata.utah.gov/resource/sce7-b7au.json?id=8553,https://opendata.utah.gov/resource/sce7-b7au.json?id=8553,archive/sources/deq_2006_2015_records/deq_2006_2015_deq_incident_168.html,True,,False,,verified_local_html_and_opendata
basin_2016_present,4142,Adler Hot Oil (Null RP Substituted),09/17/2001,Uintah,Vernal,https://opendata.utah.gov/resource/sce7-b7au.json?id=4142,https://opendata.utah.gov/resource/sce7-b7au.json?id=4142,archive/extracted_text/legacy/00004312.txt,True,,False,,verified_local_html_and_opendata
basin_2016_present,11584,Uintah Co- Injection Water Release,10/12/2013,DUCHESNE,MYTON,https://opendata.utah.gov/resource/sce7-b7au.json?id=11584,https://opendata.utah.gov/resource/sce7-b7au.json?id=11584,archive/sources/deq_2006_2015_records/deq_2006_2015_deq_incident_170.html,True,,False,,verified_local_html_and_opendata
basin_2016_present,11730,Duchesne County - Injection Water Release,02/20/2014,DUCHESNE,MYTON,https://opendata.utah.gov/resource/sce7-b7au.json?id=11730,https://opendata.utah.gov/resource/sce7-b7au.json?id=11730,archive/sources/deq_2006_2015_records/deq_2006_2015_deq_incident_171.html,True,,False,,verified_local_html_and_opendata
basin_2016_present,12607,"Production water spill, Neola",05/14/2016,DUCHESNE,NEOLA,https://opendata.utah.gov/resource/sce7-b7au.json?id=12607,https://opendata.utah.gov/resource/sce7-b7au.json?id=12607,archive/sources/deq_2016_2019_records/deq_2016_2019_12607.html,True,,False,,verified_local_html_and_opendata
basin_2016_present,12859,"Treated Injection Water Release, Myton",12/25/2016,DUCHESNE,MYTON,https://opendata.utah.gov/resource/sce7-b7au.json?id=12859,https://opendata.utah.gov/resource/sce7-b7au.json?id=12859,archive/sources/deq_2016_2019_records/deq_2016_2019_12859.html,True,,False,,verified_local_html_and_opendata
basin_2016_present,8783,Produced Water Release,08/04/2012,DUCHESNE,TALMAGE,https://opendata.utah.gov/resource/sce7-b7au.json?id=8783,https://opendata.utah.gov/resource/sce7-b7au.json?id=8783,archive/sources/deq_2006_2015_records/deq_2006_2015_deq_incident_174.html,True,,False,,verified_local_html_and_opendata
basin_2016_present,12738,Myton treated water release,08/31/2016,DUCHESNE,MYTON,https://opendata.utah.gov/resource/sce7-b7au.json?id=12738,https://opendata.utah.gov/resource/sce7-b7au.json?id=12738,archive/sources/deq_2016_2019_records/deq_2016_2019_12738.html,True,,False,,verified_local_html_and_opendata
basin_2016_present,11464,Fish Kill,07/15/2013,UINTAH,VERNAL,https://opendata.utah.gov/resource/sce7-b7au.json?id=11464,https://opendata.utah.gov/resource/sce7-b7au.json?id=11464,archive/sources/deq_2006_2015_records/deq_2006_2015_deq_incident_176.html,True,,False,,verified_local_html_and_opendata
basin_2016_present,12468,Uintah Co - Diesel Spill White River 4 gallons,12/16/2015,UINTAH,VERNAL,https://opendata.utah.gov/resource/sce7-b7au.json?id=12468,https://opendata.utah.gov/resource/sce7-b7au.json?id=12468,archive/sources/deq_2006_2015_records/deq_2006_2015_deq_incident_177.html,True,,False,,verified_local_html_and_opendata
basin_2016_present,12016,Produced water spill near Myton,11/06/2014,DUCHESNE,MYTON,https://opendata.utah.gov/resource/sce7-b7au.json?id=12016,https://opendata.utah.gov/resource/sce7-b7au.json?id=12016,archive/sources/deq_2006_2015_records/deq_2006_2015_deq_incident_178.html,True,,False,,verified_local_html_and_opendata
basin_2016_present,13308,Duchesne Co - Diesel Spill,02/07/2018,DUCHESNE,ROOSEVELT,https://opendata.utah.gov/resource/sce7-b7au.json?id=13308,https://opendata.utah.gov/resource/sce7-b7au.json?id=13308,archive/sources/deq_2016_2019_records/deq_2016_2019_13308.html,True,,False,,verified_local_html_and_opendata
basin_2016_present,13014,Duchesne County - Produced water spill,06/05/2017,DUCHESNE,ALTAMONT,https://opendata.utah.gov/resource/sce7-b7au.json?id=13014,https://opendata.utah.gov/resource/sce7-b7au.json?id=13014,archive/sources/deq_2016_2019_records/deq_2016_2019_13014.html,True,,False,,verified_local_html_and_opendata
basin_2016_present,12962,25 Barrels Produced Water near Duchesne,04/11/2017,DUCHESNE,DUCHESNE,https://opendata.utah.gov/resource/sce7-b7au.json?id=12962,https://opendata.utah.gov/resource/sce7-b7au.json?id=12962,archive/sources/deq_2016_2019_records/deq_2016_2019_12962.html,True,,False,,verified_local_html_and_opendata
basin_2016_present,13297,Duchesne -- Produced water release,01/25/2018,DUCHESNE,DUCHESNE,https://opendata.utah.gov/resource/sce7-b7au.json?id=13297,https://opendata.utah.gov/resource/sce7-b7au.json?id=13297,archive/sources/deq_2016_2019_records/deq_2016_2019_13297.html,True,,False,,verified_local_html_and_opendata
basin_2016_present,13527,Duchesne Co - Treated Injection Water,07/23/2018,DUCHESNE,MYTON,https://opendata.utah.gov/resource/sce7-b7au.json?id=13527,https://opendata.utah.gov/resource/sce7-b7au.json?id=13527,archive/sources/deq_2016_2019_records/deq_2016_2019_13527.html,True,,False,,verified_local_html_and_opendata
basin_2016_present,13300,Uintah County -- Produced water release,01/24/2018,UINTAH,JENSEN,https://opendata.utah.gov/resource/sce7-b7au.json?id=13300,https://opendata.utah.gov/resource/sce7-b7au.json?id=13300,archive/sources/deq_2016_2019_records/deq_2016_2019_13300.html,True,,False,,verified_local_html_and_opendata
basin_2016_present,13617,Treated Injection Water - Myton,09/15/2018,UINTAH,MYTON,https://opendata.utah.gov/resource/sce7-b7au.json?id=13617,https://opendata.utah.gov/resource/sce7-b7au.json?id=13617,archive/sources/deq_2016_2019_records/deq_2016_2019_13617.html,True,,False,,verified_local_html_and_opendata
basin_2016_present,13547,Matt Warner Reservoir -- Harmful Algal Bloom,08/01/2018,UINTAH,VERNAL,https://opendata.utah.gov/resource/sce7-b7au.json?id=13547,https://opendata.utah.gov/resource/sce7-b7au.json?id=13547,archive/sources/deq_2016_2019_records/deq_2016_2019_13547.html,True,,False,,verified_local_html_and_opendata
basin_2016_present,13052,Duchesne County - Sewage,07/08/2017,UINTAH,MYTON,https://opendata.utah.gov/resource/sce7-b7au.json?id=13052,https://opendata.utah.gov/resource/sce7-b7au.json?id=13052,archive/sources/deq_2016_2019_records/deq_2016_2019_13052.html,True,,False,,verified_local_html_and_opendata
basin_2016_present,13461,Uintah County -- Produced water release,06/19/2018,UINTAH,BONANZA,https://opendata.utah.gov/resource/sce7-b7au.json?id=13461,https://opendata.utah.gov/resource/sce7-b7au.json?id=13461,archive/sources/deq_2016_2019_records/deq_2016_2019_13461.html,True,,False,,verified_local_html_and_opendata
basin_2016_present,12029,Newfield Ethylene Glycol Spill - Myton,11/16/2014,DUCHESNE,MYTON,https://opendata.utah.gov/resource/sce7-b7au.json?id=12029,https://opendata.utah.gov/resource/sce7-b7au.json?id=12029,archive/sources/deq_2006_2015_records/deq_2006_2015_deq_incident_189.html,True,,False,,verified_local_html_and_opendata
basin_2016_present,13067,Uintah County -- Treated effluent discharge,07/14/2017,UINTAH,RANDLETT,https://opendata.utah.gov/resource/sce7-b7au.json?id=13067,https://opendata.utah.gov/resource/sce7-b7au.json?id=13067,archive/sources/deq_2016_2019_records/deq_2016_2019_13067.html,True,,False,,verified_local_html_and_opendata
basin_2016_present,13267,Duchesne County - Treated Injection Water,12/23/2017,DUCHESNE,MYTON,https://opendata.utah.gov/resource/sce7-b7au.json?id=13267,https://opendata.utah.gov/resource/sce7-b7au.json?id=13267,archive/sources/deq_2016_2019_records/deq_2016_2019_13267.html,True,,False,,verified_local_html_and_opendata
basin_2016_present,13047,Uintah County - Diesel,06/30/2017,UINTAH,VERNAL,https://opendata.utah.gov/resource/sce7-b7au.json?id=13047,https://opendata.utah.gov/resource/sce7-b7au.json?id=13047,archive/sources/deq_2016_2019_records/deq_2016_2019_13047.html,True,,False,,verified_local_html_and_opendata
basin_2016_present,11835,Uintah QEP Injection Line Break,05/31/2014,UINTAH,JENSEN,https://opendata.utah.gov/resource/sce7-b7au.json?id=11835,https://opendata.utah.gov/resource/sce7-b7au.json?id=11835,archive/sources/deq_2006_2015_records/deq_2006_2015_deq_incident_193.html,True,,False,,verified_local_html_and_opendata
basin_2016_present,13415,30 barrels water to pond,05/19/2018,DUCHESNE,MYTON,https://opendata.utah.gov/resource/sce7-b7au.json?id=13415,https://opendata.utah.gov/resource/sce7-b7au.json?id=13415,archive/sources/deq_2016_2019_records/deq_2016_2019_13415.html,True,,False,,verified_local_html_and_opendata
basin_2016_present,11941,Uintah County Oil Release,08/29/2014,UINTAH,VERNAL,https://opendata.utah.gov/resource/sce7-b7au.json?id=11941,https://opendata.utah.gov/resource/sce7-b7au.json?id=11941,archive/sources/deq_2006_2015_records/deq_2006_2015_deq_incident_195.html,True,,False,,verified_local_html_and_opendata
basin_2016_present,11876,Crude Oil Release north of Vernal,07/07/2014,UINTAH,VERNAL,https://opendata.utah.gov/resource/sce7-b7au.json?id=11876,https://opendata.utah.gov/resource/sce7-b7au.json?id=11876,archive/sources/deq_2006_2015_records/deq_2006_2015_deq_incident_196.html,True,,False,,verified_local_html_and_opendata
basin_2016_present,13620,Unitah Co - Hydraulic Spill,09/17/2018,UINTAH,VERNAL,https://opendata.utah.gov/resource/sce7-b7au.json?id=13620,https://opendata.utah.gov/resource/sce7-b7au.json?id=13620,archive/sources/deq_2016_2019_records/deq_2016_2019_13620.html,True,,False,,verified_local_html_and_opendata
basin_2016_present,12840,Uintah County Produced Water Spill,12/08/2016,UINTAH,VERNAL,https://opendata.utah.gov/resource/sce7-b7au.json?id=12840,https://opendata.utah.gov/resource/sce7-b7au.json?id=12840,archive/sources/deq_2016_2019_records/deq_2016_2019_12840.html,True,,False,,verified_local_html_and_opendata
basin_2016_present,7180,Tracy Williams (Null RP Substituted),10/29/2008,Duchesne,Duchesne,https://opendata.utah.gov/resource/sce7-b7au.json?id=7180,https://opendata.utah.gov/resource/sce7-b7au.json?id=7180,archive/sources/deq_2006_2015_records/deq_2006_2015_deq_incident_199.html,True,,False,,verified_local_html_and_opendata
basin_2016_present,8865,Roosevelt Manure Truck wahsout to creek,05/06/2013,DUCHESNE,ROOSEVELT,https://opendata.utah.gov/resource/sce7-b7au.json?id=8865,https://opendata.utah.gov/resource/sce7-b7au.json?id=8865,archive/sources/deq_2006_2015_records/deq_2006_2015_deq_incident_200.html,True,,False,,verified_local_html_and_opendata
basin_2016_present,11469,Vernal - Hydrochloric Acid Solution,07/17/2013,UINTAH,VERNAL,https://opendata.utah.gov/resource/sce7-b7au.json?id=11469,https://opendata.utah.gov/resource/sce7-b7au.json?id=11469,archive/sources/deq_2006_2015_records/deq_2006_2015_deq_incident_201.html,True,,False,,verified_local_html_and_opendata
basin_2016_present,7945,"Quality Inspection & Testing, Inc. (Null RP Substituted)",10/24/2010,Uintah,Gusher,https://opendata.utah.gov/resource/sce7-b7au.json?id=7945,https://opendata.utah.gov/resource/sce7-b7au.json?id=7945,archive/sources/deq_2006_2015_records/deq_2006_2015_deq_incident_215.html,True,,False,,verified_local_html_and_opendata
basin_2016_present,12277,Duchesne County Treated Water Leak,07/25/2015,DUCHESNE,MYTON,https://opendata.utah.gov/resource/sce7-b7au.json?id=12277,https://opendata.utah.gov/resource/sce7-b7au.json?id=12277,archive/sources/deq_2006_2015_records/deq_2006_2015_deq_incident_203.html,True,,False,,verified_local_html_and_opendata
basin_2016_present,12333,Newfield Treated Inj Water - Myton,08/23/2015,DUCHESNE,MYTON,https://opendata.utah.gov/resource/sce7-b7au.json?id=12333,https://opendata.utah.gov/resource/sce7-b7au.json?id=12333,archive/sources/deq_2006_2015_records/deq_2006_2015_deq_incident_204.html,True,,False,,verified_local_html_and_opendata
basin_2016_present,13734,Roosevelt - Diesel Release,01/15/2019,DUCHESNE,ROOSEVELT,https://opendata.utah.gov/resource/sce7-b7au.json?id=13734,https://opendata.utah.gov/resource/sce7-b7au.json?id=13734,archive/sources/deq_2016_2019_records/deq_2016_2019_13734.html,True,,False,,verified_local_html_and_opendata
basin_2016_present,13159,Duchesne County -- Produced Water Release,08/15/2017,DUCHESNE,BONETA,https://opendata.utah.gov/resource/sce7-b7au.json?id=13159,https://opendata.utah.gov/resource/sce7-b7au.json?id=13159,archive/sources/deq_2016_2019_records/deq_2016_2019_13159.html,True,,False,,verified_local_html_and_opendata
basin_2016_present,11821,Myton Injection Water Release Newfield,05/20/2014,DUCHESNE,MYTON,https://opendata.utah.gov/resource/sce7-b7au.json?id=11821,https://opendata.utah.gov/resource/sce7-b7au.json?id=11821,archive/sources/deq_2006_2015_records/deq_2006_2015_deq_incident_207.html,True,,False,,verified_local_html_and_opendata
basin_2016_present,11495,Production Water Release in Duchesne County,08/01/2013,DUCHESNE,MYTON,https://opendata.utah.gov/resource/sce7-b7au.json?id=11495,https://opendata.utah.gov/resource/sce7-b7au.json?id=11495,archive/sources/deq_2006_2015_records/deq_2006_2015_deq_incident_208.html,True,,False,,verified_local_html_and_opendata
basin_2016_present,12676,Duschesne Co. - Produced water release,07/04/2016,DUCHESNE,BLUEBELL,https://opendata.utah.gov/resource/sce7-b7au.json?id=12676,https://opendata.utah.gov/resource/sce7-b7au.json?id=12676,archive/sources/deq_2016_2019_records/deq_2016_2019_12676.html,True,,False,,verified_local_html_and_opendata
basin_2016_present,13015,"Treated Water Release, Myton",06/08/2017,DUCHESNE,MYTON,https://opendata.utah.gov/resource/sce7-b7au.json?id=13015,https://opendata.utah.gov/resource/sce7-b7au.json?id=13015,archive/sources/deq_2016_2019_records/deq_2016_2019_13015.html,True,,False,,verified_local_html_and_opendata
basin_2016_present,12985,Vernal - Hydraulic oil spill,05/08/2017,UINTAH,VERNAL,https://opendata.utah.gov/resource/sce7-b7au.json?id=12985,https://opendata.utah.gov/resource/sce7-b7au.json?id=12985,archive/sources/deq_2016_2019_records/deq_2016_2019_12985.html,True,,False,,verified_local_html_and_opendata
basin_2016_present,11802,Roosevelt Oil Spill,04/25/2014,DUCHESNE,ROOSEVELT,https://opendata.utah.gov/resource/sce7-b7au.json?id=11802,https://opendata.utah.gov/resource/sce7-b7au.json?id=11802,archive/sources/deq_2006_2015_records/deq_2006_2015_deq_incident_212.html,True,,False,,verified_local_html_and_opendata
basin_2016_present,11694,Duchesne Co - Injection Water Release,01/27/2014,DUCHESNE,MYTON,https://opendata.utah.gov/resource/sce7-b7au.json?id=11694,https://opendata.utah.gov/resource/sce7-b7au.json?id=11694,archive/sources/deq_2006_2015_records/deq_2006_2015_deq_incident_213.html,True,,False,,verified_local_html_and_opendata
basin_2016_present,12632,Uintah Co - Waxy Crude,06/03/2016,UINTAH,LAPOINT,https://opendata.utah.gov/resource/sce7-b7au.json?id=12632,https://opendata.utah.gov/resource/sce7-b7au.json?id=12632,archive/sources/deq_2016_2019_records/deq_2016_2019_12632.html,True,,False,,verified_local_html_and_opendata
basin_2016_present,6185,Unknown (Null RP Substituted),08/24/2006,Uintah,Vernal,https://opendata.utah.gov/resource/sce7-b7au.json?id=6185,https://opendata.utah.gov/resource/sce7-b7au.json?id=6185,archive/sources/deq_2006_2015_records/deq_2006_2015_deq_incident_215.html,True,,False,,verified_local_html_and_opendata
basin_2016_present,11914,Diesel spill in Roosevelt,08/05/2014,DUCHESNE,ROOSEVELT,https://opendata.utah.gov/resource/sce7-b7au.json?id=11914,https://opendata.utah.gov/resource/sce7-b7au.json?id=11914,archive/sources/deq_2006_2015_records/deq_2006_2015_deq_incident_216.html,True,,False,,verified_local_html_and_opendata
basin_2016_present,13919,Produced water release near Altamont,,DUCHESNE,ERDA,https://opendata.utah.gov/resource/sce7-b7au.json?id=13919,https://opendata.utah.gov/resource/sce7-b7au.json?id=13919,,False,,False,,has_opendata_needs_local_archive
basin_2016_present,7193,Unknown (Null RP Substituted),12/04/2008,Uintah,Vernal,https://opendata.utah.gov/resource/sce7-b7au.json?id=7193,https://opendata.utah.gov/resource/sce7-b7au.json?id=7193,archive/sources/deq_2006_2015_records/deq_2006_2015_deq_incident_218.html,True,,False,,verified_local_html_and_opendata
basin_2016_present,13284,UPDATE altamont -- Diesel Fuel spill,01/13/2018,DUCHESNE,TALMAGE,https://opendata.utah.gov/resource/sce7-b7au.json?id=13284,https://opendata.utah.gov/resource/sce7-b7au.json?id=13284,archive/sources/deq_2016_2019_records/deq_2016_2019_13284.html,True,,False,,verified_local_html_and_opendata
basin_2016_present,13181,Myton -Treated Injection Water,10/14/2017,UINTAH,MYTON,https://opendata.utah.gov/resource/sce7-b7au.json?id=13181,https://opendata.utah.gov/resource/sce7-b7au.json?id=13181,archive/sources/deq_2016_2019_records/deq_2016_2019_13181.html,True,,False,,verified_local_html_and_opendata
basin_2016_present,12778,Duchesne County,09/30/2016,DUCHESNE,MYTON,https://opendata.utah.gov/resource/sce7-b7au.json?id=12778,https://opendata.utah.gov/resource/sce7-b7au.json?id=12778,archive/sources/deq_2016_2019_records/deq_2016_2019_12778.html,True,,False,,verified_local_html_and_opendata
basin_2016_present,13342,Oil release to flare - Rooselvelt,03/13/2018,DUCHESNE,ROOSEVELT,https://opendata.utah.gov/resource/sce7-b7au.json?id=13342,https://opendata.utah.gov/resource/sce7-b7au.json?id=13342,archive/sources/deq_2016_2019_records/deq_2016_2019_13342.html,True,,False,,verified_local_html_and_opendata
basin_2016_present,11553,Injection Water Release,09/16/2013,DUCHESNE,MYTON,https://opendata.utah.gov/resource/sce7-b7au.json?id=11553,https://opendata.utah.gov/resource/sce7-b7au.json?id=11553,archive/sources/deq_2006_2015_records/deq_2006_2015_deq_incident_223.html,True,,False,,verified_local_html_and_opendata
basin_2016_present,11766,/// DRILL /// - Starvation Reservoir - /// DRILL,03/25/2014,DUCHESNE,DUCHESNE,https://opendata.utah.gov/resource/sce7-b7au.json?id=11766,https://opendata.utah.gov/resource/sce7-b7au.json?id=11766,archive/sources/deq_2006_2015_records/deq_2006_2015_deq_incident_224.html,True,,False,,verified_local_html_and_opendata
basin_2016_present,13134,Duchesne County - Treated Injection Water,09/01/2017,DUCHESNE,MYTON,https://opendata.utah.gov/resource/sce7-b7au.json?id=13134,https://opendata.utah.gov/resource/sce7-b7au.json?id=13134,archive/sources/deq_2016_2019_records/deq_2016_2019_13134.html,True,,False,,verified_local_html_and_opendata
basin_2016_present,12834,Uintah Co. - QEP Produced Water release,11/28/2016,UINTAH,NAPLES,https://opendata.utah.gov/resource/sce7-b7au.json?id=12834,https://opendata.utah.gov/resource/sce7-b7au.json?id=12834,archive/sources/deq_2016_2019_records/deq_2016_2019_12834.html,True,,False,,verified_local_html_and_opendata
basin_2016_present,13009,Myton - Injection Water Release,05/31/2017,DUCHESNE,MYTON,https://opendata.utah.gov/resource/sce7-b7au.json?id=13009,https://opendata.utah.gov/resource/sce7-b7au.json?id=13009,archive/sources/deq_2016_2019_records/deq_2016_2019_13009.html,True,,False,,verified_local_html_and_opendata
basin_2016_present,12417,Tri-County - Newfield Pipeline release,11/04/2015,DUCHESNE,MYTON,https://opendata.utah.gov/resource/sce7-b7au.json?id=12417,https://opendata.utah.gov/resource/sce7-b7au.json?id=12417,archive/sources/deq_2006_2015_records/deq_2006_2015_deq_incident_228.html,True,,False,,verified_local_html_and_opendata
basin_2016_present,7577,JD Strickland & Assoc. (Null RP Substituted),10/02/2009,Uintah,Vernal,https://opendata.utah.gov/resource/sce7-b7au.json?id=7577,https://opendata.utah.gov/resource/sce7-b7au.json?id=7577,archive/sources/deq_2006_2015_records/deq_2006_2015_deq_incident_229.html,True,,False,,verified_local_html_and_opendata
basin_2016_present,7939,Unknown (Null RP Substituted),10/18/2010,Duchesne,Duchesne,https://opendata.utah.gov/resource/sce7-b7au.json?id=7939,https://opendata.utah.gov/resource/sce7-b7au.json?id=7939,archive/sources/deq_2006_2015_records/deq_2006_2015_deq_incident_230.html,True,,False,,verified_local_html_and_opendata
basin_2016_present,13773,Uintah County -- Crude oil discharge,02/25/2019,UINTAH,BALLARD,https://opendata.utah.gov/resource/sce7-b7au.json?id=13773,https://opendata.utah.gov/resource/sce7-b7au.json?id=13773,archive/sources/deq_2016_2019_records/deq_2016_2019_13773.html,True,,False,,verified_local_html_and_opendata
basin_2016_present,5911,Unknown (Null RP Substituted),,Uintah,Vernal,https://opendata.utah.gov/resource/sce7-b7au.json?id=5911,https://opendata.utah.gov/resource/sce7-b7au.json?id=5911,archive/extracted_text/legacy/s1911.txt,True,,False,,verified_local_html_and_opendata
basin_2016_present,11600,New Field - Release of Production Water,10/26/2013,DUCHESNE,MYTON,https://opendata.utah.gov/resource/sce7-b7au.json?id=11600,https://opendata.utah.gov/resource/sce7-b7au.json?id=11600,archive/sources/deq_2006_2015_records/deq_2006_2015_deq_incident_233.html,True,,False,,verified_local_html_and_opendata
basin_2016_present,13626,Talmage -- Produced Water Spill,08/09/2018,DUCHESNE,TALMAGE,https://opendata.utah.gov/resource/sce7-b7au.json?id=13626,https://opendata.utah.gov/resource/sce7-b7au.json?id=13626,archive/sources/deq_2016_2019_records/deq_2016_2019_13626.html,True,,False,,verified_local_html_and_opendata
basin_2016_present,13376,Uintah county - Produced Water,04/17/2018,UINTAH,JENSEN,https://opendata.utah.gov/resource/sce7-b7au.json?id=13376,https://opendata.utah.gov/resource/sce7-b7au.json?id=13376,archive/sources/deq_2016_2019_records/deq_2016_2019_13376.html,True,,False,,verified_local_html_and_opendata
basin_2016_present,13093,Hallaburton,08/01/2017,DUCHESNE,ROOSEVELT,https://opendata.utah.gov/resource/sce7-b7au.json?id=13093,https://opendata.utah.gov/resource/sce7-b7au.json?id=13093,archive/sources/deq_2016_2019_records/deq_2016_2019_13093.html,True,,False,,verified_local_html_and_opendata
basin_2016_present,13299,Uintah County -- Produced water release,01/24/2018,UINTAH,JENSEN,https://opendata.utah.gov/resource/sce7-b7au.json?id=13299,https://opendata.utah.gov/resource/sce7-b7au.json?id=13299,archive/sources/deq_2016_2019_records/deq_2016_2019_13299.html,True,,False,,verified_local_html_and_opendata
basin_2016_present,12233,"EP Energy, Brine Release,",06/10/2015,DUCHESNE,MT EMMONS,https://opendata.utah.gov/resource/sce7-b7au.json?id=12233,https://opendata.utah.gov/resource/sce7-b7au.json?id=12233,archive/sources/deq_2006_2015_records/deq_2006_2015_deq_incident_238.html,True,,False,,verified_local_html_and_opendata
basin_2016_present,12536,Duchesne County Treated Injection Water Release,03/07/2016,DUCHESNE,MYTON,https://opendata.utah.gov/resource/sce7-b7au.json?id=12536,https://opendata.utah.gov/resource/sce7-b7au.json?id=12536,archive/sources/deq_2016_2019_records/deq_2016_2019_12536.html,True,,False,,verified_local_html_and_opendata
basin_2016_present,2062,Mine Reclaim Water Release,09/21/1996,UINTAH,VERNAL,https://opendata.utah.gov/resource/sce7-b7au.json?id=2062,https://opendata.utah.gov/resource/sce7-b7au.json?id=2062,archive/extracted_text/legacy/00004309.txt,True,,False,,verified_local_html_and_opendata
basin_2016_present,7141,Weatherford International (Null RP Substituted),10/20/2008,UINTAH,VERNAL,https://opendata.utah.gov/resource/sce7-b7au.json?id=7141,https://opendata.utah.gov/resource/sce7-b7au.json?id=7141,archive/sources/deq_2006_2015_records/deq_2006_2015_deq_incident_241.html,True,,False,,verified_local_html_and_opendata
basin_2016_present,11799,Duchesne County - Treated Injection Water,04/22/2014,DUCHESNE,MYTON,https://opendata.utah.gov/resource/sce7-b7au.json?id=11799,https://opendata.utah.gov/resource/sce7-b7au.json?id=11799,archive/sources/deq_2006_2015_records/deq_2006_2015_deq_incident_242.html,True,,False,,verified_local_html_and_opendata
basin_2016_present,13343,Uintah County -- Produced water release,02/27/2018,UINTAH,OURAY,https://opendata.utah.gov/resource/sce7-b7au.json?id=13343,https://opendata.utah.gov/resource/sce7-b7au.json?id=13343,archive/sources/deq_2016_2019_records/deq_2016_2019_13343.html,True,,False,,verified_local_html_and_opendata
basin_2016_present,13367,Uintah County -- Treated effluent discharge,04/03/2018,UINTAH,RANDLETT,https://opendata.utah.gov/resource/sce7-b7au.json?id=13367,https://opendata.utah.gov/resource/sce7-b7au.json?id=13367,archive/sources/deq_2016_2019_records/deq_2016_2019_13367.html,True,,False,,verified_local_html_and_opendata
basin_2016_present,13756,Tabiona Propane,02/08/2019,DUCHESNE,TABIONA,https://opendata.utah.gov/resource/sce7-b7au.json?id=13756,https://opendata.utah.gov/resource/sce7-b7au.json?id=13756,archive/sources/deq_2016_2019_records/deq_2016_2019_13756.html,True,,False,,verified_local_html_and_opendata
basin_2016_present,12396,Production Water Release near Ouray,10/11/2015,UINTAH,OURAY,https://opendata.utah.gov/resource/sce7-b7au.json?id=12396,https://opendata.utah.gov/resource/sce7-b7au.json?id=12396,archive/sources/deq_2006_2015_records/deq_2006_2015_deq_incident_246.html,True,,False,,verified_local_html_and_opendata
basin_2016_present,7138,"Delta Trucking, L.L.C. (Null RP Substituted)",10/06/2008,UINTAH,VERNAL,https://opendata.utah.gov/resource/sce7-b7au.json?id=7138,https://opendata.utah.gov/resource/sce7-b7au.json?id=7138,archive/sources/deq_2006_2015_records/deq_2006_2015_deq_incident_247.html,True,,False,,verified_local_html_and_opendata
basin_2016_present,12649,Uintah Co. - Crude Oil from Tanker Truck,06/14/2016,UINTAH,OURAY,https://opendata.utah.gov/resource/sce7-b7au.json?id=12649,https://opendata.utah.gov/resource/sce7-b7au.json?id=12649,archive/sources/deq_2016_2019_records/deq_2016_2019_12649.html,True,,False,,verified_local_html_and_opendata
basin_2016_present,13567,Duchesne County - Treated Injection Water,08/15/2018,UINTAH,OURAY,https://opendata.utah.gov/resource/sce7-b7au.json?id=13567,https://opendata.utah.gov/resource/sce7-b7au.json?id=13567,archive/sources/deq_2016_2019_records/deq_2016_2019_13567.html,True,,False,,verified_local_html_and_opendata
basin_2016_present,13250,Tri-County - Ethylene Glycol release from pipeline,12/15/2017,DUCHESNE,BLUEBELL,https://opendata.utah.gov/resource/sce7-b7au.json?id=13250,https://opendata.utah.gov/resource/sce7-b7au.json?id=13250,archive/sources/deq_2016_2019_records/deq_2016_2019_13250.html,True,,False,,verified_local_html_and_opendata
basin_2016_present,13656,Injection water spill near Myton,10/24/2018,DUCHESNE,MYTON,https://opendata.utah.gov/resource/sce7-b7au.json?id=13656,https://opendata.utah.gov/resource/sce7-b7au.json?id=13656,archive/sources/deq_2016_2019_records/deq_2016_2019_13656.html,True,,False,,verified_local_html_and_opendata
basin_2016_present,11929,Uintah County Acid Spill,08/20/2014,UINTAH,VERNAL,https://opendata.utah.gov/resource/sce7-b7au.json?id=11929,https://opendata.utah.gov/resource/sce7-b7au.json?id=11929,archive/sources/deq_2006_2015_records/deq_2006_2015_deq_incident_252.html,True,,False,,verified_local_html_and_opendata
basin_2016_present,13298,Bluebell -- Produced water release,01/26/2018,DUCHESNE,BLUEBELL,https://opendata.utah.gov/resource/sce7-b7au.json?id=13298,https://opendata.utah.gov/resource/sce7-b7au.json?id=13298,archive/sources/deq_2016_2019_records/deq_2016_2019_13298.html,True,,False,,verified_local_html_and_opendata
basin_2016_present,13855,Duchesne County - Produced Water Discharge,04/23/2019,DUCHESNE,DUCHESNE,https://opendata.utah.gov/resource/sce7-b7au.json?id=13855,https://opendata.utah.gov/resource/sce7-b7au.json?id=13855,archive/sources/deq_2016_2019_records/deq_2016_2019_13855.html,True,,False,,verified_local_html_and_opendata
basin_2016_present,7098,Simplot Phosphate (Null RP Substituted),09/07/2008,UINTAH,VERNAL,https://opendata.utah.gov/resource/sce7-b7au.json?id=7098,https://opendata.utah.gov/resource/sce7-b7au.json?id=7098,archive/sources/deq_2006_2015_records/deq_2006_2015_deq_incident_255.html,True,,False,,verified_local_html_and_opendata
basin_2016_present,13793,Duchesne County - Glycol release,03/02/2019,DUCHESNE,BLUEBELL,https://opendata.utah.gov/resource/sce7-b7au.json?id=13793,https://opendata.utah.gov/resource/sce7-b7au.json?id=13793,archive/sources/deq_2016_2019_records/deq_2016_2019_13793.html,True,,False,,verified_local_html_and_opendata
basin_2016_present,12611,Myton - Treated injection water spill,05/18/2016,DUCHESNE,MYTON,https://opendata.utah.gov/resource/sce7-b7au.json?id=12611,https://opendata.utah.gov/resource/sce7-b7au.json?id=12611,archive/sources/deq_2016_2019_records/deq_2016_2019_12611.html,True,,False,,verified_local_html_and_opendata
basin_2016_present,13591,Myton - Treated Injection Water release,08/27/2018,DUCHESNE,MYTON,https://opendata.utah.gov/resource/sce7-b7au.json?id=13591,https://opendata.utah.gov/resource/sce7-b7au.json?id=13591,archive/sources/deq_2016_2019_records/deq_2016_2019_13591.html,True,,False,,verified_local_html_and_opendata
basin_2016_present,12351,Duchesne County - Production Water,09/01/2015,DUCHESNE,BLUEBELL,https://opendata.utah.gov/resource/sce7-b7au.json?id=12351,https://opendata.utah.gov/resource/sce7-b7au.json?id=12351,archive/sources/deq_2006_2015_records/deq_2006_2015_deq_incident_259.html,True,,False,,verified_local_html_and_opendata
basin_2016_present,13524,Tri-County - Production water spill,07/22/2018,DUCHESNE,BLUEBELL,https://opendata.utah.gov/resource/sce7-b7au.json?id=13524,https://opendata.utah.gov/resource/sce7-b7au.json?id=13524,archive/sources/deq_2016_2019_records/deq_2016_2019_13524.html,True,,False,,verified_local_html_and_opendata
basin_2016_present,13588,Bluebell -- Oil buried in the ground,08/16/2018,DUCHESNE,BLUEBELL,https://opendata.utah.gov/resource/sce7-b7au.json?id=13588,https://opendata.utah.gov/resource/sce7-b7au.json?id=13588,archive/sources/deq_2016_2019_records/deq_2016_2019_13588.html,True,,False,,verified_local_html_and_opendata
basin_2016_present,12612,Myton - Treated water line leak,05/19/2016,DUCHESNE,MYTON,https://opendata.utah.gov/resource/sce7-b7au.json?id=12612,https://opendata.utah.gov/resource/sce7-b7au.json?id=12612,archive/sources/deq_2016_2019_records/deq_2016_2019_12612.html,True,,False,,verified_local_html_and_opendata
basin_2016_present,12606,"Production Water Leak, Altamont",05/12/2016,DUCHESNE,TALMAGE,https://opendata.utah.gov/resource/sce7-b7au.json?id=12606,https://opendata.utah.gov/resource/sce7-b7au.json?id=12606,archive/sources/deq_2016_2019_records/deq_2016_2019_12606.html,True,,False,,verified_local_html_and_opendata
basin_2016_present,13568,Duchesne County - Treated Injection Water,08/15/2018,DUCHESNE,MYTON,https://opendata.utah.gov/resource/sce7-b7au.json?id=13568,https://opendata.utah.gov/resource/sce7-b7au.json?id=13568,archive/sources/deq_2016_2019_records/deq_2016_2019_13568.html,True,,False,,verified_local_html_and_opendata
basin_2016_present,13225,Duchesne County - Ethylene Glycol,11/29/2017,DUCHESNE,DUCHESNE,https://opendata.utah.gov/resource/sce7-b7au.json?id=13225,https://opendata.utah.gov/resource/sce7-b7au.json?id=13225,archive/sources/deq_2016_2019_records/deq_2016_2019_13225.html,True,,False,,verified_local_html_and_opendata
basin_2016_present,303,BASIN TRANSMISSION & ENGINE CHANGE (Null RP Substituted),,DUCHESNE,VERNAL,https://opendata.utah.gov/resource/sce7-b7au.json?id=303,https://opendata.utah.gov/resource/sce7-b7au.json?id=303,archive/extracted_text/legacy/00004303.txt,True,,False,,verified_local_html_and_opendata
basin_2016_present,13312,Uintah County -- Condensate release,01/30/2018,UINTAH,VERNAL,https://opendata.utah.gov/resource/sce7-b7au.json?id=13312,https://opendata.utah.gov/resource/sce7-b7au.json?id=13312,archive/sources/deq_2016_2019_records/deq_2016_2019_13312.html,True,,False,,verified_local_html_and_opendata
basin_2016_present,13203,Myton - Release of treated injection water,11/02/2017,UINTAH,MYTON,https://opendata.utah.gov/resource/sce7-b7au.json?id=13203,https://opendata.utah.gov/resource/sce7-b7au.json?id=13203,archive/sources/deq_2016_2019_records/deq_2016_2019_13203.html,True,,False,,verified_local_html_and_opendata
basin_2016_present,12856,Vernal - Hydraulic Oil Spill,12/22/2016,UINTAH,VERNAL,https://opendata.utah.gov/resource/sce7-b7au.json?id=12856,https://opendata.utah.gov/resource/sce7-b7au.json?id=12856,archive/sources/deq_2016_2019_records/deq_2016_2019_12856.html,True,,False,,verified_local_html_and_opendata
basin_2016_present,11959,Roosevelt Soil Contamination,09/09/2014,DUCHESNE,ROOSEVELT,https://opendata.utah.gov/resource/sce7-b7au.json?id=11959,https://opendata.utah.gov/resource/sce7-b7au.json?id=11959,archive/sources/deq_2006_2015_records/deq_2006_2015_deq_incident_270.html,True,,False,,verified_local_html_and_opendata
basin_2016_present,13110,Jones Hole sewage,08/15/2017,UINTAH,VERNAL,https://opendata.utah.gov/resource/sce7-b7au.json?id=13110,https://opendata.utah.gov/resource/sce7-b7au.json?id=13110,archive/sources/deq_2016_2019_records/deq_2016_2019_13110.html,True,,False,,verified_local_html_and_opendata
basin_2016_present,13354,Uintah County -- Produced water release,03/10/2018,UINTAH,OURAY,https://opendata.utah.gov/resource/sce7-b7au.json?id=13354,https://opendata.utah.gov/resource/sce7-b7au.json?id=13354,archive/sources/deq_2016_2019_records/deq_2016_2019_13354.html,True,,False,,verified_local_html_and_opendata
basin_2016_present,12430,Duchesne County - Production Water,11/15/2015,DUCHESNE,TALMAGE,https://opendata.utah.gov/resource/sce7-b7au.json?id=12430,https://opendata.utah.gov/resource/sce7-b7au.json?id=12430,archive/sources/deq_2006_2015_records/deq_2006_2015_deq_incident_273.html,True,,False,,verified_local_html_and_opendata
basin_2016_present,13021,Uintah County Produced Water Release,06/13/2017,UINTAH,OURAY,https://opendata.utah.gov/resource/sce7-b7au.json?id=13021,https://opendata.utah.gov/resource/sce7-b7au.json?id=13021,archive/sources/deq_2016_2019_records/deq_2016_2019_13021.html,True,,False,,verified_local_html_and_opendata
basin_2016_present,13366,Uintah County -- Treated effluent discharge,04/03/2018,UINTAH,RANDLETT,https://opendata.utah.gov/resource/sce7-b7au.json?id=13366,https://opendata.utah.gov/resource/sce7-b7au.json?id=13366,archive/sources/deq_2016_2019_records/deq_2016_2019_13366.html,True,,False,,verified_local_html_and_opendata
basin_2016_present,11541,Book Cliffs Pipeline Release,09/09/2013,DUCHESNE,ROOSEVELT,https://opendata.utah.gov/resource/sce7-b7au.json?id=11541,https://opendata.utah.gov/resource/sce7-b7au.json?id=11541,archive/sources/deq_2006_2015_records/deq_2006_2015_deq_incident_276.html,True,,False,,verified_local_html_and_opendata
basin_2016_present,4921,Questar (Null RP Substituted),06/17/2003,Uintah,Vernal,https://opendata.utah.gov/resource/sce7-b7au.json?id=4921,https://opendata.utah.gov/resource/sce7-b7au.json?id=4921,archive/sources/deq_2006_2015_records/deq_2006_2015_deq_incident_277.html,True,,False,,verified_local_html_and_opendata
basin_2016_present,13111,Treated Injection Water Myton,08/15/2017,DUCHESNE,MYTON,https://opendata.utah.gov/resource/sce7-b7au.json?id=13111,https://opendata.utah.gov/resource/sce7-b7au.json?id=13111,archive/sources/deq_2016_2019_records/deq_2016_2019_13111.html,True,,False,,verified_local_html_and_opendata
basin_2016_present,12092,Uintah County Crude Oil Spill,02/04/2015,UINTAH,RANDLETT,https://opendata.utah.gov/resource/sce7-b7au.json?id=12092,https://opendata.utah.gov/resource/sce7-b7au.json?id=12092,archive/sources/deq_2006_2015_records/deq_2006_2015_deq_incident_279.html,True,,False,,verified_local_html_and_opendata
basin_2016_present,13243,Vernal -- Liquid waste dumping,12/08/2017,UINTAH,VERNAL,https://opendata.utah.gov/resource/sce7-b7au.json?id=13243,https://opendata.utah.gov/resource/sce7-b7au.json?id=13243,archive/sources/deq_2016_2019_records/deq_2016_2019_13243.html,True,,False,,verified_local_html_and_opendata
basin_2016_present,12209,Duchesne County - Treated Water Release,05/21/2015,DUCHESNE,MYTON,https://opendata.utah.gov/resource/sce7-b7au.json?id=12209,https://opendata.utah.gov/resource/sce7-b7au.json?id=12209,archive/sources/deq_2006_2015_records/deq_2006_2015_deq_incident_281.html,True,,False,,verified_local_html_and_opendata
basin_2016_present,12937,Unitah Co - Hydraulic Spill,03/14/2017,UINTAH,VERNAL,https://opendata.utah.gov/resource/sce7-b7au.json?id=12937,https://opendata.utah.gov/resource/sce7-b7au.json?id=12937,archive/sources/deq_2016_2019_records/deq_2016_2019_12937.html,True,,False,,verified_local_html_and_opendata
basin_2016_present,13858,Bluebell -- Produced water release,04/25/2019,DUCHESNE,BLUEBELL,https://opendata.utah.gov/resource/sce7-b7au.json?id=13858,https://opendata.utah.gov/resource/sce7-b7au.json?id=13858,archive/sources/deq_2016_2019_records/deq_2016_2019_13858.html,True,,False,,verified_local_html_and_opendata
basin_2016_present,13890,Produced water release near Talmage,05/10/2019,DUCHESNE,TALMAGE,https://opendata.utah.gov/resource/sce7-b7au.json?id=13890,https://opendata.utah.gov/resource/sce7-b7au.json?id=13890,archive/sources/deq_2016_2019_records/deq_2016_2019_13890.html,True,,False,,verified_local_html_and_opendata
basin_2016_present,3637,Warner Enterprises (Null RP Substituted),10/10/2000,Uintah,Vernal,https://opendata.utah.gov/resource/sce7-b7au.json?id=3637,https://opendata.utah.gov/resource/sce7-b7au.json?id=3637,archive/extracted_text/legacy/s1909.txt,True,,False,,verified_local_html_and_opendata
basin_2016_present,12325,Uinta County - Condensate release,05/20/2015,UINTAH,OURAY,https://opendata.utah.gov/resource/sce7-b7au.json?id=12325,https://opendata.utah.gov/resource/sce7-b7au.json?id=12325,archive/sources/deq_2006_2015_records/deq_2006_2015_deq_incident_286.html,True,,False,,verified_local_html_and_opendata
basin_2016_present,13887,Duchesne County -- Natural gas release,05/01/2019,DUCHESNE,DUCHESNE,https://opendata.utah.gov/resource/sce7-b7au.json?id=13887,https://opendata.utah.gov/resource/sce7-b7au.json?id=13887,archive/sources/deq_2016_2019_records/deq_2016_2019_13887.html,True,,False,,verified_local_html_and_opendata
basin_2016_present,11940,Rabbit Gulch Produced Water Release,08/29/2014,DUCHESNE,DUCHESNE,https://opendata.utah.gov/resource/sce7-b7au.json?id=11940,https://opendata.utah.gov/resource/sce7-b7au.json?id=11940,archive/sources/deq_2006_2015_records/deq_2006_2015_deq_incident_288.html,True,,False,,verified_local_html_and_opendata
basin_2016_present,13409,"Recycled Burner Fuel Spill, near Maeser",05/16/2018,UINTAH,MAESER,https://opendata.utah.gov/resource/sce7-b7au.json?id=13409,https://opendata.utah.gov/resource/sce7-b7au.json?id=13409,archive/sources/deq_2016_2019_records/deq_2016_2019_13409.html,True,,False,,verified_local_html_and_opendata
basin_2016_present,13338,Vernal - Hydraulic oil release,03/13/2018,UINTAH,VERNAL,https://opendata.utah.gov/resource/sce7-b7au.json?id=13338,https://opendata.utah.gov/resource/sce7-b7au.json?id=13338,archive/sources/deq_2016_2019_records/deq_2016_2019_13338.html,True,,False,,verified_local_html_and_opendata
basin_2016_present,13769,Vernal - Unknown vapor discharge to air,02/19/2019,UINTAH,VERNAL,https://opendata.utah.gov/resource/sce7-b7au.json?id=13769,https://opendata.utah.gov/resource/sce7-b7au.json?id=13769,archive/sources/deq_2016_2019_records/deq_2016_2019_13769.html,True,,False,,verified_local_html_and_opendata
basin_2016_present,13161,"Production Water Release, Myton",09/27/2017,DUCHESNE,MYTON,https://opendata.utah.gov/resource/sce7-b7au.json?id=13161,https://opendata.utah.gov/resource/sce7-b7au.json?id=13161,archive/sources/deq_2016_2019_records/deq_2016_2019_13161.html,True,,False,,verified_local_html_and_opendata
basin_2016_present,13044,Duchesne County  -- Produced Water Discharge,06/28/2017,DUCHESNE,BLUEBELL,https://opendata.utah.gov/resource/sce7-b7au.json?id=13044,https://opendata.utah.gov/resource/sce7-b7au.json?id=13044,archive/sources/deq_2016_2019_records/deq_2016_2019_13044.html,True,,False,,verified_local_html_and_opendata
basin_2016_present,12636,Duchesne County - Treated Injection Water Line,06/06/2016,DUCHESNE,MYTON,https://opendata.utah.gov/resource/sce7-b7au.json?id=12636,https://opendata.utah.gov/resource/sce7-b7au.json?id=12636,archive/sources/deq_2016_2019_records/deq_2016_2019_12636.html,True,,False,,verified_local_html_and_opendata
basin_2016_present,12845,300 Barrels Produced Water Near Duchesne,12/13/2016,DUCHESNE,DUCHESNE,https://opendata.utah.gov/resource/sce7-b7au.json?id=12845,https://opendata.utah.gov/resource/sce7-b7au.json?id=12845,archive/sources/deq_2016_2019_records/deq_2016_2019_12845.html,True,,False,,verified_local_html_and_opendata
basin_2016_present,8558,Chevron Pipeline Co. (Null RP Substituted),06/19/2012,DUCHESNE,MYTON,https://opendata.utah.gov/resource/sce7-b7au.json?id=8558,https://opendata.utah.gov/resource/sce7-b7au.json?id=8558,archive/sources/deq_2006_2015_records/deq_2006_2015_deq_incident_296.html,True,,False,,verified_local_html_and_opendata
basin_2016_present,8062,Rocky Mountain Power (Null RP Substituted),02/22/2011,UINTAH,VERNAL,https://opendata.utah.gov/resource/sce7-b7au.json?id=8062,https://opendata.utah.gov/resource/sce7-b7au.json?id=8062,archive/sources/deq_2006_2015_records/deq_2006_2015_deq_incident_297.html,True,,False,,verified_local_html_and_opendata
basin_2016_present,13659,Produced water release near Myton,10/26/2018,DUCHESNE,TALMAGE,https://opendata.utah.gov/resource/sce7-b7au.json?id=13659,https://opendata.utah.gov/resource/sce7-b7au.json?id=13659,archive/sources/deq_2016_2019_records/deq_2016_2019_13659.html,True,,False,,verified_local_html_and_opendata
basin_2016_present,13141,Duchesne County - Treated Injection Water,09/07/2017,DUCHESNE,MYTON,https://opendata.utah.gov/resource/sce7-b7au.json?id=13141,https://opendata.utah.gov/resource/sce7-b7au.json?id=13141,archive/sources/deq_2016_2019_records/deq_2016_2019_13141.html,True,,False,,verified_local_html_and_opendata
basin_2016_present,12971,Uintah County Hydraulic Oil Leak,04/19/2017,UINTAH,VERNAL,https://opendata.utah.gov/resource/sce7-b7au.json?id=12971,https://opendata.utah.gov/resource/sce7-b7au.json?id=12971,archive/sources/deq_2016_2019_records/deq_2016_2019_12971.html,True,,False,,verified_local_html_and_opendata
basin_2016_present,6545,West Wing Oil (Null RP Substituted),06/24/2007,Uintah,Vernal,https://opendata.utah.gov/resource/sce7-b7au.json?id=6545,https://opendata.utah.gov/resource/sce7-b7au.json?id=6545,archive/sources/deq_2006_2015_records/deq_2006_2015_deq_incident_301.html,True,,False,,verified_local_html_and_opendata
basin_2016_present,13017,Filtered Water Release near Myton,06/11/2017,UINTAH,BALLARD,https://opendata.utah.gov/resource/sce7-b7au.json?id=13017,https://opendata.utah.gov/resource/sce7-b7au.json?id=13017,archive/sources/deq_2016_2019_records/deq_2016_2019_13017.html,True,,False,,verified_local_html_and_opendata
basin_2016_present,8116,Uintah High School (Null RP Substituted),04/01/2011,UINTAH,VERNAL,https://opendata.utah.gov/resource/sce7-b7au.json?id=8116,https://opendata.utah.gov/resource/sce7-b7au.json?id=8116,archive/sources/deq_2006_2015_records/deq_2006_2015_deq_incident_303.html,True,,False,,verified_local_html_and_opendata
basin_2016_present,12452,Savage crude oil/diesel,11/28/2015,DUCHESNE,MYTON,https://opendata.utah.gov/resource/sce7-b7au.json?id=12452,https://opendata.utah.gov/resource/sce7-b7au.json?id=12452,archive/sources/deq_2006_2015_records/deq_2006_2015_deq_incident_304.html,True,,False,,verified_local_html_and_opendata
basin_2016_present,13914,Vernal - Hydraulic Oil,05/24/2019,UINTAH,VERNAL,https://opendata.utah.gov/resource/sce7-b7au.json?id=13914,https://opendata.utah.gov/resource/sce7-b7au.json?id=13914,archive/sources/deq_2016_2019_records/deq_2016_2019_13914.html,True,,False,,verified_local_html_and_opendata
basin_2016_present,12081,Duchesne County - Injection Water Release,01/21/2015,DUCHESNE,MYTON,https://opendata.utah.gov/resource/sce7-b7au.json?id=12081,https://opendata.utah.gov/resource/sce7-b7au.json?id=12081,archive/sources/deq_2006_2015_records/deq_2006_2015_deq_incident_306.html,True,,False,,verified_local_html_and_opendata
basin_2016_present,13444,Salt water spill in Duchesne County,06/08/2018,DUCHESNE,DUCHESNE,https://opendata.utah.gov/resource/sce7-b7au.json?id=13444,https://opendata.utah.gov/resource/sce7-b7au.json?id=13444,archive/sources/deq_2016_2019_records/deq_2016_2019_13444.html,True,,False,,verified_local_html_and_opendata
basin_2016_present,12463,EP Energy Production Water,10/26/2015,DUCHESNE,CEDARVIEW,https://opendata.utah.gov/resource/sce7-b7au.json?id=12463,https://opendata.utah.gov/resource/sce7-b7au.json?id=12463,archive/sources/deq_2006_2015_records/deq_2006_2015_deq_incident_308.html,True,,False,,verified_local_html_and_opendata
basin_2016_present,11780,Myton - Newfield Collection Line  Release,04/10/2014,DUCHESNE,MYTON,https://opendata.utah.gov/resource/sce7-b7au.json?id=11780,https://opendata.utah.gov/resource/sce7-b7au.json?id=11780,archive/sources/deq_2006_2015_records/deq_2006_2015_deq_incident_309.html,True,,False,,verified_local_html_and_opendata
basin_2016_present,8346,Elpaso Energy (Null RP Substituted),11/04/2011,DUCHESNE,ALTAMONT,https://opendata.utah.gov/resource/sce7-b7au.json?id=8346,https://opendata.utah.gov/resource/sce7-b7au.json?id=8346,archive/sources/deq_2006_2015_records/deq_2006_2015_deq_incident_310.html,True,,False,,verified_local_html_and_opendata
basin_2016_present,12629,Roosevelt - Newfield Injection Water Release,06/01/2016,UINTAH,ROOSEVELT,https://opendata.utah.gov/resource/sce7-b7au.json?id=12629,https://opendata.utah.gov/resource/sce7-b7au.json?id=12629,archive/sources/deq_2016_2019_records/deq_2016_2019_12629.html,True,,False,,verified_local_html_and_opendata
basin_2016_present,12810,"Injection Water Spill, Myton",10/28/2016,DUCHESNE,MYTON,https://opendata.utah.gov/resource/sce7-b7au.json?id=12810,https://opendata.utah.gov/resource/sce7-b7au.json?id=12810,archive/sources/deq_2016_2019_records/deq_2016_2019_12810.html,True,,False,,verified_local_html_and_opendata
basin_2016_present,8691,QEP Energy (Null RP Substituted),11/07/2012,UINTAH,OURAY,https://opendata.utah.gov/resource/sce7-b7au.json?id=8691,https://opendata.utah.gov/resource/sce7-b7au.json?id=8691,archive/sources/deq_2006_2015_records/deq_2006_2015_deq_incident_313.html,True,,False,,verified_local_html_and_opendata
basin_2016_present,13743,Duchesne -- Produced water spill,01/26/2019,DUCHESNE,DUCHESNE,https://opendata.utah.gov/resource/sce7-b7au.json?id=13743,https://opendata.utah.gov/resource/sce7-b7au.json?id=13743,archive/sources/deq_2016_2019_records/deq_2016_2019_13743.html,True,,False,,verified_local_html_and_opendata
basin_2016_present,6358,Kent Hadlock and Dennis Judd (Null RP Substituted),01/26/2007,Uintah,Vernal,https://opendata.utah.gov/resource/sce7-b7au.json?id=6358,https://opendata.utah.gov/resource/sce7-b7au.json?id=6358,archive/sources/deq_2006_2015_records/deq_2006_2015_deq_incident_315.html,True,,False,,verified_local_html_and_opendata
basin_2016_present,12000,Vernal - Hydraulic oil spill,10/12/2014,UINTAH,VERNAL,https://opendata.utah.gov/resource/sce7-b7au.json?id=12000,https://opendata.utah.gov/resource/sce7-b7au.json?id=12000,archive/sources/deq_2006_2015_records/deq_2006_2015_deq_incident_316.html,True,,False,,verified_local_html_and_opendata
basin_2016_present,13665,Produced water spill near Bluebell,11/03/2018,DUCHESNE,BLUEBELL,https://opendata.utah.gov/resource/sce7-b7au.json?id=13665,https://opendata.utah.gov/resource/sce7-b7au.json?id=13665,archive/sources/deq_2016_2019_records/deq_2016_2019_13665.html,True,,False,,verified_local_html_and_opendata
basin_2016_present,7262,Western Petroleum (Null RP Substituted),01/16/2009,Uintah,Vernal,https://opendata.utah.gov/resource/sce7-b7au.json?id=7262,https://opendata.utah.gov/resource/sce7-b7au.json?id=7262,archive/sources/deq_2006_2015_records/deq_2006_2015_deq_incident_318.html,True,,False,,verified_local_html_and_opendata
basin_2016_present,12874,Uintah Co. - Produced Water release,01/18/2017,UINTAH,NAPLES,https://opendata.utah.gov/resource/sce7-b7au.json?id=12874,https://opendata.utah.gov/resource/sce7-b7au.json?id=12874,archive/sources/deq_2016_2019_records/deq_2016_2019_12874.html,True,,False,,verified_local_html_and_opendata
basin_2016_present,13205,Duschene County -- Produced water spill,10/22/2017,DUCHESNE,BONETA,https://opendata.utah.gov/resource/sce7-b7au.json?id=13205,https://opendata.utah.gov/resource/sce7-b7au.json?id=13205,archive/sources/deq_2016_2019_records/deq_2016_2019_13205.html,True,,False,,verified_local_html_and_opendata
basin_2016_present,13277,Duchesne County Injection Water Release,01/06/2018,DUCHESNE,MYTON,https://opendata.utah.gov/resource/sce7-b7au.json?id=13277,https://opendata.utah.gov/resource/sce7-b7au.json?id=13277,archive/sources/deq_2016_2019_records/deq_2016_2019_13277.html,True,,False,,verified_local_html_and_opendata
basin_2016_present,12546,Myton - Treated Injection Water release,03/17/2016,DUCHESNE,MYTON,https://opendata.utah.gov/resource/sce7-b7au.json?id=12546,https://opendata.utah.gov/resource/sce7-b7au.json?id=12546,archive/sources/deq_2016_2019_records/deq_2016_2019_12546.html,True,,False,,verified_local_html_and_opendata
basin_2016_present,13353,Uintah County -- Treated effluent discharge,03/15/2018,UINTAH,RANDLETT,https://opendata.utah.gov/resource/sce7-b7au.json?id=13353,https://opendata.utah.gov/resource/sce7-b7au.json?id=13353,archive/sources/deq_2016_2019_records/deq_2016_2019_13353.html,True,,False,,verified_local_html_and_opendata
basin_2016_present,7478,Unknown (Null RP Substituted),07/23/2009,Uintah,Vernal,https://opendata.utah.gov/resource/sce7-b7au.json?id=7478,https://opendata.utah.gov/resource/sce7-b7au.json?id=7478,archive/sources/deq_2006_2015_records/deq_2006_2015_deq_incident_324.html,True,,False,,verified_local_html_and_opendata
basin_2016_present,14303,Uintah County -- Crude Oil Spill,02/12/2020,UINTAH,LEETON,https://opendata.utah.gov/resource/sce7-b7au.json?id=14303,https://opendata.utah.gov/resource/sce7-b7au.json?id=14303,,False,archive/sources/deq_2020_2024_pdfs/3134700_Report_14303.pdf,True,,verified_local_pdf
basin_2016_present,12472,Duchesne County - Treated Injection Water,12/24/2015,DUCHESNE,MYTON,https://opendata.utah.gov/resource/sce7-b7au.json?id=12472,https://opendata.utah.gov/resource/sce7-b7au.json?id=12472,archive/sources/deq_2006_2015_records/deq_2006_2015_deq_incident_326.html,True,,False,,verified_local_html_and_opendata
basin_2016_present,14316,UPDATE Bluebell - Produced water spill,02/25/2020,DUCHESNE,ALTAMONT,https://opendata.utah.gov/resource/sce7-b7au.json?id=14316,https://opendata.utah.gov/resource/sce7-b7au.json?id=14316,,False,archive/sources/deq_2020_2024_pdfs/8143590_Report_14316.pdf,True,,verified_local_pdf
basin_2016_present,14323,Duchesne -- Produced Water Spill,02/29/2020,DUCHESNE,DUCHESNE,https://opendata.utah.gov/resource/sce7-b7au.json?id=14323,https://opendata.utah.gov/resource/sce7-b7au.json?id=14323,,False,archive/sources/deq_2020_2024_pdfs/8143590_Report_14323.pdf,True,,verified_local_pdf
basin_2016_present,14322,Uintah County -- Hydraulic Fluid Spill,02/28/2020,UINTAH,VERNAL,https://opendata.utah.gov/resource/sce7-b7au.json?id=14322,https://opendata.utah.gov/resource/sce7-b7au.json?id=14322,,False,archive/sources/deq_2020_2024_pdfs/3134700_Report_14322.pdf,True,,verified_local_pdf
basin_2016_present,14325,Duchesne County -- Produced Water Spill,03/01/2020,DUCHESNE,BRIDGELAND,https://opendata.utah.gov/resource/sce7-b7au.json?id=14325,https://opendata.utah.gov/resource/sce7-b7au.json?id=14325,,False,archive/sources/deq_2020_2024_pdfs/8143590_Report_14325.pdf,True,,verified_local_pdf
basin_2016_present,14327,Myton -- Injection Water Spill,03/03/2020,DUCHESNE,MYTON,https://opendata.utah.gov/resource/sce7-b7au.json?id=14327,https://opendata.utah.gov/resource/sce7-b7au.json?id=14327,,False,archive/sources/deq_2020_2024_pdfs/8143590_Report_14327.pdf,True,,verified_local_pdf
basin_2016_present,12420,Newfield - Treated Injection Water,11/06/2015,DUCHESNE,MYTON,https://opendata.utah.gov/resource/sce7-b7au.json?id=12420,https://opendata.utah.gov/resource/sce7-b7au.json?id=12420,archive/sources/deq_2006_2015_records/deq_2006_2015_deq_incident_332.html,True,,False,,verified_local_html_and_opendata
basin_2016_present,12883,Mt Pacific Diesel,01/26/2017,DUCHESNE,FRUITLAND,https://opendata.utah.gov/resource/sce7-b7au.json?id=12883,https://opendata.utah.gov/resource/sce7-b7au.json?id=12883,archive/sources/deq_2016_2019_records/deq_2016_2019_12883.html,True,,False,,verified_local_html_and_opendata
basin_2016_present,6990,Outback Rentals (Tim Crow) (Null RP Substituted),06/24/2008,UINTAH,VERNAL,https://opendata.utah.gov/resource/sce7-b7au.json?id=6990,https://opendata.utah.gov/resource/sce7-b7au.json?id=6990,archive/sources/deq_2006_2015_records/deq_2006_2015_deq_incident_334.html,True,,False,,verified_local_html_and_opendata
basin_2016_present,13393,Uintah County -- Produced water release,04/17/2018,UINTAH,JENSEN,https://opendata.utah.gov/resource/sce7-b7au.json?id=13393,https://opendata.utah.gov/resource/sce7-b7au.json?id=13393,archive/sources/deq_2016_2019_records/deq_2016_2019_13393.html,True,,False,,verified_local_html_and_opendata
basin_2016_present,13943,Zelph Calder Reservior -- Harmful Algal Bloom,06/11/2019,UINTAH,VERNAL,https://opendata.utah.gov/resource/sce7-b7au.json?id=13943,https://opendata.utah.gov/resource/sce7-b7au.json?id=13943,archive/sources/deq_2016_2019_records/deq_2016_2019_13943.html,True,,False,,verified_local_html_and_opendata
basin_2016_present,13953,Bluebell -- Pipeline leak,06/23/2019,DUCHESNE,BLUEBELL,https://opendata.utah.gov/resource/sce7-b7au.json?id=13953,https://opendata.utah.gov/resource/sce7-b7au.json?id=13953,archive/sources/deq_2016_2019_records/deq_2016_2019_13953.html,True,,False,,verified_local_html_and_opendata
basin_2016_present,13952,Bluebell -- Pipeline leak,06/20/2019,DUCHESNE,BLUEBELL,https://opendata.utah.gov/resource/sce7-b7au.json?id=13952,https://opendata.utah.gov/resource/sce7-b7au.json?id=13952,archive/sources/deq_2016_2019_records/deq_2016_2019_13952.html,True,,False,,verified_local_html_and_opendata
basin_2016_present,14293,Crude and Produced Water - Duchesne County,02/06/2020,DUCHESNE,DUCHESNE,https://opendata.utah.gov/resource/sce7-b7au.json?id=14293,https://opendata.utah.gov/resource/sce7-b7au.json?id=14293,,False,archive/sources/deq_2020_2024_pdfs/8143590_Report_14293.pdf,True,,verified_local_pdf
basin_2016_present,14254,UPDATE:  Jensen -- Produced water/crude oil spill,12/17/2019,UINTAH,JENSEN,https://opendata.utah.gov/resource/sce7-b7au.json?id=14254,https://opendata.utah.gov/resource/sce7-b7au.json?id=14254,archive/sources/deq_2016_2019_records/deq_2016_2019_14254.html,True,,False,,verified_local_html_and_opendata
basin_2016_present,14045,HAB Warning at Matt Warner Reservoir,08/13/2019,UINTAH,VERNAL,https://opendata.utah.gov/resource/sce7-b7au.json?id=14045,https://opendata.utah.gov/resource/sce7-b7au.json?id=14045,archive/sources/deq_2016_2019_records/deq_2016_2019_14045.html,True,,False,,verified_local_html_and_opendata
basin_2016_present,14004,Myton -- Discharge of treated injection water,07/25/2019,DUCHESNE,MYTON,https://opendata.utah.gov/resource/sce7-b7au.json?id=14004,https://opendata.utah.gov/resource/sce7-b7au.json?id=14004,archive/sources/deq_2016_2019_records/deq_2016_2019_14004.html,True,,False,,verified_local_html_and_opendata
basin_2016_present,14186,Myton Silage,11/11/2019,DUCHESNE,MYTON,https://opendata.utah.gov/resource/sce7-b7au.json?id=14186,https://opendata.utah.gov/resource/sce7-b7au.json?id=14186,archive/sources/deq_2016_2019_records/deq_2016_2019_14186.html,True,,False,,verified_local_html_and_opendata
basin_2016_present,13958,Vernal - Diesel detected in GW above ISLs,07/02/2019,UINTAH,VERNAL,https://opendata.utah.gov/resource/sce7-b7au.json?id=13958,https://opendata.utah.gov/resource/sce7-b7au.json?id=13958,archive/sources/deq_2016_2019_records/deq_2016_2019_13958.html,True,,False,,verified_local_html_and_opendata
basin_2016_present,13133,Duchesne County - Treated Injection Water,09/01/2017,DUCHESNE,MYTON,https://opendata.utah.gov/resource/sce7-b7au.json?id=13133,https://opendata.utah.gov/resource/sce7-b7au.json?id=13133,archive/sources/deq_2016_2019_records/deq_2016_2019_13133.html,True,,False,,verified_local_html_and_opendata
basin_2016_present,12718,Diesel Fuel Spill 300 gal,08/08/2016,DUCHESNE,ROOSEVELT,https://opendata.utah.gov/resource/sce7-b7au.json?id=12718,https://opendata.utah.gov/resource/sce7-b7au.json?id=12718,archive/sources/deq_2016_2019_records/deq_2016_2019_12718.html,True,,False,,verified_local_html_and_opendata
basin_2016_present,3574,Ned Mitchell Construction Company (Null RP Substituted),08/17/2000,Uintah,Vernal,https://opendata.utah.gov/resource/sce7-b7au.json?id=3574,https://opendata.utah.gov/resource/sce7-b7au.json?id=3574,archive/sources/deq_2016_2019_records/deq_2016_2019_13574.html,True,,False,,verified_local_html_and_opendata
basin_2016_present,14297,Vernal - Diesel Spill,02/10/2020,UINTAH,VERNAL,https://opendata.utah.gov/resource/sce7-b7au.json?id=14297,https://opendata.utah.gov/resource/sce7-b7au.json?id=14297,,False,archive/sources/deq_2020_2024_pdfs/3134700_Report_14297.pdf,True,,verified_local_pdf
basin_2016_present,14158,Myton -- Injection Water Spill,10/16/2019,DUCHESNE,MYTON,https://opendata.utah.gov/resource/sce7-b7au.json?id=14158,https://opendata.utah.gov/resource/sce7-b7au.json?id=14158,archive/sources/deq_2016_2019_records/deq_2016_2019_14158.html,True,,False,,verified_local_html_and_opendata
basin_2016_present,12524,Duchesne County - Treated Injection Water Spill,02/24/2016,DUCHESNE,MYTON,https://opendata.utah.gov/resource/sce7-b7au.json?id=12524,https://opendata.utah.gov/resource/sce7-b7au.json?id=12524,archive/sources/deq_2016_2019_records/deq_2016_2019_12524.html,True,,False,,verified_local_html_and_opendata
basin_2016_present,14040,Hydraulic Fluid - Vernal,08/12/2019,UINTAH,VERNAL,https://opendata.utah.gov/resource/sce7-b7au.json?id=14040,https://opendata.utah.gov/resource/sce7-b7au.json?id=14040,archive/sources/deq_2016_2019_records/deq_2016_2019_14040.html,True,,False,,verified_local_html_and_opendata
basin_2016_present,14261,Duchesne County Production Water Spill,01/01/2020,DUCHESNE,DUCHESNE,https://opendata.utah.gov/resource/sce7-b7au.json?id=14261,https://opendata.utah.gov/resource/sce7-b7au.json?id=14261,archive/extracted_text/legacy/s1955.txt,True,,False,,verified_local_html_and_opendata
basin_2016_present,14007,Bluebell -- Pipeline leak,07/23/2019,DUCHESNE,BLUEBELL,https://opendata.utah.gov/resource/sce7-b7au.json?id=14007,https://opendata.utah.gov/resource/sce7-b7au.json?id=14007,archive/sources/deq_2016_2019_records/deq_2016_2019_14007.html,True,,False,,verified_local_html_and_opendata
basin_2016_present,13971,UPALCO -- Produced water line leak,06/22/2019,DUCHESNE,UPALCO,https://opendata.utah.gov/resource/sce7-b7au.json?id=13971,https://opendata.utah.gov/resource/sce7-b7au.json?id=13971,archive/sources/deq_2016_2019_records/deq_2016_2019_13971.html,True,,False,,verified_local_html_and_opendata
basin_2016_present,13226,Uintah County -- Crude oil discharge,11/16/2017,UINTAH,OURAY,https://opendata.utah.gov/resource/sce7-b7au.json?id=13226,https://opendata.utah.gov/resource/sce7-b7au.json?id=13226,archive/sources/deq_2016_2019_records/deq_2016_2019_13226.html,True,,False,,verified_local_html_and_opendata
basin_2016_present,13960,Unitah County Diesel Spill,07/03/2019,UINTAH,VERNAL,https://opendata.utah.gov/resource/sce7-b7au.json?id=13960,https://opendata.utah.gov/resource/sce7-b7au.json?id=13960,archive/sources/deq_2016_2019_records/deq_2016_2019_13960.html,True,,False,,verified_local_html_and_opendata
basin_2016_present,12872,Duchesne Co - Treated Injection Water,01/15/2017,DUCHESNE,MYTON,https://opendata.utah.gov/resource/sce7-b7au.json?id=12872,https://opendata.utah.gov/resource/sce7-b7au.json?id=12872,archive/sources/deq_2016_2019_records/deq_2016_2019_12872.html,True,,False,,verified_local_html_and_opendata
basin_2016_present,13135,Uintah County - Hydraulic Fluid,09/02/2017,UINTAH,VERNAL,https://opendata.utah.gov/resource/sce7-b7au.json?id=13135,https://opendata.utah.gov/resource/sce7-b7au.json?id=13135,archive/sources/deq_2016_2019_records/deq_2016_2019_13135.html,True,,False,,verified_local_html_and_opendata
basin_2016_present,14331,Myton - Treated injection water release,03/07/2020,DUCHESNE,MYTON,https://opendata.utah.gov/resource/sce7-b7au.json?id=14331,https://opendata.utah.gov/resource/sce7-b7au.json?id=14331,,False,archive/sources/deq_2020_2024_pdfs/4123124_Report_14331.pdf,True,,verified_local_pdf
basin_2016_present,13888,Duschene County Production Water Leak,05/09/2019,DUCHESNE,BLUEBELL,https://opendata.utah.gov/resource/sce7-b7au.json?id=13888,https://opendata.utah.gov/resource/sce7-b7au.json?id=13888,archive/sources/deq_2016_2019_records/deq_2016_2019_13888.html,True,,False,,verified_local_html_and_opendata
basin_2016_present,11518,Production Water Spill,08/22/2013,DUCHESNE,DUCHESNE,https://opendata.utah.gov/resource/sce7-b7au.json?id=11518,https://opendata.utah.gov/resource/sce7-b7au.json?id=11518,archive/sources/deq_2006_2015_records/deq_2006_2015_deq_incident_361.html,True,,False,,verified_local_html_and_opendata
basin_2016_present,14296,Duchesne - Produced Water & Oil,02/07/2020,DUCHESNE,UPALCO,https://opendata.utah.gov/resource/sce7-b7au.json?id=14296,https://opendata.utah.gov/resource/sce7-b7au.json?id=14296,,False,archive/sources/deq_2020_2024_pdfs/8143590_Report_14296.pdf,True,,verified_local_pdf
basin_2016_present,13207,Duchesne County - Treated Injection Water,11/08/2017,DUCHESNE,MYTON,https://opendata.utah.gov/resource/sce7-b7au.json?id=13207,https://opendata.utah.gov/resource/sce7-b7au.json?id=13207,archive/sources/deq_2016_2019_records/deq_2016_2019_13207.html,True,,False,,verified_local_html_and_opendata
basin_2016_present,12117,Produced Water Spill Near Myton,02/23/2015,DUCHESNE,MYTON,https://opendata.utah.gov/resource/sce7-b7au.json?id=12117,https://opendata.utah.gov/resource/sce7-b7au.json?id=12117,archive/sources/deq_2006_2015_records/deq_2006_2015_deq_incident_364.html,True,,False,,verified_local_html_and_opendata
basin_2016_present,13112,Treated Injection Water Myton,08/16/2017,DUCHESNE,MYTON,https://opendata.utah.gov/resource/sce7-b7au.json?id=13112,https://opendata.utah.gov/resource/sce7-b7au.json?id=13112,archive/sources/deq_2016_2019_records/deq_2016_2019_13112.html,True,,False,,verified_local_html_and_opendata
basin_2016_present,11866,Potential Crude Oil Release,06/30/2014,DUCHESNE,ROOSEVELT,https://opendata.utah.gov/resource/sce7-b7au.json?id=11866,https://opendata.utah.gov/resource/sce7-b7au.json?id=11866,archive/sources/deq_2006_2015_records/deq_2006_2015_deq_incident_366.html,True,,False,,verified_local_html_and_opendata
basin_2016_present,11778,Duchesne County Production Water Release,04/07/2014,DUCHESNE,ROOSEVELT,https://opendata.utah.gov/resource/sce7-b7au.json?id=11778,https://opendata.utah.gov/resource/sce7-b7au.json?id=11778,archive/sources/deq_2006_2015_records/deq_2006_2015_deq_incident_367.html,True,,False,,verified_local_html_and_opendata
basin_2016_present,8371,Unknown (Null RP Substituted),12/08/2011,DUCHESNE,DUCHESNE,https://opendata.utah.gov/resource/sce7-b7au.json?id=8371,https://opendata.utah.gov/resource/sce7-b7au.json?id=8371,archive/sources/deq_2006_2015_records/deq_2006_2015_deq_incident_368.html,True,,False,,verified_local_html_and_opendata
basin_2016_present,14259,Uintah County Hydraulic Oil Spill,12/31/2019,UINTAH,VERNAL,https://opendata.utah.gov/resource/sce7-b7au.json?id=14259,https://opendata.utah.gov/resource/sce7-b7au.json?id=14259,archive/sources/deq_2016_2019_records/deq_2016_2019_14259.html,True,,False,,verified_local_html_and_opendata
basin_2016_present,13961,Matt Warner Reservoir -- Suspected Algal Bloom,07/02/2019,UINTAH,VERNAL,https://opendata.utah.gov/resource/sce7-b7au.json?id=13961,https://opendata.utah.gov/resource/sce7-b7au.json?id=13961,archive/sources/deq_2016_2019_records/deq_2016_2019_13961.html,True,,False,,verified_local_html_and_opendata
basin_2016_present,14035,Vernal - Hydrualic Oil Spill,08/08/2019,UINTAH,VERNAL,https://opendata.utah.gov/resource/sce7-b7au.json?id=14035,https://opendata.utah.gov/resource/sce7-b7au.json?id=14035,archive/sources/deq_2016_2019_records/deq_2016_2019_14035.html,True,,False,,verified_local_html_and_opendata
basin_2016_present,13951,Bluebell -- Unpermitted oil waste land farm,06/06/2019,DUCHESNE,BLUEBELL,https://opendata.utah.gov/resource/sce7-b7au.json?id=13951,https://opendata.utah.gov/resource/sce7-b7au.json?id=13951,archive/sources/deq_2016_2019_records/deq_2016_2019_13951.html,True,,False,,verified_local_html_and_opendata
basin_2016_present,14205,Mt. Emmons -- Produced water line leak,11/13/2019,DUCHESNE,MT EMMONS,https://opendata.utah.gov/resource/sce7-b7au.json?id=14205,https://opendata.utah.gov/resource/sce7-b7au.json?id=14205,archive/sources/deq_2016_2019_records/deq_2016_2019_14205.html,True,,False,,verified_local_html_and_opendata
basin_2016_present,14287,Myton - Produced water release,01/28/2020,DUCHESNE,MYTON,https://opendata.utah.gov/resource/sce7-b7au.json?id=14287,https://opendata.utah.gov/resource/sce7-b7au.json?id=14287,,False,archive/sources/deq_2020_2024_pdfs/8143590_Report_14287.pdf,True,,verified_local_pdf
basin_2016_present,12986,Vernal - Hydraulic oil spill,05/08/2017,UINTAH,VERNAL,https://opendata.utah.gov/resource/sce7-b7au.json?id=12986,https://opendata.utah.gov/resource/sce7-b7au.json?id=12986,archive/sources/deq_2016_2019_records/deq_2016_2019_12986.html,True,,False,,verified_local_html_and_opendata
basin_2016_present,13683,Duchesne County - Production Water,11/18/2018,DUCHESNE,ROOSEVELT,https://opendata.utah.gov/resource/sce7-b7au.json?id=13683,https://opendata.utah.gov/resource/sce7-b7au.json?id=13683,archive/sources/deq_2016_2019_records/deq_2016_2019_13683.html,True,,False,,verified_local_html_and_opendata
basin_2016_present,13889,Produced water release near Duchesne,05/10/2019,DUCHESNE,DUCHESNE,https://opendata.utah.gov/resource/sce7-b7au.json?id=13889,https://opendata.utah.gov/resource/sce7-b7au.json?id=13889,archive/sources/deq_2016_2019_records/deq_2016_2019_13889.html,True,,False,,verified_local_html_and_opendata
basin_2016_present,11979,Duchesne Co - Raw Sewage,09/25/2014,DUCHESNE,MYTON,https://opendata.utah.gov/resource/sce7-b7au.json?id=11979,https://opendata.utah.gov/resource/sce7-b7au.json?id=11979,archive/sources/deq_2006_2015_records/deq_2006_2015_deq_incident_378.html,True,,False,,verified_local_html_and_opendata
basin_2016_present,14020,Treated Injection Water - Myton,07/31/2019,DUCHESNE,MYTON,https://opendata.utah.gov/resource/sce7-b7au.json?id=14020,https://opendata.utah.gov/resource/sce7-b7au.json?id=14020,archive/sources/deq_2016_2019_records/deq_2016_2019_14020.html,True,,False,,verified_local_html_and_opendata
basin_2016_present,14100,Altamont - Produced water spill,09/09/2019,DUCHESNE,ALTAMONT,https://opendata.utah.gov/resource/sce7-b7au.json?id=14100,https://opendata.utah.gov/resource/sce7-b7au.json?id=14100,archive/sources/deq_2016_2019_records/deq_2016_2019_14100.html,True,,False,,verified_local_html_and_opendata
basin_2016_present,12848,Vernal - Hydraulic oil release,12/17/2016,UINTAH,VERNAL,https://opendata.utah.gov/resource/sce7-b7au.json?id=12848,https://opendata.utah.gov/resource/sce7-b7au.json?id=12848,archive/sources/deq_2016_2019_records/deq_2016_2019_12848.html,True,,False,,verified_local_html_and_opendata
basin_2016_present,14023,Myton - Treated Injection Water,08/02/2019,DUCHESNE,MYTON,https://opendata.utah.gov/resource/sce7-b7au.json?id=14023,https://opendata.utah.gov/resource/sce7-b7au.json?id=14023,archive/sources/deq_2016_2019_records/deq_2016_2019_14023.html,True,,False,,verified_local_html_and_opendata
basin_2016_present,13986,Injection water release near Myton,07/17/2019,DUCHESNE,MYTON,https://opendata.utah.gov/resource/sce7-b7au.json?id=13986,https://opendata.utah.gov/resource/sce7-b7au.json?id=13986,archive/sources/deq_2016_2019_records/deq_2016_2019_13986.html,True,,False,,verified_local_html_and_opendata
basin_2016_present,13931,*DRILL ONLY*  Duchesne -- Crude oil spill,06/11/2019,DUCHESNE,TALMAGE,https://opendata.utah.gov/resource/sce7-b7au.json?id=13931,https://opendata.utah.gov/resource/sce7-b7au.json?id=13931,archive/sources/deq_2016_2019_records/deq_2016_2019_13931.html,True,,False,,verified_local_html_and_opendata
basin_2016_present,12876,Duchesne County - Injection Water,01/19/2017,DUCHESNE,MYTON,https://opendata.utah.gov/resource/sce7-b7au.json?id=12876,https://opendata.utah.gov/resource/sce7-b7au.json?id=12876,archive/sources/deq_2016_2019_records/deq_2016_2019_12876.html,True,,False,,verified_local_html_and_opendata
basin_2016_present,13751,Vernal - Oil Spill,02/04/2019,UINTAH,VERNAL,https://opendata.utah.gov/resource/sce7-b7au.json?id=13751,https://opendata.utah.gov/resource/sce7-b7au.json?id=13751,archive/sources/deq_2016_2019_records/deq_2016_2019_13751.html,True,,False,,verified_local_html_and_opendata
basin_2016_present,12271,EP Energy 80 bbl production water,07/16/2015,DUCHESNE,ALTAMONT,https://opendata.utah.gov/resource/sce7-b7au.json?id=12271,https://opendata.utah.gov/resource/sce7-b7au.json?id=12271,archive/sources/deq_2006_2015_records/deq_2006_2015_deq_incident_387.html,True,,False,,verified_local_html_and_opendata
basin_2016_present,14299,Vernal - Well water contaminated,02/10/2020,UINTAH,VERNAL,https://opendata.utah.gov/resource/sce7-b7au.json?id=14299,https://opendata.utah.gov/resource/sce7-b7au.json?id=14299,,False,archive/sources/deq_2020_2024_pdfs/3134700_Report_14299.pdf,True,,verified_local_pdf
basin_2016_present,13368,Uintah County -- Treated effluent discharge,04/04/2018,UINTAH,RANDLETT,https://opendata.utah.gov/resource/sce7-b7au.json?id=13368,https://opendata.utah.gov/resource/sce7-b7au.json?id=13368,archive/sources/deq_2016_2019_records/deq_2016_2019_13368.html,True,,False,,verified_local_html_and_opendata
basin_2016_present,13881,Produced water spill near Bluebell,05/02/2019,DUCHESNE,BLUEBELL,https://opendata.utah.gov/resource/sce7-b7au.json?id=13881,https://opendata.utah.gov/resource/sce7-b7au.json?id=13881,archive/sources/deq_2016_2019_records/deq_2016_2019_13881.html,True,,False,,verified_local_html_and_opendata
basin_2016_present,13563,Produced Water - Altamont,08/09/2018,DUCHESNE,ALTAMONT,https://opendata.utah.gov/resource/sce7-b7au.json?id=13563,https://opendata.utah.gov/resource/sce7-b7au.json?id=13563,archive/sources/deq_2016_2019_records/deq_2016_2019_13563.html,True,,False,,verified_local_html_and_opendata
basin_2016_present,13785,Treated Injection Water - Myton,03/03/2019,DUCHESNE,MYTON,https://opendata.utah.gov/resource/sce7-b7au.json?id=13785,https://opendata.utah.gov/resource/sce7-b7au.json?id=13785,archive/sources/deq_2016_2019_records/deq_2016_2019_13785.html,True,,False,,verified_local_html_and_opendata
basin_2016_present,12747,Treated Injection Water - Myton,09/12/2016,DUCHESNE,MYTON,https://opendata.utah.gov/resource/sce7-b7au.json?id=12747,https://opendata.utah.gov/resource/sce7-b7au.json?id=12747,archive/sources/deq_2016_2019_records/deq_2016_2019_12747.html,True,,False,,verified_local_html_and_opendata
basin_2016_present,13157,Duchesne County - Treated Injection Water,09/21/2017,UINTAH,MYTON,https://opendata.utah.gov/resource/sce7-b7au.json?id=13157,https://opendata.utah.gov/resource/sce7-b7au.json?id=13157,archive/sources/deq_2016_2019_records/deq_2016_2019_13157.html,True,,False,,verified_local_html_and_opendata
basin_2016_present,13438,Injection water release near Myton,06/06/2018,UINTAH,OURAY,https://opendata.utah.gov/resource/sce7-b7au.json?id=13438,https://opendata.utah.gov/resource/sce7-b7au.json?id=13438,archive/sources/deq_2016_2019_records/deq_2016_2019_13438.html,True,,False,,verified_local_html_and_opendata
basin_2016_present,11706,Duchesne County Produced Water Spill,02/06/2014,DUCHESNE,MYTON,https://opendata.utah.gov/resource/sce7-b7au.json?id=11706,https://opendata.utah.gov/resource/sce7-b7au.json?id=11706,archive/sources/deq_2006_2015_records/deq_2006_2015_deq_incident_396.html,True,,False,,verified_local_html_and_opendata
basin_2016_present,12690,HCL Spill - Atlamont,07/17/2016,DUCHESNE,ALTAMONT,https://opendata.utah.gov/resource/sce7-b7au.json?id=12690,https://opendata.utah.gov/resource/sce7-b7au.json?id=12690,archive/sources/deq_2016_2019_records/deq_2016_2019_12690.html,True,,False,,verified_local_html_and_opendata
basin_2016_present,14264,Roosevelt -- Water line break,01/04/2020,DUCHESNE,ROOSEVELT,https://opendata.utah.gov/resource/sce7-b7au.json?id=14264,https://opendata.utah.gov/resource/sce7-b7au.json?id=14264,,False,archive/sources/deq_2020_2024_pdfs/8143590_Report_14264.pdf,True,,verified_local_pdf
basin_2016_present,7247,Western Petroleum (Null RP Substituted),01/16/2009,Uintah,Vernal,https://opendata.utah.gov/resource/sce7-b7au.json?id=7247,https://opendata.utah.gov/resource/sce7-b7au.json?id=7247,archive/sources/deq_2006_2015_records/deq_2006_2015_deq_incident_318.html,True,,False,,verified_local_html_and_opendata
basin_2016_present,13215,Vernal - Hydraulic oil spill,11/19/2017,UINTAH,VERNAL,https://opendata.utah.gov/resource/sce7-b7au.json?id=13215,https://opendata.utah.gov/resource/sce7-b7au.json?id=13215,archive/sources/deq_2016_2019_records/deq_2016_2019_13215.html,True,,False,,verified_local_html_and_opendata
basin_2016_present,8403,Howell Trucking (Null RP Substituted),01/24/2012,DUCHESNE,DUCHESNE,https://opendata.utah.gov/resource/sce7-b7au.json?id=8403,https://opendata.utah.gov/resource/sce7-b7au.json?id=8403,archive/sources/deq_2006_2015_records/deq_2006_2015_deq_incident_401.html,True,,False,,verified_local_html_and_opendata
basin_2016_present,13987,2nd injection water release near Myton,07/18/2019,DUCHESNE,MYTON,https://opendata.utah.gov/resource/sce7-b7au.json?id=13987,https://opendata.utah.gov/resource/sce7-b7au.json?id=13987,archive/sources/deq_2016_2019_records/deq_2016_2019_13987.html,True,,False,,verified_local_html_and_opendata
basin_2016_present,14319,Myton -- Injection Water Spill,02/25/2020,UINTAH,MYTON,https://opendata.utah.gov/resource/sce7-b7au.json?id=14319,https://opendata.utah.gov/resource/sce7-b7au.json?id=14319,,False,archive/sources/deq_2020_2024_pdfs/3134700_Report_14319.pdf,True,,verified_local_pdf
basin_2016_present,14243,Duchesne -- Produced Water Spill,12/11/2019,DUCHESNE,DUCHESNE,https://opendata.utah.gov/resource/sce7-b7au.json?id=14243,https://opendata.utah.gov/resource/sce7-b7au.json?id=14243,archive/sources/deq_2016_2019_records/deq_2016_2019_14243.html,True,,False,,verified_local_html_and_opendata
basin_2016_present,14224,oil on Highway 87 near Duchesne,11/28/2019,DUCHESNE,DUCHESNE,https://opendata.utah.gov/resource/sce7-b7au.json?id=14224,https://opendata.utah.gov/resource/sce7-b7au.json?id=14224,archive/sources/deq_2016_2019_records/deq_2016_2019_14224.html,True,,False,,verified_local_html_and_opendata
basin_2016_present,14119,Myton - Treated Injection Water Release,09/16/2019,DUCHESNE,MYTON,https://opendata.utah.gov/resource/sce7-b7au.json?id=14119,https://opendata.utah.gov/resource/sce7-b7au.json?id=14119,archive/sources/deq_2016_2019_records/deq_2016_2019_14119.html,True,,False,,verified_local_html_and_opendata
basin_2016_present,14178,Duchesne -- Natural gas pipeline leak,10/01/2019,DUCHESNE,DUCHESNE,https://opendata.utah.gov/resource/sce7-b7au.json?id=14178,https://opendata.utah.gov/resource/sce7-b7au.json?id=14178,archive/sources/deq_2016_2019_records/deq_2016_2019_14178.html,True,,False,,verified_local_html_and_opendata
basin_2016_present,11774,Production Water Spill,03/31/2014,DUCHESNE,DUCHESNE,https://opendata.utah.gov/resource/sce7-b7au.json?id=11774,https://opendata.utah.gov/resource/sce7-b7au.json?id=11774,archive/sources/deq_2006_2015_records/deq_2006_2015_deq_incident_408.html,True,,False,,verified_local_html_and_opendata
basin_2016_present,12489,JNT production water,01/14/2016,UINTAH,VERNAL,https://opendata.utah.gov/resource/sce7-b7au.json?id=12489,https://opendata.utah.gov/resource/sce7-b7au.json?id=12489,archive/sources/deq_2016_2019_records/deq_2016_2019_12489.html,True,,False,,verified_local_html_and_opendata
basin_2016_present,11519,80 Barrel Injection Water Release,08/27/2013,DUCHESNE,MYTON,https://opendata.utah.gov/resource/sce7-b7au.json?id=11519,https://opendata.utah.gov/resource/sce7-b7au.json?id=11519,archive/sources/deq_2006_2015_records/deq_2006_2015_deq_incident_410.html,True,,False,,verified_local_html_and_opendata
basin_2016_present,12239,Myton - Newfield Injection Water,06/18/2015,DUCHESNE,MYTON,https://opendata.utah.gov/resource/sce7-b7au.json?id=12239,https://opendata.utah.gov/resource/sce7-b7au.json?id=12239,archive/sources/deq_2006_2015_records/deq_2006_2015_deq_incident_411.html,True,,False,,verified_local_html_and_opendata
basin_2016_present,11691,Produced water release near Myton,01/23/2014,DUCHESNE,MYTON,https://opendata.utah.gov/resource/sce7-b7au.json?id=11691,https://opendata.utah.gov/resource/sce7-b7au.json?id=11691,archive/sources/deq_2006_2015_records/deq_2006_2015_deq_incident_412.html,True,,False,,verified_local_html_and_opendata
basin_2016_present,12459,Foundation Energy Management - Uintah - Crude Oil,12/08/2015,UINTAH,OURAY,https://opendata.utah.gov/resource/sce7-b7au.json?id=12459,https://opendata.utah.gov/resource/sce7-b7au.json?id=12459,archive/sources/deq_2006_2015_records/deq_2006_2015_deq_incident_413.html,True,,False,,verified_local_html_and_opendata
basin_2016_present,13670,Tri-County - Treated Injection Water release,11/05/2018,DUCHESNE,MYTON,https://opendata.utah.gov/resource/sce7-b7au.json?id=13670,https://opendata.utah.gov/resource/sce7-b7au.json?id=13670,archive/sources/deq_2016_2019_records/deq_2016_2019_13670.html,True,,False,,verified_local_html_and_opendata
basin_2016_present,12205,Condensate Spill near Myton,05/20/2015,DUCHESNE,MYTON,https://opendata.utah.gov/resource/sce7-b7au.json?id=12205,https://opendata.utah.gov/resource/sce7-b7au.json?id=12205,archive/sources/deq_2006_2015_records/deq_2006_2015_deq_incident_415.html,True,,False,,verified_local_html_and_opendata
basin_2016_present,8064,Savage Suites Trucking (Null RP Substituted),02/22/2011,DUCHESNE,MYTON,https://opendata.utah.gov/resource/sce7-b7au.json?id=8064,https://opendata.utah.gov/resource/sce7-b7au.json?id=8064,archive/sources/deq_2006_2015_records/deq_2006_2015_deq_incident_416.html,True,,False,,verified_local_html_and_opendata
basin_2016_present,11460,Hydraulic Fluid Spill,07/11/2013,UINTAH,VERNAL,https://opendata.utah.gov/resource/sce7-b7au.json?id=11460,https://opendata.utah.gov/resource/sce7-b7au.json?id=11460,archive/sources/deq_2006_2015_records/deq_2006_2015_deq_incident_417.html,True,,False,,verified_local_html_and_opendata
basin_2016_present,13980,Duchesne -- Produced Water and Crude Oil Spill,07/15/2019,DUCHESNE,DUCHESNE,https://opendata.utah.gov/resource/sce7-b7au.json?id=13980,https://opendata.utah.gov/resource/sce7-b7au.json?id=13980,archive/sources/deq_2016_2019_records/deq_2016_2019_13980.html,True,,False,,verified_local_html_and_opendata
basin_2016_present,13166,treated injection water spill near Myton,10/03/2017,DUCHESNE,MYTON,https://opendata.utah.gov/resource/sce7-b7au.json?id=13166,https://opendata.utah.gov/resource/sce7-b7au.json?id=13166,archive/sources/deq_2016_2019_records/deq_2016_2019_13166.html,True,,False,,verified_local_html_and_opendata
basin_2016_present,13536,Oil spill in Napels,07/18/2018,UINTAH,NAPLES,https://opendata.utah.gov/resource/sce7-b7au.json?id=13536,https://opendata.utah.gov/resource/sce7-b7au.json?id=13536,archive/sources/deq_2016_2019_records/deq_2016_2019_13536.html,True,,False,,verified_local_html_and_opendata
basin_2016_present,14349,Vernal - Sand and Dust Release,03/18/2020,UINTAH,VERNAL,https://opendata.utah.gov/resource/sce7-b7au.json?id=14349,https://opendata.utah.gov/resource/sce7-b7au.json?id=14349,,False,archive/sources/deq_2020_2024_pdfs/3134700_Report_14349.pdf,True,,verified_local_pdf
basin_2016_present,12787,Duchesne County - Produced Water,10/04/2016,UINTAH,VERNAL,https://opendata.utah.gov/resource/sce7-b7au.json?id=12787,https://opendata.utah.gov/resource/sce7-b7au.json?id=12787,archive/sources/deq_2016_2019_records/deq_2016_2019_12787.html,True,,False,,verified_local_html_and_opendata
basin_2016_present,13831,Duchesne County - Treated Injection Water,04/03/2019,DUCHESNE,MYTON,https://opendata.utah.gov/resource/sce7-b7au.json?id=13831,https://opendata.utah.gov/resource/sce7-b7au.json?id=13831,archive/sources/deq_2016_2019_records/deq_2016_2019_13831.html,True,,False,,verified_local_html_and_opendata
basin_2016_present,12379,Duchesne County - Process Breakdown,09/25/2015,DUCHESNE,ROOSEVELT,https://opendata.utah.gov/resource/sce7-b7au.json?id=12379,https://opendata.utah.gov/resource/sce7-b7au.json?id=12379,archive/sources/deq_2006_2015_records/deq_2006_2015_deq_incident_424.html,True,,False,,verified_local_html_and_opendata
basin_2016_present,11542,Pipeline leak in Book Cliffs,09/09/2013,DUCHESNE,DUCHESNE,https://opendata.utah.gov/resource/sce7-b7au.json?id=11542,https://opendata.utah.gov/resource/sce7-b7au.json?id=11542,archive/sources/deq_2006_2015_records/deq_2006_2015_deq_incident_425.html,True,,False,,verified_local_html_and_opendata
basin_2016_present,13322,Vernal - Hydraulic oil release,02/25/2018,UINTAH,VERNAL,https://opendata.utah.gov/resource/sce7-b7au.json?id=13322,https://opendata.utah.gov/resource/sce7-b7au.json?id=13322,archive/sources/deq_2016_2019_records/deq_2016_2019_13322.html,True,,False,,verified_local_html_and_opendata
basin_2016_present,8413,CGGVeritas (Null RP Substituted),11/16/2011,DUCHESNE,ROOSEVELT,https://opendata.utah.gov/resource/sce7-b7au.json?id=8413,https://opendata.utah.gov/resource/sce7-b7au.json?id=8413,archive/sources/deq_2006_2015_records/deq_2006_2015_deq_incident_427.html,True,,False,,verified_local_html_and_opendata
basin_2016_present,13525,Unitah Co - Hydraulic Spill,07/24/2018,UINTAH,VERNAL,https://opendata.utah.gov/resource/sce7-b7au.json?id=13525,https://opendata.utah.gov/resource/sce7-b7au.json?id=13525,archive/sources/deq_2016_2019_records/deq_2016_2019_13525.html,True,,False,,verified_local_html_and_opendata
basin_2016_present,12497,Basin Condensate Release,01/21/2016,UINTAH,OURAY,https://opendata.utah.gov/resource/sce7-b7au.json?id=12497,https://opendata.utah.gov/resource/sce7-b7au.json?id=12497,archive/sources/deq_2016_2019_records/deq_2016_2019_12497.html,True,,False,,verified_local_html_and_opendata
basin_2016_present,14208,Randlett -- Produced Water Spill,11/15/2019,UINTAH,RANDLETT,https://opendata.utah.gov/resource/sce7-b7au.json?id=14208,https://opendata.utah.gov/resource/sce7-b7au.json?id=14208,archive/sources/deq_2016_2019_records/deq_2016_2019_14208.html,True,,False,,verified_local_html_and_opendata
basin_2016_present,14310,Myton - Diesel release in Nine Mile Canyon,02/13/2020,DUCHESNE,MYTON,https://opendata.utah.gov/resource/sce7-b7au.json?id=14310,https://opendata.utah.gov/resource/sce7-b7au.json?id=14310,,False,archive/sources/deq_2020_2024_pdfs/8143590_Report_14310.pdf,True,,verified_local_pdf
basin_2016_present,13954,Duchesne -- Historic oil spill,06/17/2019,DUCHESNE,DUCHESNE,https://opendata.utah.gov/resource/sce7-b7au.json?id=13954,https://opendata.utah.gov/resource/sce7-b7au.json?id=13954,archive/sources/deq_2016_2019_records/deq_2016_2019_13954.html,True,,False,,verified_local_html_and_opendata
basin_2016_present,14211,Duchesne -- Produced Water and Crude Oil Spill,11/18/2019,DUCHESNE,DUCHESNE,https://opendata.utah.gov/resource/sce7-b7au.json?id=14211,https://opendata.utah.gov/resource/sce7-b7au.json?id=14211,archive/sources/deq_2016_2019_records/deq_2016_2019_14211.html,True,,False,,verified_local_html_and_opendata
basin_2016_present,14279,"Production Water Pipe Burst - Talmage, UT",01/20/2020,DUCHESNE,TALMAGE,https://opendata.utah.gov/resource/sce7-b7au.json?id=14279,https://opendata.utah.gov/resource/sce7-b7au.json?id=14279,,False,archive/sources/deq_2020_2024_pdfs/8143590_Report_14279.pdf,True,,verified_local_pdf
basin_2016_present,14042,Duchesne County Produced Water Release,08/10/2019,DUCHESNE,DUCHESNE,https://opendata.utah.gov/resource/sce7-b7au.json?id=14042,https://opendata.utah.gov/resource/sce7-b7au.json?id=14042,archive/sources/deq_2016_2019_records/deq_2016_2019_14042.html,True,,False,,verified_local_html_and_opendata
basin_2016_present,14314,Duchesne - Release of crude oil,02/22/2020,UINTAH,FORT DUCHESNE,https://opendata.utah.gov/resource/sce7-b7au.json?id=14314,https://opendata.utah.gov/resource/sce7-b7au.json?id=14314,,False,archive/sources/deq_2020_2024_pdfs/3134700_Report_14314.pdf,True,,verified_local_pdf
basin_2016_present,14108,Duchesne -- Injection Water Line Leak,01/05/2019,DUCHESNE,MYTON,https://opendata.utah.gov/resource/sce7-b7au.json?id=14108,https://opendata.utah.gov/resource/sce7-b7au.json?id=14108,archive/sources/deq_2016_2019_records/deq_2016_2019_14108.html,True,,False,,verified_local_html_and_opendata
basin_2016_present,14172,Tabiona Car,10/28/2019,DUCHESNE,TABIONA,https://opendata.utah.gov/resource/sce7-b7au.json?id=14172,https://opendata.utah.gov/resource/sce7-b7au.json?id=14172,archive/sources/deq_2016_2019_records/deq_2016_2019_14172.html,True,,False,,verified_local_html_and_opendata
basin_2016_present,14239,Uintah County -- Hydraulic Fluid Spill,12/07/2019,UINTAH,VERNAL,https://opendata.utah.gov/resource/sce7-b7au.json?id=14239,https://opendata.utah.gov/resource/sce7-b7au.json?id=14239,archive/sources/deq_2016_2019_records/deq_2016_2019_14239.html,True,,False,,verified_local_html_and_opendata
basin_2016_present,14231,Uintah County -- Produced water release,11/29/2019,UINTAH,JENSEN,https://opendata.utah.gov/resource/sce7-b7au.json?id=14231,https://opendata.utah.gov/resource/sce7-b7au.json?id=14231,archive/sources/deq_2016_2019_records/deq_2016_2019_14231.html,True,,False,,verified_local_html_and_opendata
basin_2016_present,14151,Starvation Reservoir -- Harmful Algal Bloom,10/07/2019,DUCHESNE,DUCHESNE,https://opendata.utah.gov/resource/sce7-b7au.json?id=14151,https://opendata.utah.gov/resource/sce7-b7au.json?id=14151,archive/sources/deq_2016_2019_records/deq_2016_2019_14151.html,True,,False,,verified_local_html_and_opendata
basin_2016_present,14346,Vernal - Hydrualic Oil Spill,03/17/2020,UINTAH,VERNAL,https://opendata.utah.gov/resource/sce7-b7au.json?id=14346,https://opendata.utah.gov/resource/sce7-b7au.json?id=14346,,False,archive/sources/deq_2020_2024_pdfs/3134700_Report_14346.pdf,True,,verified_local_pdf
basin_2016_present,14051,Vernal - Simplot Hydraulic Oil Spill,08/19/2019,UINTAH,VERNAL,https://opendata.utah.gov/resource/sce7-b7au.json?id=14051,https://opendata.utah.gov/resource/sce7-b7au.json?id=14051,archive/sources/deq_2016_2019_records/deq_2016_2019_14051.html,True,,False,,verified_local_html_and_opendata
basin_2016_present,14174,Patton Diesel,10/30/2019,DUCHESNE,FRUITLAND,https://opendata.utah.gov/resource/sce7-b7au.json?id=14174,https://opendata.utah.gov/resource/sce7-b7au.json?id=14174,archive/sources/deq_2016_2019_records/deq_2016_2019_14174.html,True,,False,,verified_local_html_and_opendata
basin_2016_present,14200,Duchesne - Production water release,11/11/2019,DUCHESNE,DUCHESNE,https://opendata.utah.gov/resource/sce7-b7au.json?id=14200,https://opendata.utah.gov/resource/sce7-b7au.json?id=14200,archive/sources/deq_2016_2019_records/deq_2016_2019_14200.html,True,,False,,verified_local_html_and_opendata
basin_2016_present,13937,Duchesne County - Injection water release,06/14/2019,UINTAH,MYTON,https://opendata.utah.gov/resource/sce7-b7au.json?id=13937,https://opendata.utah.gov/resource/sce7-b7au.json?id=13937,archive/sources/deq_2016_2019_records/deq_2016_2019_13937.html,True,,False,,verified_local_html_and_opendata
basin_2016_present,14334,Myton - Treated Injection Water Release,03/09/2020,DUCHESNE,MYTON,https://opendata.utah.gov/resource/sce7-b7au.json?id=14334,https://opendata.utah.gov/resource/sce7-b7au.json?id=14334,,False,archive/sources/deq_2020_2024_pdfs/4123124_Report_14334.pdf,True,,verified_local_pdf
basin_2016_present,14219,Production Water Release - Duchesne,11/24/2019,DUCHESNE,DUCHESNE,https://opendata.utah.gov/resource/sce7-b7au.json?id=14219,https://opendata.utah.gov/resource/sce7-b7au.json?id=14219,archive/sources/deq_2016_2019_records/deq_2016_2019_14219.html,True,,False,,verified_local_html_and_opendata
basin_2016_present,14156,Myton -- Injection Water Spill,10/15/2019,DUCHESNE,MYTON,https://opendata.utah.gov/resource/sce7-b7au.json?id=14156,https://opendata.utah.gov/resource/sce7-b7au.json?id=14156,archive/sources/deq_2016_2019_records/deq_2016_2019_14156.html,True,,False,,verified_local_html_and_opendata
basin_2016_present,14197,Myton -- Crude oil spill,11/08/2019,DUCHESNE,MYTON,https://opendata.utah.gov/resource/sce7-b7au.json?id=14197,https://opendata.utah.gov/resource/sce7-b7au.json?id=14197,archive/sources/deq_2016_2019_records/deq_2016_2019_14197.html,True,,False,,verified_local_html_and_opendata
basin_2016_present,14152,Vernal - Hydraulic fluid spill,10/14/2019,UINTAH,VERNAL,https://opendata.utah.gov/resource/sce7-b7au.json?id=14152,https://opendata.utah.gov/resource/sce7-b7au.json?id=14152,archive/sources/deq_2016_2019_records/deq_2016_2019_14152.html,True,,False,,verified_local_html_and_opendata
basin_2016_present,14084,Starvation Reservoir -- Suspected Algal Bloom,08/30/2019,DUCHESNE,DUCHESNE,https://opendata.utah.gov/resource/sce7-b7au.json?id=14084,https://opendata.utah.gov/resource/sce7-b7au.json?id=14084,archive/sources/deq_2016_2019_records/deq_2016_2019_14084.html,True,,False,,verified_local_html_and_opendata
basin_2016_present,14168,Uintah County -- Produced water release,10/24/2019,UINTAH,RANDLETT,https://opendata.utah.gov/resource/sce7-b7au.json?id=14168,https://opendata.utah.gov/resource/sce7-b7au.json?id=14168,archive/sources/deq_2016_2019_records/deq_2016_2019_14168.html,True,,False,,verified_local_html_and_opendata
basin_2016_present,14095,Big Sand Wash Reservoir -- Suspected Algal Bloom,09/05/2019,DUCHESNE,UPALCO,https://opendata.utah.gov/resource/sce7-b7au.json?id=14095,https://opendata.utah.gov/resource/sce7-b7au.json?id=14095,archive/sources/deq_2016_2019_records/deq_2016_2019_14095.html,True,,False,,verified_local_html_and_opendata
basin_2016_present,14318,Myton -- Injection Water Spill,02/25/2020,UINTAH,MYTON,https://opendata.utah.gov/resource/sce7-b7au.json?id=14318,https://opendata.utah.gov/resource/sce7-b7au.json?id=14318,,False,archive/sources/deq_2020_2024_pdfs/3134700_Report_14318.pdf,True,,verified_local_pdf
basin_2016_present,14351,Compressor Oil Spill - Vernal,03/22/2020,UINTAH,VERNAL,https://opendata.utah.gov/resource/sce7-b7au.json?id=14351,https://opendata.utah.gov/resource/sce7-b7au.json?id=14351,,False,archive/sources/deq_2020_2024_pdfs/3134700_Report_14351.pdf,True,,verified_local_pdf
basin_2016_present,14358,Myton -- Injection Water Spill,03/25/2020,UINTAH,MYTON,https://opendata.utah.gov/resource/sce7-b7au.json?id=14358,https://opendata.utah.gov/resource/sce7-b7au.json?id=14358,,False,archive/sources/deq_2020_2024_pdfs/3784777_Report_14358.pdf,True,,verified_local_pdf
basin_2016_present,14363,Uintah County -- Produced water release,04/01/2020,UINTAH,VERNAL,https://opendata.utah.gov/resource/sce7-b7au.json?id=14363,https://opendata.utah.gov/resource/sce7-b7au.json?id=14363,,False,archive/sources/deq_2020_2024_pdfs/3784777_Report_14363.pdf,True,,verified_local_pdf
basin_2016_present,14366,Vernal - Hydraulic Oil,04/07/2020,UINTAH,VERNAL,https://opendata.utah.gov/resource/sce7-b7au.json?id=14366,https://opendata.utah.gov/resource/sce7-b7au.json?id=14366,,False,archive/sources/deq_2020_2024_pdfs/3784777_Report_14366.pdf,True,,verified_local_pdf
basin_2016_present,13202,73 barrels injection water lost near Myton,10/30/2017,DUCHESNE,MYTON,https://opendata.utah.gov/resource/sce7-b7au.json?id=13202,https://opendata.utah.gov/resource/sce7-b7au.json?id=13202,archive/sources/deq_2016_2019_records/deq_2016_2019_13202.html,True,,False,,verified_local_html_and_opendata
basin_2016_present,8030,El Paso E&P Company (Null RP Substituted),01/19/2011,DUCHESNE,ROOSEVELT,https://opendata.utah.gov/resource/sce7-b7au.json?id=8030,https://opendata.utah.gov/resource/sce7-b7au.json?id=8030,archive/sources/deq_2006_2015_records/deq_2006_2015_deq_incident_461.html,True,,False,,verified_local_html_and_opendata
basin_2016_present,12668,Newfield Exploration - Treated Injection Water,06/29/2016,DUCHESNE,MYTON,https://opendata.utah.gov/resource/sce7-b7au.json?id=12668,https://opendata.utah.gov/resource/sce7-b7au.json?id=12668,archive/sources/deq_2016_2019_records/deq_2016_2019_12668.html,True,,False,,verified_local_html_and_opendata
basin_2016_present,13222,Vernal - Hydraulic oil spill,11/22/2017,UINTAH,VERNAL,https://opendata.utah.gov/resource/sce7-b7au.json?id=13222,https://opendata.utah.gov/resource/sce7-b7au.json?id=13222,archive/sources/deq_2016_2019_records/deq_2016_2019_13222.html,True,,False,,verified_local_html_and_opendata
basin_2016_present,13679,Small Oil Spill Near Myton,11/15/2018,DUCHESNE,MYTON,https://opendata.utah.gov/resource/sce7-b7au.json?id=13679,https://opendata.utah.gov/resource/sce7-b7au.json?id=13679,archive/sources/deq_2016_2019_records/deq_2016_2019_13679.html,True,,False,,verified_local_html_and_opendata
basin_2016_present,8392,Anadarko Petroleum Corp. (Null RP Substituted),01/01/2012,UINTAH,VERNAL,https://opendata.utah.gov/resource/sce7-b7au.json?id=8392,https://opendata.utah.gov/resource/sce7-b7au.json?id=8392,archive/sources/deq_2006_2015_records/deq_2006_2015_deq_incident_465.html,True,,False,,verified_local_html_and_opendata
basin_2016_present,11555,Injection water spill in Duchesne County,09/19/2013,DUCHESNE,MYTON,https://opendata.utah.gov/resource/sce7-b7au.json?id=11555,https://opendata.utah.gov/resource/sce7-b7au.json?id=11555,archive/sources/deq_2006_2015_records/deq_2006_2015_deq_incident_466.html,True,,False,,verified_local_html_and_opendata
basin_2016_present,13063,Tri-County - Treated injection water release,07/15/2017,DUCHESNE,MYTON,https://opendata.utah.gov/resource/sce7-b7au.json?id=13063,https://opendata.utah.gov/resource/sce7-b7au.json?id=13063,archive/sources/deq_2016_2019_records/deq_2016_2019_13063.html,True,,False,,verified_local_html_and_opendata
basin_2016_present,12932,Myton - Injection water spill,03/07/2017,DUCHESNE,MYTON,https://opendata.utah.gov/resource/sce7-b7au.json?id=12932,https://opendata.utah.gov/resource/sce7-b7au.json?id=12932,archive/sources/deq_2016_2019_records/deq_2016_2019_12932.html,True,,False,,verified_local_html_and_opendata
basin_2016_present,12282,Myton - Injection water spill,07/28/2015,DUCHESNE,MYTON,https://opendata.utah.gov/resource/sce7-b7au.json?id=12282,https://opendata.utah.gov/resource/sce7-b7au.json?id=12282,archive/sources/deq_2006_2015_records/deq_2006_2015_deq_incident_469.html,True,,False,,verified_local_html_and_opendata
basin_2016_present,12283,Myton - Fresh water spill,07/28/2015,DUCHESNE,MYTON,https://opendata.utah.gov/resource/sce7-b7au.json?id=12283,https://opendata.utah.gov/resource/sce7-b7au.json?id=12283,archive/sources/deq_2006_2015_records/deq_2006_2015_deq_incident_470.html,True,,False,,verified_local_html_and_opendata
basin_2016_present,13316,Uintah County -- Gas condensate release,01/31/2018,UINTAH,VERNAL,https://opendata.utah.gov/resource/sce7-b7au.json?id=13316,https://opendata.utah.gov/resource/sce7-b7au.json?id=13316,archive/sources/deq_2016_2019_records/deq_2016_2019_13316.html,True,,False,,verified_local_html_and_opendata
basin_2016_present,12773,Soldier Creek Marina - Fuel Release,09/22/2016,DUCHESNE,FRUITLAND,https://opendata.utah.gov/resource/sce7-b7au.json?id=12773,https://opendata.utah.gov/resource/sce7-b7au.json?id=12773,archive/sources/deq_2016_2019_records/deq_2016_2019_12773.html,True,,False,,verified_local_html_and_opendata
basin_2016_present,12970,Duchesne County Treated Injection Water Leak,04/16/2017,DUCHESNE,MYTON,https://opendata.utah.gov/resource/sce7-b7au.json?id=12970,https://opendata.utah.gov/resource/sce7-b7au.json?id=12970,archive/sources/deq_2016_2019_records/deq_2016_2019_12970.html,True,,False,,verified_local_html_and_opendata
basin_2016_present,7327,Rosewood Resources (Null RP Substituted),03/17/2009,Uintah,Vernal,https://opendata.utah.gov/resource/sce7-b7au.json?id=7327,https://opendata.utah.gov/resource/sce7-b7au.json?id=7327,archive/sources/deq_2006_2015_records/deq_2006_2015_deq_incident_474.html,True,,False,,verified_local_html_and_opendata
basin_2016_present,11765,Vernal Production Water Release,03/24/2014,UINTAH,VERNAL,https://opendata.utah.gov/resource/sce7-b7au.json?id=11765,https://opendata.utah.gov/resource/sce7-b7au.json?id=11765,archive/sources/deq_2006_2015_records/deq_2006_2015_deq_incident_475.html,True,,False,,verified_local_html_and_opendata
basin_2016_present,11520,Injection Water Release,08/28/2013,DUCHESNE,MYTON,https://opendata.utah.gov/resource/sce7-b7au.json?id=11520,https://opendata.utah.gov/resource/sce7-b7au.json?id=11520,archive/sources/deq_2006_2015_records/deq_2006_2015_deq_incident_476.html,True,,False,,verified_local_html_and_opendata
basin_2016_present,11599,EP Energy - 1500 bbls Production Water,10/26/2013,DUCHESNE,TALMAGE,https://opendata.utah.gov/resource/sce7-b7au.json?id=11599,https://opendata.utah.gov/resource/sce7-b7au.json?id=11599,archive/sources/deq_2006_2015_records/deq_2006_2015_deq_incident_477.html,True,,False,,verified_local_html_and_opendata
basin_2016_present,8668,Production Water Release - Monarch,10/20/2012,DUCHESNE,MONARCH,https://opendata.utah.gov/resource/sce7-b7au.json?id=8668,https://opendata.utah.gov/resource/sce7-b7au.json?id=8668,archive/sources/deq_2006_2015_records/deq_2006_2015_deq_incident_478.html,True,,False,,verified_local_html_and_opendata
basin_2016_present,11714,Vernal - Hydrochloric acid spill,02/14/2014,UINTAH,VERNAL,https://opendata.utah.gov/resource/sce7-b7au.json?id=11714,https://opendata.utah.gov/resource/sce7-b7au.json?id=11714,archive/sources/deq_2006_2015_records/deq_2006_2015_deq_incident_479.html,True,,False,,verified_local_html_and_opendata
basin_2016_present,12945,Duchesne - Release of Production water,03/24/2017,DUCHESNE,DUCHESNE,https://opendata.utah.gov/resource/sce7-b7au.json?id=12945,https://opendata.utah.gov/resource/sce7-b7au.json?id=12945,archive/sources/deq_2016_2019_records/deq_2016_2019_12945.html,True,,False,,verified_local_html_and_opendata
basin_2016_present,11620,Duchesene County Treated Production Water Release,11/16/2013,DUCHESNE,MYTON,https://opendata.utah.gov/resource/sce7-b7au.json?id=11620,https://opendata.utah.gov/resource/sce7-b7au.json?id=11620,archive/sources/deq_2006_2015_records/deq_2006_2015_deq_incident_481.html,True,,False,,verified_local_html_and_opendata
basin_2016_present,11772,Roosevelt Stockwater Release,03/29/2014,DUCHESNE,ROOSEVELT,https://opendata.utah.gov/resource/sce7-b7au.json?id=11772,https://opendata.utah.gov/resource/sce7-b7au.json?id=11772,archive/sources/deq_2006_2015_records/deq_2006_2015_deq_incident_482.html,True,,False,,verified_local_html_and_opendata
basin_2016_present,11787,Duchesne County Diesel Release,04/16/2014,DUCHESNE,MYTON,https://opendata.utah.gov/resource/sce7-b7au.json?id=11787,https://opendata.utah.gov/resource/sce7-b7au.json?id=11787,archive/sources/deq_2006_2015_records/deq_2006_2015_deq_incident_483.html,True,,False,,verified_local_html_and_opendata
basin_2016_present,11975,"Vernal - Release of ""OB Breaker""",09/22/2014,UINTAH,VERNAL,https://opendata.utah.gov/resource/sce7-b7au.json?id=11975,https://opendata.utah.gov/resource/sce7-b7au.json?id=11975,archive/sources/deq_2006_2015_records/deq_2006_2015_deq_incident_484.html,True,,False,,verified_local_html_and_opendata
basin_2016_present,11915,Duchesne County - Production Water Spill,08/05/2014,DUCHESNE,MYTON,https://opendata.utah.gov/resource/sce7-b7au.json?id=11915,https://opendata.utah.gov/resource/sce7-b7au.json?id=11915,archive/sources/deq_2006_2015_records/deq_2006_2015_deq_incident_485.html,True,,False,,verified_local_html_and_opendata
basin_2016_present,7495,Peck  Rock (Null RP Substituted),,Uintah,Saratoga Springs,https://opendata.utah.gov/resource/sce7-b7au.json?id=7495,https://opendata.utah.gov/resource/sce7-b7au.json?id=7495,archive/extracted_text/legacy/s1921.txt,True,,False,,verified_local_html_and_opendata
basin_2016_present,13603,Duchesne -- Produced water spill,09/05/2018,DUCHESNE,DUCHESNE,https://opendata.utah.gov/resource/sce7-b7au.json?id=13603,https://opendata.utah.gov/resource/sce7-b7au.json?id=13603,archive/sources/deq_2016_2019_records/deq_2016_2019_13603.html,True,,False,,verified_local_html_and_opendata
basin_2016_present,11547,Ethylene Glycol Release,09/14/2013,DUCHESNE,MYTON,https://opendata.utah.gov/resource/sce7-b7au.json?id=11547,https://opendata.utah.gov/resource/sce7-b7au.json?id=11547,archive/sources/deq_2006_2015_records/deq_2006_2015_deq_incident_488.html,True,,False,,verified_local_html_and_opendata
basin_2016_present,13876,Oil Production Produced Water Spill - Roosevelt,05/01/2019,DUCHESNE,ROOSEVELT,https://opendata.utah.gov/resource/sce7-b7au.json?id=13876,https://opendata.utah.gov/resource/sce7-b7au.json?id=13876,archive/sources/deq_2016_2019_records/deq_2016_2019_13876.html,True,,False,,verified_local_html_and_opendata
basin_2016_present,13776,Uintah County -- Methanol release,02/17/2019,UINTAH,BONANZA,https://opendata.utah.gov/resource/sce7-b7au.json?id=13776,https://opendata.utah.gov/resource/sce7-b7au.json?id=13776,archive/sources/deq_2016_2019_records/deq_2016_2019_13776.html,True,,False,,verified_local_html_and_opendata
basin_2016_present,11899,Duchesne Diesel Release,07/23/2014,DUCHESNE,DUCHESNE,https://opendata.utah.gov/resource/sce7-b7au.json?id=11899,https://opendata.utah.gov/resource/sce7-b7au.json?id=11899,archive/sources/deq_2006_2015_records/deq_2006_2015_deq_incident_491.html,True,,False,,verified_local_html_and_opendata
basin_2016_present,13574,Uintah County -- Produced water release,08/08/2018,UINTAH,JENSEN,https://opendata.utah.gov/resource/sce7-b7au.json?id=13574,https://opendata.utah.gov/resource/sce7-b7au.json?id=13574,archive/sources/deq_2016_2019_records/deq_2016_2019_13574.html,True,,False,,verified_local_html_and_opendata
basin_2016_present,13103,Uintah County Produced Water Release,08/13/2017,UINTAH,OURAY,https://opendata.utah.gov/resource/sce7-b7au.json?id=13103,https://opendata.utah.gov/resource/sce7-b7au.json?id=13103,archive/sources/deq_2016_2019_records/deq_2016_2019_13103.html,True,,False,,verified_local_html_and_opendata
basin_2016_present,13596,Myton - Treated Injection Water release,08/28/2018,DUCHESNE,MYTON,https://opendata.utah.gov/resource/sce7-b7au.json?id=13596,https://opendata.utah.gov/resource/sce7-b7au.json?id=13596,archive/sources/deq_2016_2019_records/deq_2016_2019_13596.html,True,,False,,verified_local_html_and_opendata
basin_2016_present,13266,UPDATE Duchesne County -- Crude oil mist,12/21/2017,DUCHESNE,CEDARVIEW,https://opendata.utah.gov/resource/sce7-b7au.json?id=13266,https://opendata.utah.gov/resource/sce7-b7au.json?id=13266,archive/sources/deq_2016_2019_records/deq_2016_2019_13266.html,True,,False,,verified_local_html_and_opendata
basin_2016_present,13857,Randlett --Crude Oil Spill,04/02/2019,UINTAH,OURAY,https://opendata.utah.gov/resource/sce7-b7au.json?id=13857,https://opendata.utah.gov/resource/sce7-b7au.json?id=13857,archive/sources/deq_2016_2019_records/deq_2016_2019_13857.html,True,,False,,verified_local_html_and_opendata
basin_2016_present,13341,Vernal - Hydraulic oil spill,03/13/2018,UINTAH,VERNAL,https://opendata.utah.gov/resource/sce7-b7au.json?id=13341,https://opendata.utah.gov/resource/sce7-b7au.json?id=13341,archive/sources/deq_2016_2019_records/deq_2016_2019_13341.html,True,,False,,verified_local_html_and_opendata
basin_2016_present,11756,Uintah Co - Diesel Spill 50 Gallons,03/12/2014,UINTAH,VERNAL,https://opendata.utah.gov/resource/sce7-b7au.json?id=11756,https://opendata.utah.gov/resource/sce7-b7au.json?id=11756,archive/sources/deq_2006_2015_records/deq_2006_2015_deq_incident_498.html,True,,False,,verified_local_html_and_opendata
basin_2016_present,8745,Western Petroleum (Joey Cupp) (Null RP Substituted),01/26/2013,Duchesne,Roosevelt,https://opendata.utah.gov/resource/sce7-b7au.json?id=8745,https://opendata.utah.gov/resource/sce7-b7au.json?id=8745,archive/sources/deq_2006_2015_records/deq_2006_2015_deq_incident_499.html,True,,False,,verified_local_html_and_opendata
basin_2016_present,11764,Roosevelt ITL Production Water Dumping.,03/15/2014,DUCHESNE,ROOSEVELT,https://opendata.utah.gov/resource/sce7-b7au.json?id=11764,https://opendata.utah.gov/resource/sce7-b7au.json?id=11764,archive/sources/deq_2006_2015_records/deq_2006_2015_deq_incident_500.html,True,,False,,verified_local_html_and_opendata
basin_2016_present,12168,Uintah County/sump sludge,04/07/2015,UINTAH,MAESER,https://opendata.utah.gov/resource/sce7-b7au.json?id=12168,https://opendata.utah.gov/resource/sce7-b7au.json?id=12168,archive/sources/deq_2006_2015_records/deq_2006_2015_deq_incident_501.html,True,,False,,verified_local_html_and_opendata
basin_2016_present,11426,Used Engine Gear Oil Spill,07/01/2013,UINTAH,VERNAL,https://opendata.utah.gov/resource/sce7-b7au.json?id=11426,https://opendata.utah.gov/resource/sce7-b7au.json?id=11426,archive/sources/deq_2006_2015_records/deq_2006_2015_deq_incident_502.html,True,,False,,verified_local_html_and_opendata
basin_2016_present,12913,50 Gallons Hydraulic Spill at Simplot,02/23/2017,UINTAH,VERNAL,https://opendata.utah.gov/resource/sce7-b7au.json?id=12913,https://opendata.utah.gov/resource/sce7-b7au.json?id=12913,archive/sources/deq_2016_2019_records/deq_2016_2019_12913.html,True,,False,,verified_local_html_and_opendata
basin_2016_present,13842,Duchesne County Treated Injection Water Release,04/12/2019,DUCHESNE,MYTON,https://opendata.utah.gov/resource/sce7-b7au.json?id=13842,https://opendata.utah.gov/resource/sce7-b7au.json?id=13842,archive/sources/deq_2016_2019_records/deq_2016_2019_13842.html,True,,False,,verified_local_html_and_opendata
basin_2016_present,11602,Roosevelt - Condensate release,10/26/2013,UINTAH,BONANZA,https://opendata.utah.gov/resource/sce7-b7au.json?id=11602,https://opendata.utah.gov/resource/sce7-b7au.json?id=11602,archive/sources/deq_2006_2015_records/deq_2006_2015_deq_incident_505.html,True,,False,,verified_local_html_and_opendata
basin_2016_present,13369,Uinta County - Hydraulic Oil Spill,04/09/2018,UINTAH,VERNAL,https://opendata.utah.gov/resource/sce7-b7au.json?id=13369,https://opendata.utah.gov/resource/sce7-b7au.json?id=13369,archive/sources/deq_2016_2019_records/deq_2016_2019_13369.html,True,,False,,verified_local_html_and_opendata
basin_2016_present,13695,Vernal - Hydraulic oil release at Simplot,11/29/2018,UINTAH,VERNAL,https://opendata.utah.gov/resource/sce7-b7au.json?id=13695,https://opendata.utah.gov/resource/sce7-b7au.json?id=13695,archive/sources/deq_2016_2019_records/deq_2016_2019_13695.html,True,,False,,verified_local_html_and_opendata
basin_2016_present,13558,Altamont - Used oil release,08/06/2018,DUCHESNE,ALTAMONT,https://opendata.utah.gov/resource/sce7-b7au.json?id=13558,https://opendata.utah.gov/resource/sce7-b7au.json?id=13558,archive/sources/deq_2016_2019_records/deq_2016_2019_13558.html,True,,False,,verified_local_html_and_opendata
basin_2016_present,13050,Duchesne County - Treated Injection Water,07/07/2017,DUCHESNE,MYTON,https://opendata.utah.gov/resource/sce7-b7au.json?id=13050,https://opendata.utah.gov/resource/sce7-b7au.json?id=13050,archive/sources/deq_2016_2019_records/deq_2016_2019_13050.html,True,,False,,verified_local_html_and_opendata
basin_2016_present,8575,Levi Smuin (Null RP Substituted),07/03/2012,Uintah,VERNAL,https://opendata.utah.gov/resource/sce7-b7au.json?id=8575,https://opendata.utah.gov/resource/sce7-b7au.json?id=8575,archive/sources/deq_2006_2015_records/deq_2006_2015_deq_incident_510.html,True,,False,,verified_local_html_and_opendata
basin_2016_present,8118,Western Petroleum (Null RP Substituted),04/03/2011,DUCHESNE,MYTON,https://opendata.utah.gov/resource/sce7-b7au.json?id=8118,https://opendata.utah.gov/resource/sce7-b7au.json?id=8118,archive/sources/deq_2006_2015_records/deq_2006_2015_deq_incident_511.html,True,,False,,verified_local_html_and_opendata
basin_2016_present,12182,Natural Gas Release - Uintah Co.,04/18/2015,UINTAH,UINTAH,https://opendata.utah.gov/resource/sce7-b7au.json?id=12182,https://opendata.utah.gov/resource/sce7-b7au.json?id=12182,archive/sources/deq_2006_2015_records/deq_2006_2015_deq_incident_512.html,True,,False,,verified_local_html_and_opendata
basin_2016_present,11707,Uintah County Production Water Spill,02/07/2014,DUCHESNE,MYTON,https://opendata.utah.gov/resource/sce7-b7au.json?id=11707,https://opendata.utah.gov/resource/sce7-b7au.json?id=11707,archive/sources/deq_2006_2015_records/deq_2006_2015_deq_incident_513.html,True,,False,,verified_local_html_and_opendata
basin_2016_present,13808,Vernal - Hydraulic oil at Simplot,03/20/2019,UINTAH,VERNAL,https://opendata.utah.gov/resource/sce7-b7au.json?id=13808,https://opendata.utah.gov/resource/sce7-b7au.json?id=13808,archive/sources/deq_2016_2019_records/deq_2016_2019_13808.html,True,,False,,verified_local_html_and_opendata
basin_2016_present,12340,Duchesne County - Treated Injection Water Release,08/30/2015,DUCHESNE,MYTON,https://opendata.utah.gov/resource/sce7-b7au.json?id=12340,https://opendata.utah.gov/resource/sce7-b7au.json?id=12340,archive/sources/deq_2006_2015_records/deq_2006_2015_deq_incident_515.html,True,,False,,verified_local_html_and_opendata
basin_2016_present,11699,Duchesne Co - Diesel 30 Gallons,02/10/2014,DUCHESNE,HANNA,https://opendata.utah.gov/resource/sce7-b7au.json?id=11699,https://opendata.utah.gov/resource/sce7-b7au.json?id=11699,archive/sources/deq_2006_2015_records/deq_2006_2015_deq_incident_516.html,True,,False,,verified_local_html_and_opendata
basin_2016_present,12318,Duchesne Co - Treated Injection Water,08/14/2015,DUCHESNE,MYTON,https://opendata.utah.gov/resource/sce7-b7au.json?id=12318,https://opendata.utah.gov/resource/sce7-b7au.json?id=12318,archive/sources/deq_2006_2015_records/deq_2006_2015_deq_incident_517.html,True,,False,,verified_local_html_and_opendata
basin_2016_present,8726,Newton Gas (Null RP Substituted),12/31/2012,DUCHESNE,MYTON,https://opendata.utah.gov/resource/sce7-b7au.json?id=8726,https://opendata.utah.gov/resource/sce7-b7au.json?id=8726,archive/sources/deq_2006_2015_records/deq_2006_2015_deq_incident_518.html,True,,False,,verified_local_html_and_opendata
basin_2016_present,6463,Kerr-McGee (c/o haul Contractor to be determined) (Null RP Substituted),04/25/2007,UINTAH,VERNAL,https://opendata.utah.gov/resource/sce7-b7au.json?id=6463,https://opendata.utah.gov/resource/sce7-b7au.json?id=6463,archive/sources/deq_2006_2015_records/deq_2006_2015_deq_incident_519.html,True,,False,,verified_local_html_and_opendata
basin_2016_present,11781,Duchesne Co - Treated Injection Water,04/11/2014,DUCHESNE,MYTON,https://opendata.utah.gov/resource/sce7-b7au.json?id=11781,https://opendata.utah.gov/resource/sce7-b7au.json?id=11781,archive/sources/deq_2006_2015_records/deq_2006_2015_deq_incident_520.html,True,,False,,verified_local_html_and_opendata
basin_2016_present,12911,"EP EnergyRelease, near Duchesne",02/20/2017,DUCHESNE,DUCHESNE,https://opendata.utah.gov/resource/sce7-b7au.json?id=12911,https://opendata.utah.gov/resource/sce7-b7au.json?id=12911,archive/sources/deq_2016_2019_records/deq_2016_2019_12911.html,True,,False,,verified_local_html_and_opendata
basin_2016_present,12852,Altamont - Propylene glycol spill,12/14/2016,DUCHESNE,ALTAMONT,https://opendata.utah.gov/resource/sce7-b7au.json?id=12852,https://opendata.utah.gov/resource/sce7-b7au.json?id=12852,archive/sources/deq_2016_2019_records/deq_2016_2019_12852.html,True,,False,,verified_local_html_and_opendata
basin_2016_present,8854,Rosevelt Top Stop Release,05/28/2013,DUCHESNE,ROOSEVELT,https://opendata.utah.gov/resource/sce7-b7au.json?id=8854,https://opendata.utah.gov/resource/sce7-b7au.json?id=8854,archive/sources/deq_2006_2015_records/deq_2006_2015_deq_incident_523.html,True,,False,,verified_local_html_and_opendata
basin_2016_present,6120,Utah Power & Light (Null RP Substituted),07/05/2006,Uintah,Vernal,https://opendata.utah.gov/resource/sce7-b7au.json?id=6120,https://opendata.utah.gov/resource/sce7-b7au.json?id=6120,archive/sources/deq_2006_2015_records/deq_2006_2015_deq_incident_524.html,True,,False,,verified_local_html_and_opendata
basin_2016_present,20363,MYTON - PRODUCED WATER RELEASE,2026-05-22,DUCHESNE,,https://opendata.utah.gov/resource/sce7-b7au.json?id=20363,https://opendata.utah.gov/resource/sce7-b7au.json?id=20363,C:/Users/Annie/OneDrive/Desktop/StewardBasin/archive/extracted_text/deq_duchesne_2024_2026/deq_duchesne_2024_2026_001_500eq00001J3Y07AAF.txt,True,,False,https://deqspillsps.deq.utah.gov/apex/CaseToPDF?id=500eq00001J3Y07AAF,verified_pdf_url
basin_2016_present,20303,DUCHESNE - PRODUCED WATER,2026-04-29,DUCHESNE,,https://opendata.utah.gov/resource/sce7-b7au.json?id=20303,https://opendata.utah.gov/resource/sce7-b7au.json?id=20303,C:/Users/Annie/OneDrive/Desktop/StewardBasin/archive/extracted_text/deq_duchesne_2024_2026/deq_duchesne_2024_2026_002_500eq00001FlGzRAAV.txt,True,,False,https://deqspillsps.deq.utah.gov/apex/CaseToPDF?id=500eq00001FlGzRAAV,verified_pdf_url
basin_2016_present,20192,DUCHESNE - CRUDE OIL,2026-03-05,DUCHESNE,DUCHESNE,https://opendata.utah.gov/resource/sce7-b7au.json?id=20192,https://opendata.utah.gov/resource/sce7-b7au.json?id=20192,C:/Users/Annie/OneDrive/Desktop/StewardBasin/archive/extracted_text/deq_duchesne_2024_2026/deq_duchesne_2024_2026_003_500eq000019nF6nAAE.txt,True,,False,https://deqspillsps.deq.utah.gov/apex/CaseToPDF?id=500eq000019nF6nAAE,verified_pdf_url
basin_2016_present,20157,ROOSEVELT- PROCESS WATER RELEASE,2026-02-17,DUCHESNE,,https://opendata.utah.gov/resource/sce7-b7au.json?id=20157,https://opendata.utah.gov/resource/sce7-b7au.json?id=20157,C:/Users/Annie/OneDrive/Desktop/StewardBasin/archive/extracted_text/deq_duchesne_2024_2026/deq_duchesne_2024_2026_004_500eq000017pw8pAAA.txt,True,,False,https://deqspillsps.deq.utah.gov/apex/CaseToPDF?id=500eq000017pw8pAAA,verified_pdf_url
basin_2016_present,20154,UPDATE:UPALCO- PROCESS WATER RELEASE,2026-02-16,DUCHESNE,,https://opendata.utah.gov/resource/sce7-b7au.json?id=20154,https://opendata.utah.gov/resource/sce7-b7au.json?id=20154,C:/Users/Annie/OneDrive/Desktop/StewardBasin/archive/extracted_text/deq_duchesne_2024_2026/deq_duchesne_2024_2026_005_500eq000017iKcvAAE.txt,True,,False,https://deqspillsps.deq.utah.gov/apex/CaseToPDF?id=500eq000017iKcvAAE,verified_pdf_url
basin_2016_present,20147,BLUEBELL - CRUDE OIL,2026-02-10,DUCHESNE,,https://opendata.utah.gov/resource/sce7-b7au.json?id=20147,https://opendata.utah.gov/resource/sce7-b7au.json?id=20147,C:/Users/Annie/OneDrive/Desktop/StewardBasin/archive/extracted_text/deq_duchesne_2024_2026/deq_duchesne_2024_2026_006_500eq0000173PGvAAM.txt,True,,False,https://deqspillsps.deq.utah.gov/apex/CaseToPDF?id=500eq0000173PGvAAM,verified_pdf_url
basin_2016_present,20144,DUCHESNE COUNTY - PRODUCTION WATER,2026-02-09,DUCHESNE,,https://opendata.utah.gov/resource/sce7-b7au.json?id=20144,https://opendata.utah.gov/resource/sce7-b7au.json?id=20144,C:/Users/Annie/OneDrive/Desktop/StewardBasin/archive/extracted_text/deq_duchesne_2024_2026/deq_duchesne_2024_2026_007_500eq0000171xb7AAA.txt,True,,False,https://deqspillsps.deq.utah.gov/apex/CaseToPDF?id=500eq0000171xb7AAA,verified_pdf_url
basin_2016_present,20137,DUCHESNE - CRUDE OIL,2026-02-06,DUCHESNE,,https://opendata.utah.gov/resource/sce7-b7au.json?id=20137,https://opendata.utah.gov/resource/sce7-b7au.json?id=20137,C:/Users/Annie/OneDrive/Desktop/StewardBasin/archive/extracted_text/deq_duchesne_2024_2026/deq_duchesne_2024_2026_008_500eq000016bZ2rAAE.txt,True,,False,https://deqspillsps.deq.utah.gov/apex/CaseToPDF?id=500eq000016bZ2rAAE,verified_pdf_url
basin_2016_present,20121,ROOSEVELT - MOTOR OIL RELEASE AT OIL PAD,2026-01-24,DUCHESNE,,https://opendata.utah.gov/resource/sce7-b7au.json?id=20121,https://opendata.utah.gov/resource/sce7-b7au.json?id=20121,C:/Users/Annie/OneDrive/Desktop/StewardBasin/archive/extracted_text/deq_duchesne_2024_2026/deq_duchesne_2024_2026_009_500eq000015I2WEAA0.txt,True,,False,https://deqspillsps.deq.utah.gov/apex/CaseToPDF?id=500eq000015I2WEAA0,verified_pdf_url
basin_2016_present,20113,VERNAL - CRUDE OIL/TACK OIL DUMPING,2026-01-16,DUCHESNE,,https://opendata.utah.gov/resource/sce7-b7au.json?id=20113,https://opendata.utah.gov/resource/sce7-b7au.json?id=20113,C:/Users/Annie/OneDrive/Desktop/StewardBasin/archive/extracted_text/deq_duchesne_2024_2026/deq_duchesne_2024_2026_010_500eq000014tlDMAAY.txt,True,,False,https://deqspillsps.deq.utah.gov/apex/CaseToPDF?id=500eq000014tlDMAAY,verified_pdf_url
basin_2016_present,20105,DUCHESNE - PRODUCED WATER,2026-01-12,DUCHESNE,,https://opendata.utah.gov/resource/sce7-b7au.json?id=20105,https://opendata.utah.gov/resource/sce7-b7au.json?id=20105,C:/Users/Annie/OneDrive/Desktop/StewardBasin/archive/extracted_text/deq_duchesne_2024_2026/deq_duchesne_2024_2026_011_500eq000013TxXCAA0.txt,True,,False,https://deqspillsps.deq.utah.gov/apex/CaseToPDF?id=500eq000013TxXCAA0,verified_pdf_url
basin_2016_present,20099,ROOSEVELT-PRODUCED WATER RELEASE,2026-01-07,DUCHESNE,,https://opendata.utah.gov/resource/sce7-b7au.json?id=20099,https://opendata.utah.gov/resource/sce7-b7au.json?id=20099,C:/Users/Annie/OneDrive/Desktop/StewardBasin/archive/extracted_text/deq_duchesne_2024_2026/deq_duchesne_2024_2026_012_500eq000012ocLRAAY.txt,True,,False,https://deqspillsps.deq.utah.gov/apex/CaseToPDF?id=500eq000012ocLRAAY,verified_pdf_url
basin_2016_present,20082,DUCHESNE - DIESEL IN STREAM,2025-12-27,DUCHESNE,,https://opendata.utah.gov/resource/sce7-b7au.json?id=20082,https://opendata.utah.gov/resource/sce7-b7au.json?id=20082,C:/Users/Annie/OneDrive/Desktop/StewardBasin/archive/extracted_text/deq_duchesne_2024_2026/deq_duchesne_2024_2026_013_500eq000011SbupAAC.txt,True,,False,https://deqspillsps.deq.utah.gov/apex/CaseToPDF?id=500eq000011SbupAAC,verified_pdf_url
basin_2016_present,20083,MYTON - PRODUCED WATER AND CRUDE OIL,2025-12-27,DUCHESNE,,https://opendata.utah.gov/resource/sce7-b7au.json?id=20083,https://opendata.utah.gov/resource/sce7-b7au.json?id=20083,C:/Users/Annie/OneDrive/Desktop/StewardBasin/archive/extracted_text/deq_duchesne_2024_2026/deq_duchesne_2024_2026_014_500eq000011TjByAAK.txt,True,,False,https://deqspillsps.deq.utah.gov/apex/CaseToPDF?id=500eq000011TjByAAK,verified_pdf_url
basin_2016_present,20076,MYTON - PRODUCED WATER,2025-12-23,DUCHESNE,,https://opendata.utah.gov/resource/sce7-b7au.json?id=20076,https://opendata.utah.gov/resource/sce7-b7au.json?id=20076,C:/Users/Annie/OneDrive/Desktop/StewardBasin/archive/extracted_text/deq_duchesne_2024_2026/deq_duchesne_2024_2026_015_500eq0000114ogNAAQ.txt,True,,False,https://deqspillsps.deq.utah.gov/apex/CaseToPDF?id=500eq0000114ogNAAQ,verified_pdf_url
basin_2016_present,20054,DUCHESNE COUNTY - PRODUCED WATER RELEASE,2025-12-11,DUCHESNE,,https://opendata.utah.gov/resource/sce7-b7au.json?id=20054,https://opendata.utah.gov/resource/sce7-b7au.json?id=20054,C:/Users/Annie/OneDrive/Desktop/StewardBasin/archive/extracted_text/deq_duchesne_2024_2026/deq_duchesne_2024_2026_016_500eq00000zWkeBAAS.txt,True,,False,https://deqspillsps.deq.utah.gov/apex/CaseToPDF?id=500eq00000zWkeBAAS,verified_pdf_url
basin_2016_present,20043,UINTA BASIN - CRUDE OIL SPILL,2025-12-05,DUCHESNE,,https://opendata.utah.gov/resource/sce7-b7au.json?id=20043,https://opendata.utah.gov/resource/sce7-b7au.json?id=20043,C:/Users/Annie/OneDrive/Desktop/StewardBasin/archive/extracted_text/deq_duchesne_2024_2026/deq_duchesne_2024_2026_017_500eq00000ydPDhAAM.txt,True,,False,https://deqspillsps.deq.utah.gov/apex/CaseToPDF?id=500eq00000ydPDhAAM,verified_pdf_url
basin_2016_present,20035,UPDATE: ROOSEVELT CRUDE OIL ACCIDENT,2025-12-02,DUCHESNE,IOKA,https://opendata.utah.gov/resource/sce7-b7au.json?id=20035,https://opendata.utah.gov/resource/sce7-b7au.json?id=20035,C:/Users/Annie/OneDrive/Desktop/StewardBasin/archive/extracted_text/deq_duchesne_2024_2026/deq_duchesne_2024_2026_018_500eq00000y822AAAQ.txt,True,,False,https://deqspillsps.deq.utah.gov/apex/CaseToPDF?id=500eq00000y822AAAQ,verified_pdf_url
basin_2016_present,20006,ROOSEVELT - FRACKING RELEASE,2025-11-17,DUCHESNE,,https://opendata.utah.gov/resource/sce7-b7au.json?id=20006,https://opendata.utah.gov/resource/sce7-b7au.json?id=20006,C:/Users/Annie/OneDrive/Desktop/StewardBasin/archive/extracted_text/deq_duchesne_2024_2026/deq_duchesne_2024_2026_019_500eq00000wLcSHAA0.txt,True,,False,https://deqspillsps.deq.utah.gov/apex/CaseToPDF?id=500eq00000wLcSHAA0,verified_pdf_url
basin_2016_present,19971,DUCHESNE COUNTY - DRILLING MUD RELEASE,2025-10-27,DUCHESNE,,https://opendata.utah.gov/resource/sce7-b7au.json?id=19971,https://opendata.utah.gov/resource/sce7-b7au.json?id=19971,C:/Users/Annie/OneDrive/Desktop/StewardBasin/archive/extracted_text/deq_duchesne_2024_2026/deq_duchesne_2024_2026_020_500eq00000uLTunAAG.txt,True,,False,https://deqspillsps.deq.utah.gov/apex/CaseToPDF?id=500eq00000uLTunAAG,verified_pdf_url
basin_2016_present,19937,DUCHESNE - ODORS FROM OIL RIGS,2025-10-07,DUCHESNE,DUCHESNE,https://opendata.utah.gov/resource/sce7-b7au.json?id=19937,https://opendata.utah.gov/resource/sce7-b7au.json?id=19937,C:/Users/Annie/OneDrive/Desktop/StewardBasin/archive/extracted_text/deq_duchesne_2024_2026/deq_duchesne_2024_2026_021_500eq00000sAXr2AAG.txt,True,,False,https://deqspillsps.deq.utah.gov/apex/CaseToPDF?id=500eq00000sAXr2AAG,verified_pdf_url
basin_2016_present,19936,ROOSEVELT - DIESEL RELEASE FROM TRUCK,2025-10-06,DUCHESNE,ROOSEVELT,https://opendata.utah.gov/resource/sce7-b7au.json?id=19936,https://opendata.utah.gov/resource/sce7-b7au.json?id=19936,C:/Users/Annie/OneDrive/Desktop/StewardBasin/archive/extracted_text/deq_duchesne_2024_2026/deq_duchesne_2024_2026_022_500eq00000s9wnIAAQ.txt,True,,False,https://deqspillsps.deq.utah.gov/apex/CaseToPDF?id=500eq00000s9wnIAAQ,verified_pdf_url
basin_2016_present,19878,ROOSEVELT - DIESEL SPILL,2025-09-08,DUCHESNE,ROOSEVELT,https://opendata.utah.gov/resource/sce7-b7au.json?id=19878,https://opendata.utah.gov/resource/sce7-b7au.json?id=19878,C:/Users/Annie/OneDrive/Desktop/StewardBasin/archive/extracted_text/deq_duchesne_2024_2026/deq_duchesne_2024_2026_023_500eq00000oot9iAAA.txt,True,,False,https://deqspillsps.deq.utah.gov/apex/CaseToPDF?id=500eq00000oot9iAAA,verified_pdf_url
basin_2016_present,19860,UPDATED UPALCO - PRODUCED WATER RELEASE,2025-08-28,DUCHESNE,UPALCO,https://opendata.utah.gov/resource/sce7-b7au.json?id=19860,https://opendata.utah.gov/resource/sce7-b7au.json?id=19860,C:/Users/Annie/OneDrive/Desktop/StewardBasin/archive/extracted_text/deq_duchesne_2024_2026/deq_duchesne_2024_2026_024_500eq00000nonuDAAQ.txt,True,,False,https://deqspillsps.deq.utah.gov/apex/CaseToPDF?id=500eq00000nonuDAAQ,verified_pdf_url
basin_2016_present,19799,DUCHESNE COUNTY - CRUDE OIL RELEASE,2025-07-31,DUCHESNE,,https://opendata.utah.gov/resource/sce7-b7au.json?id=19799,https://opendata.utah.gov/resource/sce7-b7au.json?id=19799,C:/Users/Annie/OneDrive/Desktop/StewardBasin/archive/extracted_text/deq_duchesne_2024_2026/deq_duchesne_2024_2026_025_500eq00000kDYRIAA4.txt,True,,False,https://deqspillsps.deq.utah.gov/apex/CaseToPDF?id=500eq00000kDYRIAA4,verified_pdf_url
basin_2016_present,19779,UPALCO - PRODUCED WATER RELEASE,2025-07-24,DUCHESNE,,https://opendata.utah.gov/resource/sce7-b7au.json?id=19779,https://opendata.utah.gov/resource/sce7-b7au.json?id=19779,C:/Users/Annie/OneDrive/Desktop/StewardBasin/archive/extracted_text/deq_duchesne_2024_2026/deq_duchesne_2024_2026_026_500eq00000jSjMrAAK.txt,True,,False,https://deqspillsps.deq.utah.gov/apex/CaseToPDF?id=500eq00000jSjMrAAK,verified_pdf_url
basin_2016_present,19705,ALTAMONT - RELEASE FROM PRODUCTION WATER,2025-06-16,DUCHESNE,,https://opendata.utah.gov/resource/sce7-b7au.json?id=19705,https://opendata.utah.gov/resource/sce7-b7au.json?id=19705,C:/Users/Annie/OneDrive/Desktop/StewardBasin/archive/extracted_text/deq_duchesne_2024_2026/deq_duchesne_2024_2026_027_500eq00000eivoNAAQ.txt,True,,False,https://deqspillsps.deq.utah.gov/apex/CaseToPDF?id=500eq00000eivoNAAQ,verified_pdf_url
basin_2016_present,19704,ROOSEVELT - PRODUCED WATER PIPELINE,2025-06-16,DUCHESNE,ROOSEVELT,https://opendata.utah.gov/resource/sce7-b7au.json?id=19704,https://opendata.utah.gov/resource/sce7-b7au.json?id=19704,C:/Users/Annie/OneDrive/Desktop/StewardBasin/archive/extracted_text/deq_duchesne_2024_2026/deq_duchesne_2024_2026_028_500eq00000ehXoKAAU.txt,True,,False,https://deqspillsps.deq.utah.gov/apex/CaseToPDF?id=500eq00000ehXoKAAU,verified_pdf_url
basin_2016_present,19691,DUCHESNE CO/UINTAH OURAY RESERVATION,2025-06-04,DUCHESNE,,https://opendata.utah.gov/resource/sce7-b7au.json?id=19691,https://opendata.utah.gov/resource/sce7-b7au.json?id=19691,C:/Users/Annie/OneDrive/Desktop/StewardBasin/archive/extracted_text/deq_duchesne_2024_2026/deq_duchesne_2024_2026_029_500eq00000dcF4PAAU.txt,True,,False,https://deqspillsps.deq.utah.gov/apex/CaseToPDF?id=500eq00000dcF4PAAU,verified_pdf_url
basin_2016_present,19677,DUCHESNE COUNTY - PRODUCED WATER,2025-05-29,DUCHESNE,,https://opendata.utah.gov/resource/sce7-b7au.json?id=19677,https://opendata.utah.gov/resource/sce7-b7au.json?id=19677,C:/Users/Annie/OneDrive/Desktop/StewardBasin/archive/extracted_text/deq_duchesne_2024_2026/deq_duchesne_2024_2026_030_500eq00000cPF7jAAG.txt,True,,False,https://deqspillsps.deq.utah.gov/apex/CaseToPDF?id=500eq00000cPF7jAAG,verified_pdf_url
basin_2016_present,19661,UPDATE: MONARCH - PRODUCED WATER,2025-05-26,DUCHESNE,MONARCH,https://opendata.utah.gov/resource/sce7-b7au.json?id=19661,https://opendata.utah.gov/resource/sce7-b7au.json?id=19661,C:/Users/Annie/OneDrive/Desktop/StewardBasin/archive/extracted_text/deq_duchesne_2024_2026/deq_duchesne_2024_2026_031_500eq00000btb4sAAA.txt,True,,False,https://deqspillsps.deq.utah.gov/apex/CaseToPDF?id=500eq00000btb4sAAA,verified_pdf_url
basin_2016_present,19654,DUCHESNE - PRODUCED WATER,2025-05-22,DUCHESNE,DUCHESNE,https://opendata.utah.gov/resource/sce7-b7au.json?id=19654,https://opendata.utah.gov/resource/sce7-b7au.json?id=19654,C:/Users/Annie/OneDrive/Desktop/StewardBasin/archive/extracted_text/deq_duchesne_2024_2026/deq_duchesne_2024_2026_032_500eq00000bXt3dAAC.txt,True,,False,https://deqspillsps.deq.utah.gov/apex/CaseToPDF?id=500eq00000bXt3dAAC,verified_pdf_url
basin_2016_present,19618,DUCHESNE - PRODUCED WATER,2025-05-03,DUCHESNE,,https://opendata.utah.gov/resource/sce7-b7au.json?id=19618,https://opendata.utah.gov/resource/sce7-b7au.json?id=19618,C:/Users/Annie/OneDrive/Desktop/StewardBasin/archive/extracted_text/deq_duchesne_2024_2026/deq_duchesne_2024_2026_033_500eq00000Z6AoYAAV.txt,True,,False,https://deqspillsps.deq.utah.gov/apex/CaseToPDF?id=500eq00000Z6AoYAAV,verified_pdf_url
basin_2016_present,19622,ROOSEVELT - CRUDE OIL,2025-04-30,DUCHESNE,,https://opendata.utah.gov/resource/sce7-b7au.json?id=19622,https://opendata.utah.gov/resource/sce7-b7au.json?id=19622,C:/Users/Annie/OneDrive/Desktop/StewardBasin/archive/extracted_text/deq_duchesne_2024_2026/deq_duchesne_2024_2026_034_500eq00000ZI3zPAAT.txt,True,,False,https://deqspillsps.deq.utah.gov/apex/CaseToPDF?id=500eq00000ZI3zPAAT,verified_pdf_url
basin_2016_present,19652,UPDATED DUCHESNE - NATURAL GAS RELEASE,2025-04-29,DUCHESNE,DUCHESNE,https://opendata.utah.gov/resource/sce7-b7au.json?id=19652,https://opendata.utah.gov/resource/sce7-b7au.json?id=19652,C:/Users/Annie/OneDrive/Desktop/StewardBasin/archive/extracted_text/deq_duchesne_2024_2026/deq_duchesne_2024_2026_035_500eq00000bP3ohAAC.txt,True,,False,https://deqspillsps.deq.utah.gov/apex/CaseToPDF?id=500eq00000bP3ohAAC,verified_pdf_url
basin_2016_present,20027,ROOSEVELT OIL INCIDENT,2025-04-29,DUCHESNE,,https://opendata.utah.gov/resource/sce7-b7au.json?id=20027,https://opendata.utah.gov/resource/sce7-b7au.json?id=20027,C:/Users/Annie/OneDrive/Desktop/StewardBasin/archive/extracted_text/deq_duchesne_2024_2026/deq_duchesne_2024_2026_036_500eq00000xbUmrAAE.txt,True,,False,https://deqspillsps.deq.utah.gov/apex/CaseToPDF?id=500eq00000xbUmrAAE,verified_pdf_url
basin_2016_present,19584,ROOSEVELT - EQUIPMENT FAILURE - METHANOL,2025-04-08,DUCHESNE,ROOSEVELT,https://opendata.utah.gov/resource/sce7-b7au.json?id=19584,https://opendata.utah.gov/resource/sce7-b7au.json?id=19584,C:/Users/Annie/OneDrive/Desktop/StewardBasin/archive/extracted_text/deq_duchesne_2024_2026/deq_duchesne_2024_2026_037_500eq00000W23trAAB.txt,True,,False,https://deqspillsps.deq.utah.gov/apex/CaseToPDF?id=500eq00000W23trAAB,verified_pdf_url
basin_2016_present,19545,TALMAGE - PIPELINE LEAK,2025-03-12,DUCHESNE,,https://opendata.utah.gov/resource/sce7-b7au.json?id=19545,https://opendata.utah.gov/resource/sce7-b7au.json?id=19545,C:/Users/Annie/OneDrive/Desktop/StewardBasin/archive/extracted_text/deq_duchesne_2024_2026/deq_duchesne_2024_2026_038_500eq00000STYSnAAP.txt,True,,False,https://deqspillsps.deq.utah.gov/apex/CaseToPDF?id=500eq00000STYSnAAP,verified_pdf_url
basin_2016_present,19543,DUCHESNE COUNTY - CRUDE OIL RELEASE,2025-03-11,DUCHESNE,ROOSEVELT,https://opendata.utah.gov/resource/sce7-b7au.json?id=19543,https://opendata.utah.gov/resource/sce7-b7au.json?id=19543,C:/Users/Annie/OneDrive/Desktop/StewardBasin/archive/extracted_text/deq_duchesne_2024_2026/deq_duchesne_2024_2026_039_500eq00000SGUdMAAX.txt,True,,False,https://deqspillsps.deq.utah.gov/apex/CaseToPDF?id=500eq00000SGUdMAAX,verified_pdf_url
basin_2016_present,19510,DUCHENSE COUNTY AMMONIA NITRATE AND,2025-02-11,DUCHESNE,FRUITLAND,https://opendata.utah.gov/resource/sce7-b7au.json?id=19510,https://opendata.utah.gov/resource/sce7-b7au.json?id=19510,C:/Users/Annie/OneDrive/Desktop/StewardBasin/archive/extracted_text/deq_duchesne_2024_2026/deq_duchesne_2024_2026_040_500eq00000OI9FBAA1.txt,True,,False,https://deqspillsps.deq.utah.gov/apex/CaseToPDF?id=500eq00000OI9FBAA1,verified_pdf_url
basin_2016_present,19499,ROOSEVELT- NATURAL GAS,2025-02-03,DUCHESNE,ROOSEVELT,https://opendata.utah.gov/resource/sce7-b7au.json?id=19499,https://opendata.utah.gov/resource/sce7-b7au.json?id=19499,C:/Users/Annie/OneDrive/Desktop/StewardBasin/archive/extracted_text/deq_duchesne_2024_2026/deq_duchesne_2024_2026_041_500eq00000NAaUqAAL.txt,True,,False,https://deqspillsps.deq.utah.gov/apex/CaseToPDF?id=500eq00000NAaUqAAL,verified_pdf_url
basin_2016_present,19481,BLUEBELL - GLYCOL RELEASE,2025-01-22,DUCHESNE,,https://opendata.utah.gov/resource/sce7-b7au.json?id=19481,https://opendata.utah.gov/resource/sce7-b7au.json?id=19481,C:/Users/Annie/OneDrive/Desktop/StewardBasin/archive/extracted_text/deq_duchesne_2024_2026/deq_duchesne_2024_2026_042_500eq00000LMONoAAP.txt,True,,False,https://deqspillsps.deq.utah.gov/apex/CaseToPDF?id=500eq00000LMONoAAP,verified_pdf_url
basin_2016_present,19446,DUCHESNE - FIRE AT CRUDE OIL STORAGE FACILITY,2025-01-03,DUCHESNE,,https://opendata.utah.gov/resource/sce7-b7au.json?id=19446,https://opendata.utah.gov/resource/sce7-b7au.json?id=19446,C:/Users/Annie/OneDrive/Desktop/StewardBasin/archive/extracted_text/deq_duchesne_2024_2026/deq_duchesne_2024_2026_043_500eq00000Ihu4bAAB.txt,True,,False,https://deqspillsps.deq.utah.gov/apex/CaseToPDF?id=500eq00000Ihu4bAAB,verified_pdf_url
basin_2016_present,19431,DUCHESNE COUNTY - TREATED INJECTION WATER,2024-12-19,DUCHESNE,,https://opendata.utah.gov/resource/sce7-b7au.json?id=19431,https://opendata.utah.gov/resource/sce7-b7au.json?id=19431,C:/Users/Annie/OneDrive/Desktop/StewardBasin/archive/extracted_text/deq_duchesne_2024_2026/deq_duchesne_2024_2026_044_500eq00000HPmB6AAL.txt,True,,False,https://deqspillsps.deq.utah.gov/apex/CaseToPDF?id=500eq00000HPmB6AAL,verified_pdf_url
basin_2016_present,19420,BRIDGELAND - WATER,2024-12-14,DUCHESNE,BRIDGELAND,https://opendata.utah.gov/resource/sce7-b7au.json?id=19420,https://opendata.utah.gov/resource/sce7-b7au.json?id=19420,C:/Users/Annie/OneDrive/Desktop/StewardBasin/archive/extracted_text/deq_duchesne_2024_2026/deq_duchesne_2024_2026_045_500eq00000GUwn1AAD.txt,True,,False,https://deqspillsps.deq.utah.gov/apex/CaseToPDF?id=500eq00000GUwn1AAD,verified_pdf_url
basin_2016_present,19411,DUCHESNE - CRUDE OIL AND PRODUCE WATER,2024-12-08,DUCHESNE,,https://opendata.utah.gov/resource/sce7-b7au.json?id=19411,https://opendata.utah.gov/resource/sce7-b7au.json?id=19411,C:/Users/Annie/OneDrive/Desktop/StewardBasin/archive/extracted_text/deq_duchesne_2024_2026/deq_duchesne_2024_2026_046_500eq00000FW8bKAAT.txt,True,,False,https://deqspillsps.deq.utah.gov/apex/CaseToPDF?id=500eq00000FW8bKAAT,verified_pdf_url
basin_2016_present,19406,MYTON - INJECTION WATER,2024-12-04,DUCHESNE,,https://opendata.utah.gov/resource/sce7-b7au.json?id=19406,https://opendata.utah.gov/resource/sce7-b7au.json?id=19406,C:/Users/Annie/OneDrive/Desktop/StewardBasin/archive/extracted_text/deq_duchesne_2024_2026/deq_duchesne_2024_2026_047_500eq00000F0H6fAAF.txt,True,,False,https://deqspillsps.deq.utah.gov/apex/CaseToPDF?id=500eq00000F0H6fAAF,verified_pdf_url
basin_2016_present,19366,MONARCH - PRODUCTION WATER RELEASE FROM,2024-11-01,DUCHESNE,MONARCH,https://opendata.utah.gov/resource/sce7-b7au.json?id=19366,https://opendata.utah.gov/resource/sce7-b7au.json?id=19366,C:/Users/Annie/OneDrive/Desktop/StewardBasin/archive/extracted_text/deq_duchesne_2024_2026/deq_duchesne_2024_2026_048_500eq00000A16DkAAJ.txt,True,,False,https://deqspillsps.deq.utah.gov/apex/CaseToPDF?id=500eq00000A16DkAAJ,verified_pdf_url
basin_2016_present,19350,MYTON - TREATED PRODUCED WATER,2024-10-16,DUCHESNE,,https://opendata.utah.gov/resource/sce7-b7au.json?id=19350,https://opendata.utah.gov/resource/sce7-b7au.json?id=19350,C:/Users/Annie/OneDrive/Desktop/StewardBasin/archive/extracted_text/deq_duchesne_2024_2026/deq_duchesne_2024_2026_049_500eq00000701eQAAQ.txt,True,,False,https://deqspillsps.deq.utah.gov/apex/CaseToPDF?id=500eq00000701eQAAQ,verified_pdf_url
basin_2016_present,19311,ARCADIA - NATURAL GAS RELEASE,2024-09-20,DUCHESNE,ARCADIA,https://opendata.utah.gov/resource/sce7-b7au.json?id=19311,https://opendata.utah.gov/resource/sce7-b7au.json?id=19311,C:/Users/Annie/OneDrive/Desktop/StewardBasin/archive/extracted_text/deq_duchesne_2024_2026/deq_duchesne_2024_2026_050_500eq000003PrttAAC.txt,True,,False,https://deqspillsps.deq.utah.gov/apex/CaseToPDF?id=500eq000003PrttAAC,verified_pdf_url
basin_2016_present,19296,DUCHESNE -- PRODUCED WATER,2024-09-11,DUCHESNE,DUCHESNE,https://opendata.utah.gov/resource/sce7-b7au.json?id=19296,https://opendata.utah.gov/resource/sce7-b7au.json?id=19296,C:/Users/Annie/OneDrive/Desktop/StewardBasin/archive/extracted_text/deq_duchesne_2024_2026/deq_duchesne_2024_2026_051_500eq000002CSM0AAO.txt,True,,False,https://deqspillsps.deq.utah.gov/apex/CaseToPDF?id=500eq000002CSM0AAO,verified_pdf_url
basin_2016_present,duchesne_2020_2024_001,ROOSEVELT - Unknown - Unknown,1/4/2020,DUCHESNE,ROOSEVELT,https://opendata.utah.gov/resource/sce7-b7au.json?id=duchesne_2020_2024_001,,C:/Users/Annie/OneDrive/Desktop/StewardBasin/archive/data/deq_duchesne_2020_2024_raw.txt,True,archive/sources/deq_2020_2024_pdfs/8143590_Report_14264.pdf,True,,verified_local_pdf
basin_2016_present,duchesne_2020_2024_002,TALMAGE - Production Water - EP Energy,1/20/2020,DUCHESNE,TALMAGE,https://opendata.utah.gov/resource/sce7-b7au.json?id=duchesne_2020_2024_002,,C:/Users/Annie/OneDrive/Desktop/StewardBasin/archive/data/deq_duchesne_2020_2024_raw.txt,True,archive/sources/deq_2020_2024_pdfs/8143590_Report_14279.pdf,True,,verified_local_pdf
basin_2016_present,duchesne_2020_2024_003,MYTON - Production Water - Newfield Exploration,1/28/2020,DUCHESNE,MYTON,https://opendata.utah.gov/resource/sce7-b7au.json?id=duchesne_2020_2024_003,,C:/Users/Annie/OneDrive/Desktop/StewardBasin/archive/data/deq_duchesne_2020_2024_raw.txt,True,archive/sources/deq_2020_2024_pdfs/8143590_Report_14287.pdf,True,,verified_local_pdf
basin_2016_present,duchesne_2020_2024_004,"DUCHESNE - Crude Oil , Production Water - EP Energy E & P Co.",2/6/2020,DUCHESNE,DUCHESNE,https://opendata.utah.gov/resource/sce7-b7au.json?id=duchesne_2020_2024_004,,C:/Users/Annie/OneDrive/Desktop/StewardBasin/archive/data/deq_duchesne_2020_2024_raw.txt,True,archive/sources/deq_2020_2024_pdfs/8143590_Report_14293.pdf,True,,verified_local_pdf
basin_2016_present,duchesne_2020_2024_005,UPALCO - Production Water - JN Trucking,2/7/2020,DUCHESNE,UPALCO,https://opendata.utah.gov/resource/sce7-b7au.json?id=duchesne_2020_2024_005,,C:/Users/Annie/OneDrive/Desktop/StewardBasin/archive/data/deq_duchesne_2020_2024_raw.txt,True,archive/sources/deq_2020_2024_pdfs/8143590_Report_14296.pdf,True,,verified_local_pdf
basin_2016_present,duchesne_2020_2024_006,MYTON - Diesel - Hanson Trucking,2/13/2020,DUCHESNE,MYTON,https://opendata.utah.gov/resource/sce7-b7au.json?id=duchesne_2020_2024_006,,C:/Users/Annie/OneDrive/Desktop/StewardBasin/archive/data/deq_duchesne_2020_2024_raw.txt,True,archive/sources/deq_2020_2024_pdfs/8143590_Report_14310.pdf,True,,verified_local_pdf
basin_2016_present,duchesne_2020_2024_007,ALTAMONT - Production Water - EP Energy,2/25/2020,DUCHESNE,ALTAMONT,https://opendata.utah.gov/resource/sce7-b7au.json?id=duchesne_2020_2024_007,,C:/Users/Annie/OneDrive/Desktop/StewardBasin/archive/data/deq_duchesne_2020_2024_raw.txt,True,archive/sources/deq_2020_2024_pdfs/8143590_Report_14316.pdf,True,,verified_local_pdf
basin_2016_present,duchesne_2020_2024_008,DUCHESNE - Production Water - EP Energy,2/29/2020,DUCHESNE,DUCHESNE,https://opendata.utah.gov/resource/sce7-b7au.json?id=duchesne_2020_2024_008,,C:/Users/Annie/OneDrive/Desktop/StewardBasin/archive/data/deq_duchesne_2020_2024_raw.txt,True,archive/sources/deq_2020_2024_pdfs/8143590_Report_14323.pdf,True,,verified_local_pdf
basin_2016_present,duchesne_2020_2024_009,"BRIDGELAND - Production Water - Finley Resources, Inc.",3/1/2020,DUCHESNE,BRIDGELAND,https://opendata.utah.gov/resource/sce7-b7au.json?id=duchesne_2020_2024_009,,C:/Users/Annie/OneDrive/Desktop/StewardBasin/archive/data/deq_duchesne_2020_2024_raw.txt,True,archive/sources/deq_2020_2024_pdfs/8143590_Report_14325.pdf,True,,verified_local_pdf
basin_2016_present,duchesne_2020_2024_010,MYTON - Injection Water - Newfield Exploration,3/3/2020,DUCHESNE,MYTON,https://opendata.utah.gov/resource/sce7-b7au.json?id=duchesne_2020_2024_010,,C:/Users/Annie/OneDrive/Desktop/StewardBasin/archive/data/deq_duchesne_2020_2024_raw.txt,True,archive/sources/deq_2020_2024_pdfs/8143590_Report_14327.pdf,True,,verified_local_pdf
basin_2016_present,duchesne_2020_2024_011,MYTON - Injection Water - Newfield Exploration,3/7/2020,DUCHESNE,MYTON,https://opendata.utah.gov/resource/sce7-b7au.json?id=duchesne_2020_2024_011,,C:/Users/Annie/OneDrive/Desktop/StewardBasin/archive/data/deq_duchesne_2020_2024_raw.txt,True,archive/sources/deq_2020_2024_pdfs/4123124_Report_14331.pdf,True,,verified_local_pdf
basin_2016_present,duchesne_2020_2024_012,MYTON - Injection Water - Newfield Exploration,3/9/2020,DUCHESNE,MYTON,https://opendata.utah.gov/resource/sce7-b7au.json?id=duchesne_2020_2024_012,,C:/Users/Annie/OneDrive/Desktop/StewardBasin/archive/data/deq_duchesne_2020_2024_raw.txt,True,archive/sources/deq_2020_2024_pdfs/4123124_Report_14334.pdf,True,,verified_local_pdf
basin_2016_present,duchesne_2020_2024_013,DUCHESNE - Crude Oil - Pilot Flying J,4/18/2020,DUCHESNE,DUCHESNE,https://opendata.utah.gov/resource/sce7-b7au.json?id=duchesne_2020_2024_013,,C:/Users/Annie/OneDrive/Desktop/StewardBasin/archive/data/deq_duchesne_2020_2024_raw.txt,True,archive/sources/deq_2020_2024_pdfs/4123124_Report_14376.pdf,True,,verified_local_pdf
basin_2016_present,duchesne_2020_2024_014,CEDARVIEW - Production Water - EP Energy,4/25/2020,DUCHESNE,CEDARVIEW,https://opendata.utah.gov/resource/sce7-b7au.json?id=duchesne_2020_2024_014,,C:/Users/Annie/OneDrive/Desktop/StewardBasin/archive/data/deq_duchesne_2020_2024_raw.txt,True,archive/sources/deq_2020_2024_pdfs/4123124_Report_14384.pdf,True,,verified_local_pdf
basin_2016_present,duchesne_2020_2024_015,BRIDGELAND - Crude Oil - Chevron Pipeline Company,6/2/2020,DUCHESNE,BRIDGELAND,https://opendata.utah.gov/resource/sce7-b7au.json?id=duchesne_2020_2024_015,,C:/Users/Annie/OneDrive/Desktop/StewardBasin/archive/data/deq_duchesne_2020_2024_raw.txt,True,archive/sources/deq_2020_2024_pdfs/4123124_Report_14429.pdf,True,,verified_local_pdf
basin_2016_present,duchesne_2020_2024_016,MYTON - Crude Oil - Berry Petroluem,7/11/2020,DUCHESNE,MYTON,https://opendata.utah.gov/resource/sce7-b7au.json?id=duchesne_2020_2024_016,,C:/Users/Annie/OneDrive/Desktop/StewardBasin/archive/data/deq_duchesne_2020_2024_raw.txt,True,archive/sources/deq_2020_2024_pdfs/4123124_Report_14493.pdf,True,,verified_local_pdf
basin_2016_present,duchesne_2020_2024_017,MYTON - Injection Water - Newfield Exploration,7/23/2020,DUCHESNE,MYTON,https://opendata.utah.gov/resource/sce7-b7au.json?id=duchesne_2020_2024_017,,C:/Users/Annie/OneDrive/Desktop/StewardBasin/archive/data/deq_duchesne_2020_2024_raw.txt,True,archive/sources/deq_2020_2024_pdfs/4123124_Report_14530.pdf,True,,verified_local_pdf
basin_2016_present,duchesne_2020_2024_018,MYTON - Crude Oil - Marathon Petroleum,8/11/2020,DUCHESNE,MYTON,https://opendata.utah.gov/resource/sce7-b7au.json?id=duchesne_2020_2024_018,,C:/Users/Annie/OneDrive/Desktop/StewardBasin/archive/data/deq_duchesne_2020_2024_raw.txt,True,archive/sources/deq_2020_2024_pdfs/4123124_Report_14564.pdf,True,,verified_local_pdf
basin_2016_present,duchesne_2020_2024_019,HANNA - Harmful Algal Bloom (HAB) - N/A,8/12/2020,DUCHESNE,HANNA,https://opendata.utah.gov/resource/sce7-b7au.json?id=duchesne_2020_2024_019,,C:/Users/Annie/OneDrive/Desktop/StewardBasin/archive/data/deq_duchesne_2020_2024_raw.txt,True,archive/sources/deq_2020_2024_pdfs/4123124_Report_14566.pdf,True,,verified_local_pdf
basin_2016_present,duchesne_2020_2024_020,MYTON - Injection Water - Newfield Exploration,8/17/2020,DUCHESNE,MYTON,https://opendata.utah.gov/resource/sce7-b7au.json?id=duchesne_2020_2024_020,,C:/Users/Annie/OneDrive/Desktop/StewardBasin/archive/data/deq_duchesne_2020_2024_raw.txt,True,archive/sources/deq_2020_2024_pdfs/4123124_Report_14576.pdf,True,,verified_local_pdf
basin_2016_present,duchesne_2020_2024_021,MYTON - Injection Water - Newfield Exploration,8/18/2020,DUCHESNE,MYTON,https://opendata.utah.gov/resource/sce7-b7au.json?id=duchesne_2020_2024_021,,C:/Users/Annie/OneDrive/Desktop/StewardBasin/archive/data/deq_duchesne_2020_2024_raw.txt,True,archive/sources/deq_2020_2024_pdfs/3644950_Report_14578.pdf,True,,verified_local_pdf
basin_2016_present,duchesne_2020_2024_022,BRIDGELAND - Injection Water - Newfield Exploration,8/24/2020,DUCHESNE,BRIDGELAND,https://opendata.utah.gov/resource/sce7-b7au.json?id=duchesne_2020_2024_022,,C:/Users/Annie/OneDrive/Desktop/StewardBasin/archive/data/deq_duchesne_2020_2024_raw.txt,True,,False,,verified_local_html_and_opendata
basin_2016_present,duchesne_2020_2024_023,BRIDGELAND - Injection Water - Newfield Exploration,8/24/2020,DUCHESNE,BRIDGELAND,https://opendata.utah.gov/resource/sce7-b7au.json?id=duchesne_2020_2024_023,,C:/Users/Annie/OneDrive/Desktop/StewardBasin/archive/data/deq_duchesne_2020_2024_raw.txt,True,,False,,verified_local_html_and_opendata
basin_2016_present,duchesne_2020_2024_024,MYTON - Injection Water - Newfield Exploration,9/2/2020,DUCHESNE,MYTON,https://opendata.utah.gov/resource/sce7-b7au.json?id=duchesne_2020_2024_024,,C:/Users/Annie/OneDrive/Desktop/StewardBasin/archive/data/deq_duchesne_2020_2024_raw.txt,True,archive/sources/deq_2020_2024_pdfs/3644950_Report_14617.pdf,True,,verified_local_pdf
basin_2016_present,duchesne_2020_2024_025,MYTON - Injection Water - Newfield Exploration,9/3/2020,DUCHESNE,MYTON,https://opendata.utah.gov/resource/sce7-b7au.json?id=duchesne_2020_2024_025,,C:/Users/Annie/OneDrive/Desktop/StewardBasin/archive/data/deq_duchesne_2020_2024_raw.txt,True,archive/sources/deq_2020_2024_pdfs/3644950_Report_14623.pdf,True,,verified_local_pdf
basin_2016_present,duchesne_2020_2024_026,DUCHESNE - Crude Oil - Pilot Transportation Services,9/6/2020,DUCHESNE,DUCHESNE,https://opendata.utah.gov/resource/sce7-b7au.json?id=duchesne_2020_2024_026,,C:/Users/Annie/OneDrive/Desktop/StewardBasin/archive/data/deq_duchesne_2020_2024_raw.txt,True,archive/sources/deq_2020_2024_pdfs/3644950_Report_14626.pdf,True,,verified_local_pdf
basin_2016_present,duchesne_2020_2024_027,MYTON - Injection Water - Newfield Exploration,9/4/2020,DUCHESNE,MYTON,https://opendata.utah.gov/resource/sce7-b7au.json?id=duchesne_2020_2024_027,,C:/Users/Annie/OneDrive/Desktop/StewardBasin/archive/data/deq_duchesne_2020_2024_raw.txt,True,archive/sources/deq_2020_2024_pdfs/3644950_Report_14629.pdf,True,,verified_local_pdf
basin_2016_present,duchesne_2020_2024_028,ROOSEVELT - Antifreeze - Utah Gas Corp,9/7/2020,DUCHESNE,ROOSEVELT,https://opendata.utah.gov/resource/sce7-b7au.json?id=duchesne_2020_2024_028,,C:/Users/Annie/OneDrive/Desktop/StewardBasin/archive/data/deq_duchesne_2020_2024_raw.txt,True,archive/sources/deq_2020_2024_pdfs/3644950_Report_14630.pdf,True,,verified_local_pdf
basin_2016_present,duchesne_2020_2024_029,"DUCHESNE - Other: (describe) Biocide SC-1317, Other: (describe) Emulsifier EB-5155 - Unknown",9/11/2020,DUCHESNE,DUCHESNE,https://opendata.utah.gov/resource/sce7-b7au.json?id=duchesne_2020_2024_029,,C:/Users/Annie/OneDrive/Desktop/StewardBasin/archive/data/deq_duchesne_2020_2024_raw.txt,True,archive/sources/deq_2020_2024_pdfs/3644950_Report_14637.pdf,True,,verified_local_pdf
basin_2016_present,duchesne_2020_2024_030,CEDARVIEW - Other: (describe) Nitrogen Tetroxide - Kinder Moran Altamont,9/16/2020,DUCHESNE,CEDARVIEW,https://opendata.utah.gov/resource/sce7-b7au.json?id=duchesne_2020_2024_030,,C:/Users/Annie/OneDrive/Desktop/StewardBasin/archive/data/deq_duchesne_2020_2024_raw.txt,True,archive/sources/deq_2020_2024_pdfs/3644950_Report_14650.pdf,True,,verified_local_pdf
basin_2016_present,duchesne_2020_2024_031,DUCHESNE - Crude Oil - Berry Petroleum,10/9/2020,DUCHESNE,DUCHESNE,https://opendata.utah.gov/resource/sce7-b7au.json?id=duchesne_2020_2024_031,,C:/Users/Annie/OneDrive/Desktop/StewardBasin/archive/data/deq_duchesne_2020_2024_raw.txt,True,archive/sources/deq_2020_2024_pdfs/3104992_Report_14687.pdf,True,,verified_local_pdf
basin_2016_present,duchesne_2020_2024_032,"MYTON - Crude Oil , Production Water - Newfield Exploration",10/21/2020,DUCHESNE,MYTON,https://opendata.utah.gov/resource/sce7-b7au.json?id=duchesne_2020_2024_032,,C:/Users/Annie/OneDrive/Desktop/StewardBasin/archive/data/deq_duchesne_2020_2024_raw.txt,True,archive/sources/deq_2020_2024_pdfs/3104992_Report_14698.pdf,True,,verified_local_pdf
basin_2016_present,duchesne_2020_2024_033,DUCHESNE - Production Water - EP Energy,11/8/2020,DUCHESNE,DUCHESNE,https://opendata.utah.gov/resource/sce7-b7au.json?id=duchesne_2020_2024_033,,C:/Users/Annie/OneDrive/Desktop/StewardBasin/archive/data/deq_duchesne_2020_2024_raw.txt,True,archive/sources/deq_2020_2024_pdfs/3104992_Report_14719.pdf,True,,verified_local_pdf
basin_2016_present,duchesne_2020_2024_034,"BRIDGELAND - Petroleum Mixture , Production Water - Finley Resources, Inc.",11/27/2020,DUCHESNE,BRIDGELAND,https://opendata.utah.gov/resource/sce7-b7au.json?id=duchesne_2020_2024_034,,C:/Users/Annie/OneDrive/Desktop/StewardBasin/archive/data/deq_duchesne_2020_2024_raw.txt,True,archive/sources/deq_2020_2024_pdfs/3104992_Report_14738.pdf,True,,verified_local_pdf
basin_2016_present,duchesne_2020_2024_035,MYTON - Injection Water - Newfield Exploration,12/27/2020,DUCHESNE,MYTON,https://opendata.utah.gov/resource/sce7-b7au.json?id=duchesne_2020_2024_035,,C:/Users/Annie/OneDrive/Desktop/StewardBasin/archive/data/deq_duchesne_2020_2024_raw.txt,True,archive/sources/deq_2020_2024_pdfs/3104992_Report_14761.pdf,True,,verified_local_pdf
basin_2016_present,duchesne_2020_2024_036,MYTON - Injection Water - Newfield Exploration,1/7/2021,DUCHESNE,MYTON,https://opendata.utah.gov/resource/sce7-b7au.json?id=duchesne_2020_2024_036,,C:/Users/Annie/OneDrive/Desktop/StewardBasin/archive/data/deq_duchesne_2020_2024_raw.txt,True,archive/sources/deq_2020_2024_pdfs/3104992_Report_14773.pdf,True,,verified_local_pdf
basin_2016_present,duchesne_2020_2024_037,MYTON - Injection Water - Newfield Exploration,1/8/2021,DUCHESNE,MYTON,https://opendata.utah.gov/resource/sce7-b7au.json?id=duchesne_2020_2024_037,,C:/Users/Annie/OneDrive/Desktop/StewardBasin/archive/data/deq_duchesne_2020_2024_raw.txt,True,archive/sources/deq_2020_2024_pdfs/3104992_Report_14774.pdf,True,,verified_local_pdf
basin_2016_present,duchesne_2020_2024_038,"DUCHESNE - Crude Oil , Production Water - CH4-FInley Operating, LLC",1/20/2021,DUCHESNE,DUCHESNE,https://opendata.utah.gov/resource/sce7-b7au.json?id=duchesne_2020_2024_038,,C:/Users/Annie/OneDrive/Desktop/StewardBasin/archive/data/deq_duchesne_2020_2024_raw.txt,True,archive/sources/deq_2020_2024_pdfs/3104992_Report_14786.pdf,True,,verified_local_pdf
basin_2016_present,duchesne_2020_2024_039,MYTON - Crude Oil - Newfield Exploration,2/11/2021,DUCHESNE,MYTON,https://opendata.utah.gov/resource/sce7-b7au.json?id=duchesne_2020_2024_039,,C:/Users/Annie/OneDrive/Desktop/StewardBasin/archive/data/deq_duchesne_2020_2024_raw.txt,True,archive/sources/deq_2020_2024_pdfs/3104992_Report_14806.pdf,True,,verified_local_pdf
basin_2016_present,duchesne_2020_2024_040,MYTON - Injection Water - Newfield Exploration,3/2/2021,DUCHESNE,MYTON,https://opendata.utah.gov/resource/sce7-b7au.json?id=duchesne_2020_2024_040,,C:/Users/Annie/OneDrive/Desktop/StewardBasin/archive/data/deq_duchesne_2020_2024_raw.txt,True,,False,,verified_local_html_and_opendata
basin_2016_present,duchesne_2020_2024_041,MYTON - Injection Water - Newfield Exploration,3/2/2021,DUCHESNE,MYTON,https://opendata.utah.gov/resource/sce7-b7au.json?id=duchesne_2020_2024_041,,C:/Users/Annie/OneDrive/Desktop/StewardBasin/archive/data/deq_duchesne_2020_2024_raw.txt,True,,False,,verified_local_html_and_opendata
basin_2016_present,duchesne_2020_2024_042,DUCHESNE - Production Water - EP Energy,3/9/2021,DUCHESNE,DUCHESNE,https://opendata.utah.gov/resource/sce7-b7au.json?id=duchesne_2020_2024_042,,C:/Users/Annie/OneDrive/Desktop/StewardBasin/archive/data/deq_duchesne_2020_2024_raw.txt,True,archive/sources/deq_2020_2024_pdfs/2094745_Report_14842.pdf,True,,verified_local_pdf
basin_2016_present,duchesne_2020_2024_043,"DUCHESNE - Petroleum Mixture - CH4-FInley Operating, LLC",3/16/2021,DUCHESNE,DUCHESNE,https://opendata.utah.gov/resource/sce7-b7au.json?id=duchesne_2020_2024_043,,C:/Users/Annie/OneDrive/Desktop/StewardBasin/archive/data/deq_duchesne_2020_2024_raw.txt,True,archive/sources/deq_2020_2024_pdfs/2094745_Report_14851.pdf,True,,verified_local_pdf
basin_2016_present,duchesne_2020_2024_044,DUCHESNE - Crude Oil - Berry Petroleum,4/26/2021,DUCHESNE,DUCHESNE,https://opendata.utah.gov/resource/sce7-b7au.json?id=duchesne_2020_2024_044,,C:/Users/Annie/OneDrive/Desktop/StewardBasin/archive/data/deq_duchesne_2020_2024_raw.txt,True,archive/sources/deq_2020_2024_pdfs/2094745_Report_14896.pdf,True,,verified_local_pdf
basin_2016_present,duchesne_2020_2024_045,DUCHESNE - Production Water - EP Energy,4/28/2021,DUCHESNE,DUCHESNE,https://opendata.utah.gov/resource/sce7-b7au.json?id=duchesne_2020_2024_045,,C:/Users/Annie/OneDrive/Desktop/StewardBasin/archive/data/deq_duchesne_2020_2024_raw.txt,True,archive/sources/deq_2020_2024_pdfs/2094745_Report_14901.pdf,True,,verified_local_pdf
basin_2016_present,duchesne_2020_2024_046,BONETA - Production Water - EP Energy,4/29/2021,DUCHESNE,BONETA,https://opendata.utah.gov/resource/sce7-b7au.json?id=duchesne_2020_2024_046,,C:/Users/Annie/OneDrive/Desktop/StewardBasin/archive/data/deq_duchesne_2020_2024_raw.txt,True,archive/sources/deq_2020_2024_pdfs/2094745_Report_14903.pdf,True,,verified_local_pdf
basin_2016_present,duchesne_2020_2024_047,MYTON - Crude Oil - Newfield Exploration,5/5/2021,DUCHESNE,MYTON,https://opendata.utah.gov/resource/sce7-b7au.json?id=duchesne_2020_2024_047,,C:/Users/Annie/OneDrive/Desktop/StewardBasin/archive/data/deq_duchesne_2020_2024_raw.txt,True,archive/sources/deq_2020_2024_pdfs/2094745_Report_14914.pdf,True,,verified_local_pdf
basin_2016_present,duchesne_2020_2024_048,MYTON - Injection Water - Newfield Exploration,5/11/2021,DUCHESNE,MYTON,https://opendata.utah.gov/resource/sce7-b7au.json?id=duchesne_2020_2024_048,,C:/Users/Annie/OneDrive/Desktop/StewardBasin/archive/data/deq_duchesne_2020_2024_raw.txt,True,archive/sources/deq_2020_2024_pdfs/2094745_Report_14925.pdf,True,,verified_local_pdf
basin_2016_present,duchesne_2020_2024_049,FRUITLAND - Diesel - Wind River Trucking,5/13/2021,DUCHESNE,FRUITLAND,https://opendata.utah.gov/resource/sce7-b7au.json?id=duchesne_2020_2024_049,,C:/Users/Annie/OneDrive/Desktop/StewardBasin/archive/data/deq_duchesne_2020_2024_raw.txt,True,archive/sources/deq_2020_2024_pdfs/2094745_Report_14927.pdf,True,,verified_local_pdf
basin_2016_present,duchesne_2020_2024_050,DUCHESNE - Hydrogen Sulfide - Unknown,5/31/2021,DUCHESNE,DUCHESNE,https://opendata.utah.gov/resource/sce7-b7au.json?id=duchesne_2020_2024_050,,C:/Users/Annie/OneDrive/Desktop/StewardBasin/archive/data/deq_duchesne_2020_2024_raw.txt,True,archive/sources/deq_2020_2024_pdfs/2094745_Report_14953.pdf,True,,verified_local_pdf
basin_2016_present,duchesne_2020_2024_051,"DUCHESNE - Crude Oil - CH4-FInley Operating, LLC",5/27/2021,DUCHESNE,DUCHESNE,https://opendata.utah.gov/resource/sce7-b7au.json?id=duchesne_2020_2024_051,,C:/Users/Annie/OneDrive/Desktop/StewardBasin/archive/data/deq_duchesne_2020_2024_raw.txt,True,archive/sources/deq_2020_2024_pdfs/2723971_Report_14957.pdf,True,,verified_local_pdf
basin_2016_present,duchesne_2020_2024_052,MYTON - Production Water - Newfield Exploration,6/30/2021,DUCHESNE,MYTON,https://opendata.utah.gov/resource/sce7-b7au.json?id=duchesne_2020_2024_052,,C:/Users/Annie/OneDrive/Desktop/StewardBasin/archive/data/deq_duchesne_2020_2024_raw.txt,True,,False,,verified_local_html_and_opendata
basin_2016_present,duchesne_2020_2024_053,MYTON - Production Water - Newfield Exploration,6/30/2021,DUCHESNE,MYTON,https://opendata.utah.gov/resource/sce7-b7au.json?id=duchesne_2020_2024_053,,C:/Users/Annie/OneDrive/Desktop/StewardBasin/archive/data/deq_duchesne_2020_2024_raw.txt,True,,False,,verified_local_html_and_opendata
basin_2016_present,duchesne_2020_2024_054,TALMAGE - Production Water - EP Energy,7/12/2021,DUCHESNE,TALMAGE,https://opendata.utah.gov/resource/sce7-b7au.json?id=duchesne_2020_2024_054,,C:/Users/Annie/OneDrive/Desktop/StewardBasin/archive/data/deq_duchesne_2020_2024_raw.txt,True,archive/sources/deq_2020_2024_pdfs/2723971_Report_15034.pdf,True,,verified_local_pdf
basin_2016_present,duchesne_2020_2024_055,TALMAGE - Production Water - EP Energy,7/14/2021,DUCHESNE,TALMAGE,https://opendata.utah.gov/resource/sce7-b7au.json?id=duchesne_2020_2024_055,,C:/Users/Annie/OneDrive/Desktop/StewardBasin/archive/data/deq_duchesne_2020_2024_raw.txt,True,archive/sources/deq_2020_2024_pdfs/2723971_Report_15038.pdf,True,,verified_local_pdf
basin_2016_present,duchesne_2020_2024_056,"DUCHESNE - Production Water - CH4-FInley Operating, LLC",7/26/2021,DUCHESNE,DUCHESNE,https://opendata.utah.gov/resource/sce7-b7au.json?id=duchesne_2020_2024_056,,C:/Users/Annie/OneDrive/Desktop/StewardBasin/archive/data/deq_duchesne_2020_2024_raw.txt,True,archive/sources/deq_2020_2024_pdfs/2723971_Report_15068.pdf,True,,verified_local_pdf
basin_2016_present,duchesne_2020_2024_057,MYTON - Other: (describe) Treated Injection Water - Newfield Exploration,8/1/2021,DUCHESNE,MYTON,https://opendata.utah.gov/resource/sce7-b7au.json?id=duchesne_2020_2024_057,,C:/Users/Annie/OneDrive/Desktop/StewardBasin/archive/data/deq_duchesne_2020_2024_raw.txt,True,archive/sources/deq_2020_2024_pdfs/2723971_Report_15086.pdf,True,,verified_local_pdf
basin_2016_present,duchesne_2020_2024_058,"DUCHESNE - Production Water - CH4-FInley Operating, LLC",8/6/2021,DUCHESNE,DUCHESNE,https://opendata.utah.gov/resource/sce7-b7au.json?id=duchesne_2020_2024_058,,C:/Users/Annie/OneDrive/Desktop/StewardBasin/archive/data/deq_duchesne_2020_2024_raw.txt,True,archive/sources/deq_2020_2024_pdfs/2723971_Report_15091.pdf,True,,verified_local_pdf
basin_2016_present,duchesne_2020_2024_059,"BRIDGELAND - Production Water - CH4-FInley Operating, LLC",8/7/2021,DUCHESNE,BRIDGELAND,https://opendata.utah.gov/resource/sce7-b7au.json?id=duchesne_2020_2024_059,,C:/Users/Annie/OneDrive/Desktop/StewardBasin/archive/data/deq_duchesne_2020_2024_raw.txt,True,archive/sources/deq_2020_2024_pdfs/2723971_Report_15092.pdf,True,,verified_local_pdf
basin_2016_present,duchesne_2020_2024_060,"BRIDGELAND - Production Water - CH4-FInley Operating, LLC",8/4/2021,DUCHESNE,BRIDGELAND,https://opendata.utah.gov/resource/sce7-b7au.json?id=duchesne_2020_2024_060,,C:/Users/Annie/OneDrive/Desktop/StewardBasin/archive/data/deq_duchesne_2020_2024_raw.txt,True,archive/sources/deq_2020_2024_pdfs/2723971_Report_15093.pdf,True,,verified_local_pdf
basin_2016_present,duchesne_2020_2024_061,BLUEBELL - Other: (describe) Ethylene glycol - EP Energy,9/21/2021,DUCHESNE,BLUEBELL,https://opendata.utah.gov/resource/sce7-b7au.json?id=duchesne_2020_2024_061,,C:/Users/Annie/OneDrive/Desktop/StewardBasin/archive/data/deq_duchesne_2020_2024_raw.txt,True,archive/sources/deq_2020_2024_pdfs/8456340_Report_15185.pdf,True,,verified_local_pdf
basin_2016_present,duchesne_2020_2024_062,MYTON - Injection Water - Newfield Exploration,9/22/2021,DUCHESNE,MYTON,https://opendata.utah.gov/resource/sce7-b7au.json?id=duchesne_2020_2024_062,,C:/Users/Annie/OneDrive/Desktop/StewardBasin/archive/data/deq_duchesne_2020_2024_raw.txt,True,archive/sources/deq_2020_2024_pdfs/8456340_Report_15189.pdf,True,,verified_local_pdf
basin_2016_present,duchesne_2020_2024_063,UPALCO - Harmful Algal Bloom (HAB) - NA,9/29/2021,DUCHESNE,UPALCO,https://opendata.utah.gov/resource/sce7-b7au.json?id=duchesne_2020_2024_063,,C:/Users/Annie/OneDrive/Desktop/StewardBasin/archive/data/deq_duchesne_2020_2024_raw.txt,True,archive/sources/deq_2020_2024_pdfs/8456340_Report_15203.pdf,True,,verified_local_pdf
basin_2016_present,duchesne_2020_2024_064,DUCHESNE - Production Water - EP Energy,10/2/2021,DUCHESNE,DUCHESNE,https://opendata.utah.gov/resource/sce7-b7au.json?id=duchesne_2020_2024_064,,C:/Users/Annie/OneDrive/Desktop/StewardBasin/archive/data/deq_duchesne_2020_2024_raw.txt,True,archive/sources/deq_2020_2024_pdfs/8456340_Report_15207.pdf,True,,verified_local_pdf
basin_2016_present,duchesne_2020_2024_065,DUCHESNE - Harmful Algal Bloom (HAB) - N/A,10/4/2021,DUCHESNE,DUCHESNE,https://opendata.utah.gov/resource/sce7-b7au.json?id=duchesne_2020_2024_065,,C:/Users/Annie/OneDrive/Desktop/StewardBasin/archive/data/deq_duchesne_2020_2024_raw.txt,True,archive/sources/deq_2020_2024_pdfs/8456340_Report_15217.pdf,True,,verified_local_pdf
basin_2016_present,duchesne_2020_2024_066,ROOSEVELT - Diesel - Pilot Travel Centers,10/24/2021,DUCHESNE,ROOSEVELT,https://opendata.utah.gov/resource/sce7-b7au.json?id=duchesne_2020_2024_066,,C:/Users/Annie/OneDrive/Desktop/StewardBasin/archive/data/deq_duchesne_2020_2024_raw.txt,True,archive/sources/deq_2020_2024_pdfs/8456340_Report_15246.pdf,True,,verified_local_pdf
basin_2016_present,duchesne_2020_2024_067,ALTAMONT - Production Water - EP Energy,11/5/2021,DUCHESNE,ALTAMONT,https://opendata.utah.gov/resource/sce7-b7au.json?id=duchesne_2020_2024_067,,C:/Users/Annie/OneDrive/Desktop/StewardBasin/archive/data/deq_duchesne_2020_2024_raw.txt,True,archive/sources/deq_2020_2024_pdfs/8456340_Report_15271.pdf,True,,verified_local_pdf
basin_2016_present,duchesne_2020_2024_068,ALTAMONT - Production Water - EP Energy,11/6/2021,DUCHESNE,ALTAMONT,https://opendata.utah.gov/resource/sce7-b7au.json?id=duchesne_2020_2024_068,,C:/Users/Annie/OneDrive/Desktop/StewardBasin/archive/data/deq_duchesne_2020_2024_raw.txt,True,archive/sources/deq_2020_2024_pdfs/8456340_Report_15272.pdf,True,,verified_local_pdf
basin_2016_present,duchesne_2020_2024_069,DUCHESNE - Antifreeze - Backdraft Hot Oil (Matthew Miles),12/23/2021,DUCHESNE,DUCHESNE,https://opendata.utah.gov/resource/sce7-b7au.json?id=duchesne_2020_2024_069,,C:/Users/Annie/OneDrive/Desktop/StewardBasin/archive/data/deq_duchesne_2020_2024_raw.txt,True,archive/sources/deq_2020_2024_pdfs/8456340_Report_15339.pdf,True,,verified_local_pdf
basin_2016_present,duchesne_2020_2024_070,DUCHESNE - Production Water - EP Energy,12/31/2021,DUCHESNE,DUCHESNE,https://opendata.utah.gov/resource/sce7-b7au.json?id=duchesne_2020_2024_070,,C:/Users/Annie/OneDrive/Desktop/StewardBasin/archive/data/deq_duchesne_2020_2024_raw.txt,True,archive/sources/deq_2020_2024_pdfs/8456340_Report_15345.pdf,True,,verified_local_pdf
basin_2016_present,duchesne_2020_2024_071,DUCHESNE - Other: (describe) Drilling Mud - Ovintiv Production and Drilling,1/11/2022,DUCHESNE,DUCHESNE,https://opendata.utah.gov/resource/sce7-b7au.json?id=duchesne_2020_2024_071,,C:/Users/Annie/OneDrive/Desktop/StewardBasin/archive/data/deq_duchesne_2020_2024_raw.txt,True,archive/sources/deq_2020_2024_pdfs/3371727_Report_15364.pdf,True,,verified_local_pdf
basin_2016_present,duchesne_2020_2024_072,FRUITLAND - Other: (describe) domestic sewage - Residential,1/13/2022,DUCHESNE,FRUITLAND,https://opendata.utah.gov/resource/sce7-b7au.json?id=duchesne_2020_2024_072,,C:/Users/Annie/OneDrive/Desktop/StewardBasin/archive/data/deq_duchesne_2020_2024_raw.txt,True,archive/sources/deq_2020_2024_pdfs/3371727_Report_15370.pdf,True,,verified_local_pdf
basin_2016_present,duchesne_2020_2024_073,DUCHESNE - Production Water - EP Energy,1/15/2022,DUCHESNE,DUCHESNE,https://opendata.utah.gov/resource/sce7-b7au.json?id=duchesne_2020_2024_073,,C:/Users/Annie/OneDrive/Desktop/StewardBasin/archive/data/deq_duchesne_2020_2024_raw.txt,True,archive/sources/deq_2020_2024_pdfs/3371727_Report_15372.pdf,True,,verified_local_pdf
basin_2016_present,duchesne_2020_2024_074,ALTAMONT - Production Water - EP Energy,1/30/2022,DUCHESNE,ALTAMONT,https://opendata.utah.gov/resource/sce7-b7au.json?id=duchesne_2020_2024_074,,C:/Users/Annie/OneDrive/Desktop/StewardBasin/archive/data/deq_duchesne_2020_2024_raw.txt,True,archive/sources/deq_2020_2024_pdfs/3371727_Report_15404.pdf,True,,verified_local_pdf
basin_2016_present,duchesne_2020_2024_075,DUCHESNE - Other: (describe) Emulsion Breaker Fluid - EP Energy,1/31/2022,DUCHESNE,DUCHESNE,https://opendata.utah.gov/resource/sce7-b7au.json?id=duchesne_2020_2024_075,,C:/Users/Annie/OneDrive/Desktop/StewardBasin/archive/data/deq_duchesne_2020_2024_raw.txt,True,archive/sources/deq_2020_2024_pdfs/3371727_Report_15406.pdf,True,,verified_local_pdf
basin_2016_present,duchesne_2020_2024_076,MYTON - Crude Oil - Ovintiv,2/1/2022,DUCHESNE,MYTON,https://opendata.utah.gov/resource/sce7-b7au.json?id=duchesne_2020_2024_076,,C:/Users/Annie/OneDrive/Desktop/StewardBasin/archive/data/deq_duchesne_2020_2024_raw.txt,True,archive/sources/deq_2020_2024_pdfs/3371727_Report_15411.pdf,True,,verified_local_pdf
basin_2016_present,duchesne_2020_2024_077,MYTON - Production Water - Unkown,2/15/2022,DUCHESNE,MYTON,https://opendata.utah.gov/resource/sce7-b7au.json?id=duchesne_2020_2024_077,,C:/Users/Annie/OneDrive/Desktop/StewardBasin/archive/data/deq_duchesne_2020_2024_raw.txt,True,archive/sources/deq_2020_2024_pdfs/3371727_Report_15435.pdf,True,,verified_local_pdf
basin_2016_present,duchesne_2020_2024_078,ROOSEVELT - Production Water - Uinta Wax,3/10/2022,DUCHESNE,ROOSEVELT,https://opendata.utah.gov/resource/sce7-b7au.json?id=duchesne_2020_2024_078,,C:/Users/Annie/OneDrive/Desktop/StewardBasin/archive/data/deq_duchesne_2020_2024_raw.txt,True,archive/sources/deq_2020_2024_pdfs/3371727_Report_15468.pdf,True,,verified_local_pdf
basin_2016_present,duchesne_2020_2024_079,DUCHESNE - Production Water - EP Energy,3/21/2022,DUCHESNE,DUCHESNE,https://opendata.utah.gov/resource/sce7-b7au.json?id=duchesne_2020_2024_079,,C:/Users/Annie/OneDrive/Desktop/StewardBasin/archive/data/deq_duchesne_2020_2024_raw.txt,True,archive/sources/deq_2020_2024_pdfs/3371727_Report_15489.pdf,True,,verified_local_pdf
basin_2016_present,duchesne_2020_2024_080,MYTON - Other: (describe) Crude Oil Condensate - Chevron Power and Pipeline,3/23/2022,DUCHESNE,MYTON,https://opendata.utah.gov/resource/sce7-b7au.json?id=duchesne_2020_2024_080,,C:/Users/Annie/OneDrive/Desktop/StewardBasin/archive/data/deq_duchesne_2020_2024_raw.txt,True,archive/sources/deq_2020_2024_pdfs/3371727_Report_15493.pdf,True,,verified_local_pdf
basin_2016_present,duchesne_2020_2024_081,MYTON - Production Water - Ovintiv,4/4/2022,DUCHESNE,MYTON,https://opendata.utah.gov/resource/sce7-b7au.json?id=duchesne_2020_2024_081,,C:/Users/Annie/OneDrive/Desktop/StewardBasin/archive/data/deq_duchesne_2020_2024_raw.txt,True,,False,,verified_local_html_and_opendata
basin_2016_present,duchesne_2020_2024_082,MYTON - Injection Water - Ovintiv,4/4/2022,DUCHESNE,MYTON,https://opendata.utah.gov/resource/sce7-b7au.json?id=duchesne_2020_2024_082,,C:/Users/Annie/OneDrive/Desktop/StewardBasin/archive/data/deq_duchesne_2020_2024_raw.txt,True,,False,,verified_local_html_and_opendata
basin_2016_present,duchesne_2020_2024_083,BLUEBELL - Other: (describe) Oil - EP Energy,4/12/2022,DUCHESNE,BLUEBELL,https://opendata.utah.gov/resource/sce7-b7au.json?id=duchesne_2020_2024_083,,C:/Users/Annie/OneDrive/Desktop/StewardBasin/archive/data/deq_duchesne_2020_2024_raw.txt,True,archive/sources/deq_2020_2024_pdfs/1270292_Report_15540.pdf,True,,verified_local_pdf
basin_2016_present,duchesne_2020_2024_084,MYTON - Injection Water - Ovintiv,4/17/2022,DUCHESNE,MYTON,https://opendata.utah.gov/resource/sce7-b7au.json?id=duchesne_2020_2024_084,,C:/Users/Annie/OneDrive/Desktop/StewardBasin/archive/data/deq_duchesne_2020_2024_raw.txt,True,archive/sources/deq_2020_2024_pdfs/1270292_Report_15546.pdf,True,,verified_local_pdf
basin_2016_present,duchesne_2020_2024_085,"DUCHESNE - Antifreeze , Used/Waste Oil - P.R. Trucking, Inc.",4/21/2022,DUCHESNE,DUCHESNE,https://opendata.utah.gov/resource/sce7-b7au.json?id=duchesne_2020_2024_085,,C:/Users/Annie/OneDrive/Desktop/StewardBasin/archive/data/deq_duchesne_2020_2024_raw.txt,True,archive/sources/deq_2020_2024_pdfs/1270292_Report_15555.pdf,True,,verified_local_pdf
basin_2016_present,duchesne_2020_2024_086,MYTON - Production Water - Ovintiv,4/25/2022,DUCHESNE,MYTON,https://opendata.utah.gov/resource/sce7-b7au.json?id=duchesne_2020_2024_086,,C:/Users/Annie/OneDrive/Desktop/StewardBasin/archive/data/deq_duchesne_2020_2024_raw.txt,True,archive/sources/deq_2020_2024_pdfs/1270292_Report_15557.pdf,True,,verified_local_pdf
basin_2016_present,duchesne_2020_2024_087,MYTON - Injection Water - Ovintiv Inc.,4/28/2022,DUCHESNE,MYTON,https://opendata.utah.gov/resource/sce7-b7au.json?id=duchesne_2020_2024_087,,C:/Users/Annie/OneDrive/Desktop/StewardBasin/archive/data/deq_duchesne_2020_2024_raw.txt,True,archive/sources/deq_2020_2024_pdfs/1270292_Report_15575.pdf,True,,verified_local_pdf
basin_2016_present,duchesne_2020_2024_088,DUCHESNE - Crude Oil - Brady Reinhardt,5/6/2022,DUCHESNE,DUCHESNE,https://opendata.utah.gov/resource/sce7-b7au.json?id=duchesne_2020_2024_088,,C:/Users/Annie/OneDrive/Desktop/StewardBasin/archive/data/deq_duchesne_2020_2024_raw.txt,True,archive/sources/deq_2020_2024_pdfs/1270292_Report_15580.pdf,True,,verified_local_pdf
basin_2016_present,duchesne_2020_2024_089,DUCHESNE - Production Water - Javelin Energy Partners,5/14/2022,DUCHESNE,DUCHESNE,https://opendata.utah.gov/resource/sce7-b7au.json?id=duchesne_2020_2024_089,,C:/Users/Annie/OneDrive/Desktop/StewardBasin/archive/data/deq_duchesne_2020_2024_raw.txt,True,archive/sources/deq_2020_2024_pdfs/1270292_Report_15589.pdf,True,,verified_local_pdf
basin_2016_present,duchesne_2020_2024_090,DUCHESNE - Natural Gas - Kinder Morgan,5/16/2022,DUCHESNE,DUCHESNE,https://opendata.utah.gov/resource/sce7-b7au.json?id=duchesne_2020_2024_090,,C:/Users/Annie/OneDrive/Desktop/StewardBasin/archive/data/deq_duchesne_2020_2024_raw.txt,True,archive/sources/deq_2020_2024_pdfs/1270292_Report_15593.pdf,True,,verified_local_pdf
basin_2016_present,duchesne_2020_2024_091,DUCHESNE - Production Water - Javelin EP (EP Energy),5/21/2022,DUCHESNE,DUCHESNE,https://opendata.utah.gov/resource/sce7-b7au.json?id=duchesne_2020_2024_091,,C:/Users/Annie/OneDrive/Desktop/StewardBasin/archive/data/deq_duchesne_2020_2024_raw.txt,True,archive/sources/deq_2020_2024_pdfs/3077653_Report_15606.pdf,True,,verified_local_pdf
basin_2016_present,duchesne_2020_2024_092,MYTON - Crude Oil - Uinta Wax,5/24/2022,DUCHESNE,MYTON,https://opendata.utah.gov/resource/sce7-b7au.json?id=duchesne_2020_2024_092,,C:/Users/Annie/OneDrive/Desktop/StewardBasin/archive/data/deq_duchesne_2020_2024_raw.txt,True,archive/sources/deq_2020_2024_pdfs/3077653_Report_15612.pdf,True,,verified_local_pdf
basin_2016_present,duchesne_2020_2024_093,DUCHESNE - Production Water - Javelin,5/31/2022,DUCHESNE,DUCHESNE,https://opendata.utah.gov/resource/sce7-b7au.json?id=duchesne_2020_2024_093,,C:/Users/Annie/OneDrive/Desktop/StewardBasin/archive/data/deq_duchesne_2020_2024_raw.txt,True,archive/sources/deq_2020_2024_pdfs/3077653_Report_15619.pdf,True,,verified_local_pdf
basin_2016_present,duchesne_2020_2024_094,MYTON - Injection Water - Ovintiv,6/1/2022,DUCHESNE,MYTON,https://opendata.utah.gov/resource/sce7-b7au.json?id=duchesne_2020_2024_094,,C:/Users/Annie/OneDrive/Desktop/StewardBasin/archive/data/deq_duchesne_2020_2024_raw.txt,True,archive/sources/deq_2020_2024_pdfs/3077653_Report_15630.pdf,True,,verified_local_pdf
basin_2016_present,duchesne_2020_2024_095,DUCHESNE - Production Water - Uinta Wax Operating,6/8/2022,DUCHESNE,DUCHESNE,https://opendata.utah.gov/resource/sce7-b7au.json?id=duchesne_2020_2024_095,,C:/Users/Annie/OneDrive/Desktop/StewardBasin/archive/data/deq_duchesne_2020_2024_raw.txt,True,archive/sources/deq_2020_2024_pdfs/3077653_Report_15643.pdf,True,,verified_local_pdf
basin_2016_present,duchesne_2020_2024_096,ALTAMONT - Nitrogen Oxide - Kinder Morgan,6/7/2022,DUCHESNE,ALTAMONT,https://opendata.utah.gov/resource/sce7-b7au.json?id=duchesne_2020_2024_096,,C:/Users/Annie/OneDrive/Desktop/StewardBasin/archive/data/deq_duchesne_2020_2024_raw.txt,True,archive/sources/deq_2020_2024_pdfs/3077653_Report_15644.pdf,True,,verified_local_pdf
basin_2016_present,duchesne_2020_2024_097,"DUCHESNE - Crude Oil , Production Water - Uinta Wax Operating",6/9/2022,DUCHESNE,DUCHESNE,https://opendata.utah.gov/resource/sce7-b7au.json?id=duchesne_2020_2024_097,,C:/Users/Annie/OneDrive/Desktop/StewardBasin/archive/data/deq_duchesne_2020_2024_raw.txt,True,archive/sources/deq_2020_2024_pdfs/3077653_Report_15646.pdf,True,,verified_local_pdf
basin_2016_present,duchesne_2020_2024_098,DEQ Incident 6/12/2022,6/12/2022,DUCHESNE,,https://opendata.utah.gov/resource/sce7-b7au.json?id=duchesne_2020_2024_098,,C:/Users/Annie/OneDrive/Desktop/StewardBasin/archive/data/deq_duchesne_2020_2024_raw.txt,True,archive/sources/deq_2020_2024_pdfs/3077653_Report_15661.pdf,True,,verified_local_pdf
basin_2016_present,duchesne_2020_2024_099,ROOSEVELT - Crude Oil - XCL Resources,6/12/2022,DUCHESNE,ROOSEVELT,https://opendata.utah.gov/resource/sce7-b7au.json?id=duchesne_2020_2024_099,,C:/Users/Annie/OneDrive/Desktop/StewardBasin/archive/data/deq_duchesne_2020_2024_raw.txt,True,archive/sources/deq_2020_2024_pdfs/3077653_Report_15662.pdf,True,,verified_local_pdf
basin_2016_present,duchesne_2020_2024_100,DUCHESNE - Production Water - Javelin Energy,6/19/2022,DUCHESNE,DUCHESNE,https://opendata.utah.gov/resource/sce7-b7au.json?id=duchesne_2020_2024_100,,C:/Users/Annie/OneDrive/Desktop/StewardBasin/archive/data/deq_duchesne_2020_2024_raw.txt,True,archive/sources/deq_2020_2024_pdfs/3077653_Report_15679.pdf,True,,verified_local_pdf
basin_2016_present,duchesne_2020_2024_101,DUCHESNE - Crude Oil - Maverik Logistics,6/21/2022,DUCHESNE,DUCHESNE,https://opendata.utah.gov/resource/sce7-b7au.json?id=duchesne_2020_2024_101,,C:/Users/Annie/OneDrive/Desktop/StewardBasin/archive/data/deq_duchesne_2020_2024_raw.txt,True,archive/sources/deq_2020_2024_pdfs/3488479_Report_15685.pdf,True,,verified_local_pdf
basin_2016_present,duchesne_2020_2024_102,ROOSEVELT - Other: (describe) Salt Water - Altamont Energy,7/13/2022,DUCHESNE,ROOSEVELT,https://opendata.utah.gov/resource/sce7-b7au.json?id=duchesne_2020_2024_102,,C:/Users/Annie/OneDrive/Desktop/StewardBasin/archive/data/deq_duchesne_2020_2024_raw.txt,True,archive/sources/deq_2020_2024_pdfs/3488479_Report_15733.pdf,True,,verified_local_pdf
basin_2016_present,duchesne_2020_2024_103,MYTON - Production Water - Ovintiv Inc.,8/4/2022,DUCHESNE,MYTON,https://opendata.utah.gov/resource/sce7-b7au.json?id=duchesne_2020_2024_103,,C:/Users/Annie/OneDrive/Desktop/StewardBasin/archive/data/deq_duchesne_2020_2024_raw.txt,True,archive/sources/deq_2020_2024_pdfs/3488479_Report_15779.pdf,True,,verified_local_pdf
basin_2016_present,duchesne_2020_2024_104,MYTON - Other: (describe) Ethylene Glycol - Berry Petroleum,8/10/2022,DUCHESNE,MYTON,https://opendata.utah.gov/resource/sce7-b7au.json?id=duchesne_2020_2024_104,,C:/Users/Annie/OneDrive/Desktop/StewardBasin/archive/data/deq_duchesne_2020_2024_raw.txt,True,archive/sources/deq_2020_2024_pdfs/3488479_Report_15788.pdf,True,,verified_local_pdf
basin_2016_present,duchesne_2020_2024_105,Other: (describe) Nitrogen Tetroxide - Kinder Morgan Altamont,8/13/2022,DUCHESNE,- Please Select -,https://opendata.utah.gov/resource/sce7-b7au.json?id=duchesne_2020_2024_105,,C:/Users/Annie/OneDrive/Desktop/StewardBasin/archive/data/deq_duchesne_2020_2024_raw.txt,True,archive/sources/deq_2020_2024_pdfs/3488479_Report_15806.pdf,True,,verified_local_pdf
basin_2016_present,duchesne_2020_2024_106,ROOSEVELT - Production Water - Uinta Wax Operating,8/15/2022,DUCHESNE,ROOSEVELT,https://opendata.utah.gov/resource/sce7-b7au.json?id=duchesne_2020_2024_106,,C:/Users/Annie/OneDrive/Desktop/StewardBasin/archive/data/deq_duchesne_2020_2024_raw.txt,True,archive/sources/deq_2020_2024_pdfs/3488479_Report_15812.pdf,True,,verified_local_pdf
basin_2016_present,duchesne_2020_2024_107,DUCHESNE - Diesel - Maverik Logistics,9/26/2022,DUCHESNE,DUCHESNE,https://opendata.utah.gov/resource/sce7-b7au.json?id=duchesne_2020_2024_107,,C:/Users/Annie/OneDrive/Desktop/StewardBasin/archive/data/deq_duchesne_2020_2024_raw.txt,True,archive/sources/deq_2020_2024_pdfs/3488479_Report_15891.pdf,True,,verified_local_pdf
basin_2016_present,duchesne_2020_2024_108,DUCHESNE - Production Water - Javelin Energy,10/6/2022,DUCHESNE,DUCHESNE,https://opendata.utah.gov/resource/sce7-b7au.json?id=duchesne_2020_2024_108,,C:/Users/Annie/OneDrive/Desktop/StewardBasin/archive/data/deq_duchesne_2020_2024_raw.txt,True,archive/sources/deq_2020_2024_pdfs/3488479_Report_15913.pdf,True,,verified_local_pdf
basin_2016_present,duchesne_2020_2024_109,MYTON - Diesel - Uinta Wax Operating,10/11/2022,DUCHESNE,MYTON,https://opendata.utah.gov/resource/sce7-b7au.json?id=duchesne_2020_2024_109,,C:/Users/Annie/OneDrive/Desktop/StewardBasin/archive/data/deq_duchesne_2020_2024_raw.txt,True,archive/sources/deq_2020_2024_pdfs/3488479_Report_15922.pdf,True,,verified_local_pdf
basin_2016_present,duchesne_2020_2024_110,ROOSEVELT - Diesel - Pilot Travel Center,10/20/2022,DUCHESNE,ROOSEVELT,https://opendata.utah.gov/resource/sce7-b7au.json?id=duchesne_2020_2024_110,,C:/Users/Annie/OneDrive/Desktop/StewardBasin/archive/data/deq_duchesne_2020_2024_raw.txt,True,archive/sources/deq_2020_2024_pdfs/3488479_Report_15959.pdf,True,,verified_local_pdf
basin_2016_present,duchesne_2020_2024_111,DUCHESNE - Production Water - Uinta Wax Operating,11/2/2022,DUCHESNE,DUCHESNE,https://opendata.utah.gov/resource/sce7-b7au.json?id=duchesne_2020_2024_111,,C:/Users/Annie/OneDrive/Desktop/StewardBasin/archive/data/deq_duchesne_2020_2024_raw.txt,True,archive/sources/deq_2020_2024_pdfs/1335464_Report_15963.pdf,True,,verified_local_pdf
basin_2016_present,duchesne_2020_2024_112,MYTON - Natural Gas - Ovintiv,11/20/2022,DUCHESNE,MYTON,https://opendata.utah.gov/resource/sce7-b7au.json?id=duchesne_2020_2024_112,,C:/Users/Annie/OneDrive/Desktop/StewardBasin/archive/data/deq_duchesne_2020_2024_raw.txt,True,archive/sources/deq_2020_2024_pdfs/1335464_Report_15988.pdf,True,,verified_local_pdf
basin_2016_present,duchesne_2020_2024_113,DUCHESNE - Production Water - Javelin Energy Partners,11/22/2022,DUCHESNE,DUCHESNE,https://opendata.utah.gov/resource/sce7-b7au.json?id=duchesne_2020_2024_113,,C:/Users/Annie/OneDrive/Desktop/StewardBasin/archive/data/deq_duchesne_2020_2024_raw.txt,True,archive/sources/deq_2020_2024_pdfs/1335464_Report_15989.pdf,True,,verified_local_pdf
basin_2016_present,duchesne_2020_2024_114,MYTON - Crude Oil - Uintah Wax Operating,11/19/2022,DUCHESNE,MYTON,https://opendata.utah.gov/resource/sce7-b7au.json?id=duchesne_2020_2024_114,,C:/Users/Annie/OneDrive/Desktop/StewardBasin/archive/data/deq_duchesne_2020_2024_raw.txt,True,archive/sources/deq_2020_2024_pdfs/1335464_Report_15991.pdf,True,,verified_local_pdf
basin_2016_present,duchesne_2020_2024_115,ROOSEVELT - Production Water - Javelin Energy Partners,11/25/2022,DUCHESNE,ROOSEVELT,https://opendata.utah.gov/resource/sce7-b7au.json?id=duchesne_2020_2024_115,,C:/Users/Annie/OneDrive/Desktop/StewardBasin/archive/data/deq_duchesne_2020_2024_raw.txt,True,archive/sources/deq_2020_2024_pdfs/1335464_Report_15999.pdf,True,,verified_local_pdf
basin_2016_present,duchesne_2020_2024_116,ROOSEVELT - Production Water - XCL Resources,11/24/2022,DUCHESNE,ROOSEVELT,https://opendata.utah.gov/resource/sce7-b7au.json?id=duchesne_2020_2024_116,,C:/Users/Annie/OneDrive/Desktop/StewardBasin/archive/data/deq_duchesne_2020_2024_raw.txt,True,archive/sources/deq_2020_2024_pdfs/1335464_Report_16001.pdf,True,,verified_local_pdf
basin_2016_present,duchesne_2020_2024_117,ROOSEVELT - Production Water - Uinta Wax Operating,11/25/2022,DUCHESNE,ROOSEVELT,https://opendata.utah.gov/resource/sce7-b7au.json?id=duchesne_2020_2024_117,,C:/Users/Annie/OneDrive/Desktop/StewardBasin/archive/data/deq_duchesne_2020_2024_raw.txt,True,archive/sources/deq_2020_2024_pdfs/1335464_Report_16003.pdf,True,,verified_local_pdf
basin_2016_present,duchesne_2020_2024_118,ROOSEVELT - Production Water - Kinder Morgan,11/30/2022,DUCHESNE,ROOSEVELT,https://opendata.utah.gov/resource/sce7-b7au.json?id=duchesne_2020_2024_118,,C:/Users/Annie/OneDrive/Desktop/StewardBasin/archive/data/deq_duchesne_2020_2024_raw.txt,True,archive/sources/deq_2020_2024_pdfs/1335464_Report_16015.pdf,True,,verified_local_pdf
basin_2016_present,duchesne_2020_2024_119,ROOSEVELT - Crude Oil - Uinta Wax Operating,12/14/2022,DUCHESNE,ROOSEVELT,https://opendata.utah.gov/resource/sce7-b7au.json?id=duchesne_2020_2024_119,,C:/Users/Annie/OneDrive/Desktop/StewardBasin/archive/data/deq_duchesne_2020_2024_raw.txt,True,archive/sources/deq_2020_2024_pdfs/1335464_Report_16040.pdf,True,,verified_local_pdf
basin_2016_present,duchesne_2020_2024_120,DUCHESNE - Production Water - Winds Exploration and Production,12/18/2022,DUCHESNE,DUCHESNE,https://opendata.utah.gov/resource/sce7-b7au.json?id=duchesne_2020_2024_120,,C:/Users/Annie/OneDrive/Desktop/StewardBasin/archive/data/deq_duchesne_2020_2024_raw.txt,True,archive/sources/deq_2020_2024_pdfs/1335464_Report_16072.pdf,True,,verified_local_pdf
basin_2016_present,duchesne_2020_2024_121,DUCHESNE - Production Water - Javelin Energy,1/16/2023,DUCHESNE,DUCHESNE,https://opendata.utah.gov/resource/sce7-b7au.json?id=duchesne_2020_2024_121,,C:/Users/Annie/OneDrive/Desktop/StewardBasin/archive/data/deq_duchesne_2020_2024_raw.txt,True,archive/sources/deq_2020_2024_pdfs/2470347_Report_16090.pdf,True,,verified_local_pdf
basin_2016_present,duchesne_2020_2024_122,DUCHESNE - Production Water - Javelin Energy Partners,1/22/2023,DUCHESNE,DUCHESNE,https://opendata.utah.gov/resource/sce7-b7au.json?id=duchesne_2020_2024_122,,C:/Users/Annie/OneDrive/Desktop/StewardBasin/archive/data/deq_duchesne_2020_2024_raw.txt,True,archive/sources/deq_2020_2024_pdfs/2470347_Report_16098.pdf,True,,verified_local_pdf
basin_2016_present,duchesne_2020_2024_123,DUCHESNE - Crude Oil - Javelin Energy Partners,1/23/2023,DUCHESNE,DUCHESNE,https://opendata.utah.gov/resource/sce7-b7au.json?id=duchesne_2020_2024_123,,C:/Users/Annie/OneDrive/Desktop/StewardBasin/archive/data/deq_duchesne_2020_2024_raw.txt,True,archive/sources/deq_2020_2024_pdfs/2470347_Report_16100.pdf,True,,verified_local_pdf
basin_2016_present,duchesne_2020_2024_124,MYTON - Crude Oil - Uinta Wax Operating,1/26/2023,DUCHESNE,MYTON,https://opendata.utah.gov/resource/sce7-b7au.json?id=duchesne_2020_2024_124,,C:/Users/Annie/OneDrive/Desktop/StewardBasin/archive/data/deq_duchesne_2020_2024_raw.txt,True,,False,,verified_local_html_and_opendata
basin_2016_present,duchesne_2020_2024_125,MYTON - Crude Oil - Uinta Wax Operating,1/26/2023,DUCHESNE,MYTON,https://opendata.utah.gov/resource/sce7-b7au.json?id=duchesne_2020_2024_125,,C:/Users/Annie/OneDrive/Desktop/StewardBasin/archive/data/deq_duchesne_2020_2024_raw.txt,True,,False,,verified_local_html_and_opendata
basin_2016_present,duchesne_2020_2024_126,MYTON - Crude Oil - Uinta Wax Operating,1/27/2023,DUCHESNE,MYTON,https://opendata.utah.gov/resource/sce7-b7au.json?id=duchesne_2020_2024_126,,C:/Users/Annie/OneDrive/Desktop/StewardBasin/archive/data/deq_duchesne_2020_2024_raw.txt,True,archive/sources/deq_2020_2024_pdfs/2470347_Report_16108.pdf,True,,verified_local_pdf
basin_2016_present,duchesne_2020_2024_127,"MYTON - Crude Oil , Production Water - Uinta Wax Operating",1/29/2023,DUCHESNE,MYTON,https://opendata.utah.gov/resource/sce7-b7au.json?id=duchesne_2020_2024_127,,C:/Users/Annie/OneDrive/Desktop/StewardBasin/archive/data/deq_duchesne_2020_2024_raw.txt,True,archive/sources/deq_2020_2024_pdfs/2470347_Report_16109.pdf,True,,verified_local_pdf
basin_2016_present,duchesne_2020_2024_128,DUCHESNE - Production Water - UNKNOWN,2/4/2023,DUCHESNE,DUCHESNE,https://opendata.utah.gov/resource/sce7-b7au.json?id=duchesne_2020_2024_128,,C:/Users/Annie/OneDrive/Desktop/StewardBasin/archive/data/deq_duchesne_2020_2024_raw.txt,True,archive/sources/deq_2020_2024_pdfs/2470347_Report_16118.pdf,True,,verified_local_pdf
basin_2016_present,duchesne_2020_2024_129,MYTON - Production Water - Ovintiv Inc.,2/21/2023,DUCHESNE,MYTON,https://opendata.utah.gov/resource/sce7-b7au.json?id=duchesne_2020_2024_129,,C:/Users/Annie/OneDrive/Desktop/StewardBasin/archive/data/deq_duchesne_2020_2024_raw.txt,True,archive/sources/deq_2020_2024_pdfs/2470347_Report_16143.pdf,True,,verified_local_pdf
basin_2016_present,duchesne_2020_2024_130,DUCHESNE - Production Water - Ovintiv or Petroglyph,2/13/2023,DUCHESNE,DUCHESNE,https://opendata.utah.gov/resource/sce7-b7au.json?id=duchesne_2020_2024_130,,C:/Users/Annie/OneDrive/Desktop/StewardBasin/archive/data/deq_duchesne_2020_2024_raw.txt,True,archive/sources/deq_2020_2024_pdfs/2470347_Report_16144.pdf,True,,verified_local_pdf
basin_2016_present,duchesne_2020_2024_131,MYTON - Injection Water - Scout Energy,2/27/2023,DUCHESNE,MYTON,https://opendata.utah.gov/resource/sce7-b7au.json?id=duchesne_2020_2024_131,,C:/Users/Annie/OneDrive/Desktop/StewardBasin/archive/data/deq_duchesne_2020_2024_raw.txt,True,archive/sources/deq_2020_2024_pdfs/8953816_Report_16150.pdf,True,,verified_local_pdf
basin_2016_present,duchesne_2020_2024_132,MYTON - Production Water - Ovintiv,3/3/2023,DUCHESNE,MYTON,https://opendata.utah.gov/resource/sce7-b7au.json?id=duchesne_2020_2024_132,,C:/Users/Annie/OneDrive/Desktop/StewardBasin/archive/data/deq_duchesne_2020_2024_raw.txt,True,archive/sources/deq_2020_2024_pdfs/8953816_Report_16155.pdf,True,,verified_local_pdf
basin_2016_present,duchesne_2020_2024_133,ROOSEVELT - Crude Oil - Uinta Wax,3/2/2023,DUCHESNE,ROOSEVELT,https://opendata.utah.gov/resource/sce7-b7au.json?id=duchesne_2020_2024_133,,C:/Users/Annie/OneDrive/Desktop/StewardBasin/archive/data/deq_duchesne_2020_2024_raw.txt,True,archive/sources/deq_2020_2024_pdfs/8953816_Report_16157.pdf,True,,verified_local_pdf
basin_2016_present,duchesne_2020_2024_134,DUCHESNE - Other: (describe) Treated Water - Scout Energy Partners,3/12/2023,DUCHESNE,DUCHESNE,https://opendata.utah.gov/resource/sce7-b7au.json?id=duchesne_2020_2024_134,,C:/Users/Annie/OneDrive/Desktop/StewardBasin/archive/data/deq_duchesne_2020_2024_raw.txt,True,archive/sources/deq_2020_2024_pdfs/8953816_Report_16177.pdf,True,,verified_local_pdf
basin_2016_present,duchesne_2020_2024_135,MYTON - Crude Oil - Uinta Wax Operating,3/21/2023,DUCHESNE,MYTON,https://opendata.utah.gov/resource/sce7-b7au.json?id=duchesne_2020_2024_135,,C:/Users/Annie/OneDrive/Desktop/StewardBasin/archive/data/deq_duchesne_2020_2024_raw.txt,True,archive/sources/deq_2020_2024_pdfs/8953816_Report_16199.pdf,True,,verified_local_pdf
basin_2016_present,duchesne_2020_2024_136,ROOSEVELT - Injection Water - Scout Energy Partners,4/1/2023,DUCHESNE,ROOSEVELT,https://opendata.utah.gov/resource/sce7-b7au.json?id=duchesne_2020_2024_136,,C:/Users/Annie/OneDrive/Desktop/StewardBasin/archive/data/deq_duchesne_2020_2024_raw.txt,True,archive/sources/deq_2020_2024_pdfs/8953816_Report_16224.pdf,True,,verified_local_pdf
basin_2016_present,duchesne_2020_2024_137,MYTON - Production Water - Ovintiv,4/30/2023,DUCHESNE,MYTON,https://opendata.utah.gov/resource/sce7-b7au.json?id=duchesne_2020_2024_137,,C:/Users/Annie/OneDrive/Desktop/StewardBasin/archive/data/deq_duchesne_2020_2024_raw.txt,True,archive/sources/deq_2020_2024_pdfs/8953816_Report_16289.pdf,True,,verified_local_pdf
basin_2016_present,duchesne_2020_2024_138,NEOLA - Crude Oil - Javelin Energy Partners,5/7/2023,DUCHESNE,NEOLA,https://opendata.utah.gov/resource/sce7-b7au.json?id=duchesne_2020_2024_138,,C:/Users/Annie/OneDrive/Desktop/StewardBasin/archive/data/deq_duchesne_2020_2024_raw.txt,True,archive/sources/deq_2020_2024_pdfs/8953816_Report_16302.pdf,True,,verified_local_pdf
basin_2016_present,duchesne_2020_2024_139,DUCHESNE - Production Water - Javelin Energy Partners,5/9/2023,DUCHESNE,DUCHESNE,https://opendata.utah.gov/resource/sce7-b7au.json?id=duchesne_2020_2024_139,,C:/Users/Annie/OneDrive/Desktop/StewardBasin/archive/data/deq_duchesne_2020_2024_raw.txt,True,archive/sources/deq_2020_2024_pdfs/8953816_Report_16303.pdf,True,,verified_local_pdf
basin_2016_present,duchesne_2020_2024_140,"ROOSEVELT - Crude Oil , Production Water - Javelin Energy Partners",5/11/2023,DUCHESNE,ROOSEVELT,https://opendata.utah.gov/resource/sce7-b7au.json?id=duchesne_2020_2024_140,,C:/Users/Annie/OneDrive/Desktop/StewardBasin/archive/data/deq_duchesne_2020_2024_raw.txt,True,archive/sources/deq_2020_2024_pdfs/8953816_Report_16306.pdf,True,,verified_local_pdf
basin_2016_present,duchesne_2020_2024_141,"MOUNTAIN HOME - Production Water , Crude Oil - Javelin Energy Partners",5/9/2023,DUCHESNE,MOUNTAIN HOME,https://opendata.utah.gov/resource/sce7-b7au.json?id=duchesne_2020_2024_141,,C:/Users/Annie/OneDrive/Desktop/StewardBasin/archive/data/deq_duchesne_2020_2024_raw.txt,True,archive/sources/deq_2020_2024_pdfs/6267475_Report_16307.pdf,True,,verified_local_pdf
basin_2016_present,duchesne_2020_2024_142,ROOSEVELT - Other: (describe) Manure - Trent Jenkins Feedlot,4/21/2023,DUCHESNE,ROOSEVELT,https://opendata.utah.gov/resource/sce7-b7au.json?id=duchesne_2020_2024_142,,C:/Users/Annie/OneDrive/Desktop/StewardBasin/archive/data/deq_duchesne_2020_2024_raw.txt,True,archive/sources/deq_2020_2024_pdfs/6267475_Report_16314.pdf,True,,verified_local_pdf
basin_2016_present,duchesne_2020_2024_143,Soils - Sewage,5/16/2023,DUCHESNE,,https://opendata.utah.gov/resource/sce7-b7au.json?id=duchesne_2020_2024_143,,C:/Users/Annie/OneDrive/Desktop/StewardBasin/archive/data/deq_duchesne_2020_2024_raw.txt,True,archive/sources/deq_2020_2024_pdfs/6267475_Report_16325.pdf,True,,verified_local_pdf
basin_2016_present,duchesne_2020_2024_144,ALTAMONT - Other: (describe) Ethylene Glycol - Javelin Energy Partners Management,6/3/2023,DUCHESNE,ALTAMONT,https://opendata.utah.gov/resource/sce7-b7au.json?id=duchesne_2020_2024_144,,C:/Users/Annie/OneDrive/Desktop/StewardBasin/archive/data/deq_duchesne_2020_2024_raw.txt,True,archive/sources/deq_2020_2024_pdfs/6267475_Report_16366.pdf,True,,verified_local_pdf
basin_2016_present,duchesne_2020_2024_145,MYTON - Crude Oil - Uinta Wax Operating,6/19/2023,DUCHESNE,MYTON,https://opendata.utah.gov/resource/sce7-b7au.json?id=duchesne_2020_2024_145,,C:/Users/Annie/OneDrive/Desktop/StewardBasin/archive/data/deq_duchesne_2020_2024_raw.txt,True,archive/sources/deq_2020_2024_pdfs/6267475_Report_16390.pdf,True,,verified_local_pdf
basin_2016_present,duchesne_2020_2024_146,NEOLA - Crude Oil - Finley Resources,6/22/2023,DUCHESNE,NEOLA,https://opendata.utah.gov/resource/sce7-b7au.json?id=duchesne_2020_2024_146,,C:/Users/Annie/OneDrive/Desktop/StewardBasin/archive/data/deq_duchesne_2020_2024_raw.txt,True,archive/sources/deq_2020_2024_pdfs/6267475_Report_16413.pdf,True,,verified_local_pdf
basin_2016_present,duchesne_2020_2024_147,TALMAGE - Motor Oil - UNKNOWN,6/27/2023,DUCHESNE,TALMAGE,https://opendata.utah.gov/resource/sce7-b7au.json?id=duchesne_2020_2024_147,,C:/Users/Annie/OneDrive/Desktop/StewardBasin/archive/data/deq_duchesne_2020_2024_raw.txt,True,archive/sources/deq_2020_2024_pdfs/6267475_Report_16517.pdf,True,,verified_local_pdf
basin_2016_present,duchesne_2020_2024_148,DUCHESNE - Crude Oil - Berry Petroleum,7/28/2023,DUCHESNE,DUCHESNE,https://opendata.utah.gov/resource/sce7-b7au.json?id=duchesne_2020_2024_148,,C:/Users/Annie/OneDrive/Desktop/StewardBasin/archive/data/deq_duchesne_2020_2024_raw.txt,True,archive/sources/deq_2020_2024_pdfs/6267475_Report_16525.pdf,True,,verified_local_pdf
basin_2016_present,duchesne_2020_2024_149,TALMAGE - Other: (describe) Ethylene Glycol - Javelin Energy,8/21/2023,DUCHESNE,TALMAGE,https://opendata.utah.gov/resource/sce7-b7au.json?id=duchesne_2020_2024_149,,C:/Users/Annie/OneDrive/Desktop/StewardBasin/archive/data/deq_duchesne_2020_2024_raw.txt,True,archive/sources/deq_2020_2024_pdfs/6267475_Report_16596.pdf,True,,verified_local_pdf
basin_2016_present,duchesne_2020_2024_150,BONETA - Other: (describe) Fresh water - Javelin Energy Partners,7/25/2023,DUCHESNE,BONETA,https://opendata.utah.gov/resource/sce7-b7au.json?id=duchesne_2020_2024_150,,C:/Users/Annie/OneDrive/Desktop/StewardBasin/archive/data/deq_duchesne_2020_2024_raw.txt,True,archive/sources/deq_2020_2024_pdfs/6267475_Report_16658.pdf,True,,verified_local_pdf
basin_2016_present,duchesne_2020_2024_151,UPALCO - Harmful Algal Bloom (HAB) - Unknown,9/19/2023,DUCHESNE,UPALCO,https://opendata.utah.gov/resource/sce7-b7au.json?id=duchesne_2020_2024_151,,C:/Users/Annie/OneDrive/Desktop/StewardBasin/archive/data/deq_duchesne_2020_2024_raw.txt,True,archive/sources/deq_2020_2024_pdfs/1182862_Report_16676.pdf,True,,verified_local_pdf
basin_2016_present,duchesne_2020_2024_152,DUCHESNE - Other: (describe) Insect Spray - County of Duchesne,9/26/2023,DUCHESNE,DUCHESNE,https://opendata.utah.gov/resource/sce7-b7au.json?id=duchesne_2020_2024_152,,C:/Users/Annie/OneDrive/Desktop/StewardBasin/archive/data/deq_duchesne_2020_2024_raw.txt,True,archive/sources/deq_2020_2024_pdfs/1182862_Report_16687.pdf,True,,verified_local_pdf
basin_2016_present,duchesne_2020_2024_153,DUCHESNE - Crude Oil - Javelin Energy Partners,10/13/2023,DUCHESNE,DUCHESNE,https://opendata.utah.gov/resource/sce7-b7au.json?id=duchesne_2020_2024_153,,C:/Users/Annie/OneDrive/Desktop/StewardBasin/archive/data/deq_duchesne_2020_2024_raw.txt,True,archive/sources/deq_2020_2024_pdfs/1182862_Report_16716.pdf,True,,verified_local_pdf
basin_2016_present,duchesne_2020_2024_154,DUCHESNE - Natural Gas - Uintah Wax Operating,10/15/2023,DUCHESNE,DUCHESNE,https://opendata.utah.gov/resource/sce7-b7au.json?id=duchesne_2020_2024_154,,C:/Users/Annie/OneDrive/Desktop/StewardBasin/archive/data/deq_duchesne_2020_2024_raw.txt,True,archive/sources/deq_2020_2024_pdfs/1182862_Report_16720.pdf,True,,verified_local_pdf
basin_2016_present,duchesne_2020_2024_155,MYTON - Injection Water - Scout energy,11/1/2023,DUCHESNE,MYTON,https://opendata.utah.gov/resource/sce7-b7au.json?id=duchesne_2020_2024_155,,C:/Users/Annie/OneDrive/Desktop/StewardBasin/archive/data/deq_duchesne_2020_2024_raw.txt,True,archive/sources/deq_2020_2024_pdfs/1182862_Report_16746.pdf,True,,verified_local_pdf
basin_2016_present,duchesne_2020_2024_156,DUCHESNE - Production Water - Javelin Energy Partners,11/7/2023,DUCHESNE,DUCHESNE,https://opendata.utah.gov/resource/sce7-b7au.json?id=duchesne_2020_2024_156,,C:/Users/Annie/OneDrive/Desktop/StewardBasin/archive/data/deq_duchesne_2020_2024_raw.txt,True,archive/sources/deq_2020_2024_pdfs/1182862_Report_16761.pdf,True,,verified_local_pdf
basin_2016_present,duchesne_2020_2024_157,MYTON - Injection Water - Scout Energy Partners,11/26/2023,DUCHESNE,MYTON,https://opendata.utah.gov/resource/sce7-b7au.json?id=duchesne_2020_2024_157,,C:/Users/Annie/OneDrive/Desktop/StewardBasin/archive/data/deq_duchesne_2020_2024_raw.txt,True,archive/sources/deq_2020_2024_pdfs/1182862_Report_16785.pdf,True,,verified_local_pdf
basin_2016_present,duchesne_2020_2024_158,MYTON - Acid - Champion X,12/1/2023,DUCHESNE,MYTON,https://opendata.utah.gov/resource/sce7-b7au.json?id=duchesne_2020_2024_158,,C:/Users/Annie/OneDrive/Desktop/StewardBasin/archive/data/deq_duchesne_2020_2024_raw.txt,True,archive/sources/deq_2020_2024_pdfs/1182862_Report_16792.pdf,True,,verified_local_pdf
basin_2016_present,duchesne_2020_2024_159,DUCHESNE - Production Water - Javelin Energy Partners,12/11/2023,DUCHESNE,DUCHESNE,https://opendata.utah.gov/resource/sce7-b7au.json?id=duchesne_2020_2024_159,,C:/Users/Annie/OneDrive/Desktop/StewardBasin/archive/data/deq_duchesne_2020_2024_raw.txt,True,archive/sources/deq_2020_2024_pdfs/1182862_Report_16810.pdf,True,,verified_local_pdf
basin_2016_present,duchesne_2020_2024_160,Soils - Other: (describe) Freshwater with well product,12/12/2023,DUCHESNE,,https://opendata.utah.gov/resource/sce7-b7au.json?id=duchesne_2020_2024_160,,C:/Users/Annie/OneDrive/Desktop/StewardBasin/archive/data/deq_duchesne_2020_2024_raw.txt,True,,False,,verified_local_html_and_opendata
basin_2016_present,duchesne_2020_2024_161,ROOSEVELT - Unknown - XCL Resources,12/12/2023,DUCHESNE,ROOSEVELT,https://opendata.utah.gov/resource/sce7-b7au.json?id=duchesne_2020_2024_161,,C:/Users/Annie/OneDrive/Desktop/StewardBasin/archive/data/deq_duchesne_2020_2024_raw.txt,True,archive/sources/deq_2020_2024_pdfs/7779068_Report_16819.pdf,True,,verified_local_pdf
basin_2016_present,duchesne_2020_2024_162,ROOSEVELT - Diesel - Pilot (or potentially 3rd party delivery company),12/17/2023,DUCHESNE,ROOSEVELT,https://opendata.utah.gov/resource/sce7-b7au.json?id=duchesne_2020_2024_162,,C:/Users/Annie/OneDrive/Desktop/StewardBasin/archive/data/deq_duchesne_2020_2024_raw.txt,True,archive/sources/deq_2020_2024_pdfs/7779068_Report_16823.pdf,True,,verified_local_pdf
basin_2016_present,duchesne_2020_2024_163,MYTON - Production Water - Scout Energy Partners,12/18/2023,DUCHESNE,MYTON,https://opendata.utah.gov/resource/sce7-b7au.json?id=duchesne_2020_2024_163,,C:/Users/Annie/OneDrive/Desktop/StewardBasin/archive/data/deq_duchesne_2020_2024_raw.txt,True,archive/sources/deq_2020_2024_pdfs/7779068_Report_16829.pdf,True,,verified_local_pdf
basin_2016_present,duchesne_2020_2024_164,BLUEBELL - Production Water - Altamont Energy,1/22/2024,DUCHESNE,BLUEBELL,https://opendata.utah.gov/resource/sce7-b7au.json?id=duchesne_2020_2024_164,,C:/Users/Annie/OneDrive/Desktop/StewardBasin/archive/data/deq_duchesne_2020_2024_raw.txt,True,archive/sources/deq_2020_2024_pdfs/7779068_Report_16864.pdf,True,,verified_local_pdf
basin_2016_present,duchesne_2020_2024_165,DUCHESNE - Production Water - Unknown,1/21/2024,DUCHESNE,DUCHESNE,https://opendata.utah.gov/resource/sce7-b7au.json?id=duchesne_2020_2024_165,,C:/Users/Annie/OneDrive/Desktop/StewardBasin/archive/data/deq_duchesne_2020_2024_raw.txt,True,archive/sources/deq_2020_2024_pdfs/7779068_Report_16865.pdf,True,,verified_local_pdf
basin_2016_present,duchesne_2020_2024_166,DUCHESNE - Production Water - Javelin Energy Partners,1/25/2024,DUCHESNE,DUCHESNE,https://opendata.utah.gov/resource/sce7-b7au.json?id=duchesne_2020_2024_166,,C:/Users/Annie/OneDrive/Desktop/StewardBasin/archive/data/deq_duchesne_2020_2024_raw.txt,True,archive/sources/deq_2020_2024_pdfs/7779068_Report_16871.pdf,True,,verified_local_pdf
basin_2016_present,duchesne_2020_2024_167,ROOSEVELT - Diesel - Unknown,2/18/2024,DUCHESNE,ROOSEVELT,https://opendata.utah.gov/resource/sce7-b7au.json?id=duchesne_2020_2024_167,,C:/Users/Annie/OneDrive/Desktop/StewardBasin/archive/data/deq_duchesne_2020_2024_raw.txt,True,archive/sources/deq_2020_2024_pdfs/7779068_Report_16911.pdf,True,,verified_local_pdf
basin_2016_present,duchesne_2020_2024_168,DUCHESNE - Crude Oil - Uinta Wax Operating,2/19/2024,DUCHESNE,DUCHESNE,https://opendata.utah.gov/resource/sce7-b7au.json?id=duchesne_2020_2024_168,,C:/Users/Annie/OneDrive/Desktop/StewardBasin/archive/data/deq_duchesne_2020_2024_raw.txt,True,archive/sources/deq_2020_2024_pdfs/7779068_Report_16913.pdf,True,,verified_local_pdf
basin_2016_present,duchesne_2020_2024_169,ROOSEVELT - Injection Water - Scout Energy,3/15/2024,DUCHESNE,ROOSEVELT,https://opendata.utah.gov/resource/sce7-b7au.json?id=duchesne_2020_2024_169,,C:/Users/Annie/OneDrive/Desktop/StewardBasin/archive/data/deq_duchesne_2020_2024_raw.txt,True,archive/sources/deq_2020_2024_pdfs/7779068_Report_16958.pdf,True,,verified_local_pdf
basin_2016_present,duchesne_2020_2024_170,MYTON - Other: (describe) Ethylene Glycol - Ovintiv Inc.,3/23/2024,DUCHESNE,MYTON,https://opendata.utah.gov/resource/sce7-b7au.json?id=duchesne_2020_2024_170,,C:/Users/Annie/OneDrive/Desktop/StewardBasin/archive/data/deq_duchesne_2020_2024_raw.txt,True,archive/sources/deq_2020_2024_pdfs/7779068_Report_16973.pdf,True,,verified_local_pdf
basin_2016_present,duchesne_2020_2024_171,ROOSEVELT - Production Water - Javelin Energy Partners,4/18/2024,DUCHESNE,ROOSEVELT,https://opendata.utah.gov/resource/sce7-b7au.json?id=duchesne_2020_2024_171,,C:/Users/Annie/OneDrive/Desktop/StewardBasin/archive/data/deq_duchesne_2020_2024_raw.txt,True,archive/sources/deq_2020_2024_pdfs/7779068_Report_17023.pdf,True,,verified_local_pdf
basin_2016_present,duchesne_2020_2024_172,Outdoor Air - Natural Gas,4/23/2024,DUCHESNE,,https://opendata.utah.gov/resource/sce7-b7au.json?id=duchesne_2020_2024_172,,C:/Users/Annie/OneDrive/Desktop/StewardBasin/archive/data/deq_duchesne_2020_2024_raw.txt,True,archive/sources/deq_2020_2024_pdfs/7779068_Report_17036.pdf,True,,verified_local_pdf
basin_2016_present,duchesne_2020_2024_173,ROOSEVELT - Crude Oil - Jade Energy,4/29/2024,DUCHESNE,ROOSEVELT,https://opendata.utah.gov/resource/sce7-b7au.json?id=duchesne_2020_2024_173,,C:/Users/Annie/OneDrive/Desktop/StewardBasin/archive/data/deq_duchesne_2020_2024_raw.txt,True,archive/sources/deq_2020_2024_pdfs/7779068_Report_17052.pdf,True,,verified_local_pdf
basin_2016_present,duchesne_2020_2024_174,DUCHESNE - Production Water - XCL Resources,5/5/2024,DUCHESNE,DUCHESNE,https://opendata.utah.gov/resource/sce7-b7au.json?id=duchesne_2020_2024_174,,C:/Users/Annie/OneDrive/Desktop/StewardBasin/archive/data/deq_duchesne_2020_2024_raw.txt,True,archive/sources/deq_2020_2024_pdfs/7779068_Report_17070.pdf,True,,verified_local_pdf
basin_2016_present,uintah_2020_2024_001,Aggreko	Diesel	Soils	VERNAL,2/10/2020,UINTAH,,https://opendata.utah.gov/resource/sce7-b7au.json?id=uintah_2020_2024_001,,C:/Users/Annie/OneDrive/Desktop/StewardBasin/archive/data/deq_uintah_2020_2024_raw.txt,False,,False,,has_opendata_needs_local_archive
basin_2016_present,uintah_2020_2024_002,unknown	Unknown	Other (Describe)	VERNAL,2/10/2020,UINTAH,,https://opendata.utah.gov/resource/sce7-b7au.json?id=uintah_2020_2024_002,,C:/Users/Annie/OneDrive/Desktop/StewardBasin/archive/data/deq_uintah_2020_2024_raw.txt,False,,False,,has_opendata_needs_local_archive
basin_2016_present,uintah_2020_2024_003,"Finley Resources, Inc.	Crude Oil	Soils	LEETON",2/12/2020,UINTAH,,https://opendata.utah.gov/resource/sce7-b7au.json?id=uintah_2020_2024_003,,C:/Users/Annie/OneDrive/Desktop/StewardBasin/archive/data/deq_uintah_2020_2024_raw.txt,False,archive/sources/deq_2020_2024_pdfs/3134700_Report_14303.pdf,True,,verified_local_pdf
basin_2016_present,uintah_2020_2024_004,Pilot Crude Hauling	Crude Oil	Soils	FORT DUCHESNE,2/22/2020,UINTAH,,https://opendata.utah.gov/resource/sce7-b7au.json?id=uintah_2020_2024_004,,C:/Users/Annie/OneDrive/Desktop/StewardBasin/archive/data/deq_uintah_2020_2024_raw.txt,False,archive/sources/deq_2020_2024_pdfs/3134700_Report_14314.pdf,True,,verified_local_pdf
basin_2016_present,uintah_2020_2024_005,"Encana Oil and Gas (USA), Inc.	Injection Water	Soils	MYTON",2/25/2020,UINTAH,,https://opendata.utah.gov/resource/sce7-b7au.json?id=uintah_2020_2024_005,,C:/Users/Annie/OneDrive/Desktop/StewardBasin/archive/data/deq_uintah_2020_2024_raw.txt,False,,False,,has_opendata_needs_local_archive
basin_2016_present,uintah_2020_2024_006,"Encana Oil and Gas (USA), Inc.	Injection Water	Soils	MYTON",2/25/2020,UINTAH,,https://opendata.utah.gov/resource/sce7-b7au.json?id=uintah_2020_2024_006,,C:/Users/Annie/OneDrive/Desktop/StewardBasin/archive/data/deq_uintah_2020_2024_raw.txt,False,,False,,has_opendata_needs_local_archive
basin_2016_present,uintah_2020_2024_007,"Simplot Phosphates, LLC	Hydraulic Oil	Soils	VERNAL",2/28/2020,UINTAH,,https://opendata.utah.gov/resource/sce7-b7au.json?id=uintah_2020_2024_007,,C:/Users/Annie/OneDrive/Desktop/StewardBasin/archive/data/deq_uintah_2020_2024_raw.txt,False,archive/sources/deq_2020_2024_pdfs/3134700_Report_14322.pdf,True,,verified_local_pdf
basin_2016_present,uintah_2020_2024_008,Simplot	Hydraulic Oil	Soils	VERNAL,3/17/2020,UINTAH,,https://opendata.utah.gov/resource/sce7-b7au.json?id=uintah_2020_2024_008,,C:/Users/Annie/OneDrive/Desktop/StewardBasin/archive/data/deq_uintah_2020_2024_raw.txt,False,archive/sources/deq_2020_2024_pdfs/3134700_Report_14346.pdf,True,,verified_local_pdf
basin_2016_present,uintah_2020_2024_009,Other: (describe) sand and dust	Outdoor Air	VERNAL,3/18/2020,UINTAH,,https://opendata.utah.gov/resource/sce7-b7au.json?id=uintah_2020_2024_009,,C:/Users/Annie/OneDrive/Desktop/StewardBasin/archive/data/deq_uintah_2020_2024_raw.txt,False,archive/sources/deq_2020_2024_pdfs/3134700_Report_14349.pdf,True,,verified_local_pdf
basin_2016_present,uintah_2020_2024_010,Simplot	Hydraulic Oil	Soils	VERNAL,3/22/2020,UINTAH,,https://opendata.utah.gov/resource/sce7-b7au.json?id=uintah_2020_2024_010,,C:/Users/Annie/OneDrive/Desktop/StewardBasin/archive/data/deq_uintah_2020_2024_raw.txt,False,archive/sources/deq_2020_2024_pdfs/3134700_Report_14351.pdf,True,,verified_local_pdf
basin_2016_present,uintah_2020_2024_011,"Newfield Exploration	Injection Water	Soils, Surface Water	MYTON",3/25/2020,UINTAH,,https://opendata.utah.gov/resource/sce7-b7au.json?id=uintah_2020_2024_011,,C:/Users/Annie/OneDrive/Desktop/StewardBasin/archive/data/deq_uintah_2020_2024_raw.txt,False,archive/sources/deq_2020_2024_pdfs/3784777_Report_14358.pdf,True,,verified_local_pdf
basin_2016_present,uintah_2020_2024_012,Unknown	Unknown	Soils	VERNAL,4/1/2020,UINTAH,,https://opendata.utah.gov/resource/sce7-b7au.json?id=uintah_2020_2024_012,,C:/Users/Annie/OneDrive/Desktop/StewardBasin/archive/data/deq_uintah_2020_2024_raw.txt,False,archive/sources/deq_2020_2024_pdfs/3784777_Report_14363.pdf,True,,verified_local_pdf
basin_2016_present,uintah_2020_2024_013,Simplot Phosphates		Soils	VERNAL,4/7/2020,UINTAH,,https://opendata.utah.gov/resource/sce7-b7au.json?id=uintah_2020_2024_013,,C:/Users/Annie/OneDrive/Desktop/StewardBasin/archive/data/deq_uintah_2020_2024_raw.txt,False,archive/sources/deq_2020_2024_pdfs/3784777_Report_14366.pdf,True,,verified_local_pdf
basin_2016_present,uintah_2020_2024_014,"Finley Resources, Inc.	Production Water	Soils	MYTON",5/11/2020,UINTAH,,https://opendata.utah.gov/resource/sce7-b7au.json?id=uintah_2020_2024_014,,C:/Users/Annie/OneDrive/Desktop/StewardBasin/archive/data/deq_uintah_2020_2024_raw.txt,False,archive/sources/deq_2020_2024_pdfs/3784777_Report_14399.pdf,True,,verified_local_pdf
basin_2016_present,uintah_2020_2024_015,Simplot	Hydraulic Oil	Soils	VERNAL,5/14/2020,UINTAH,,https://opendata.utah.gov/resource/sce7-b7au.json?id=uintah_2020_2024_015,,C:/Users/Annie/OneDrive/Desktop/StewardBasin/archive/data/deq_uintah_2020_2024_raw.txt,False,archive/sources/deq_2020_2024_pdfs/3784777_Report_14406.pdf,True,,verified_local_pdf
basin_2016_present,uintah_2020_2024_016,Occidental Petroleum	Production Water	Soils	OURAY,5/18/2020,UINTAH,,https://opendata.utah.gov/resource/sce7-b7au.json?id=uintah_2020_2024_016,,C:/Users/Annie/OneDrive/Desktop/StewardBasin/archive/data/deq_uintah_2020_2024_raw.txt,False,archive/sources/deq_2020_2024_pdfs/3784777_Report_14408.pdf,True,,verified_local_pdf
basin_2016_present,uintah_2020_2024_017,Simplot Phosphates	Other: (describe) Transmission Oil	Soils	VERNAL,6/6/2020,UINTAH,,https://opendata.utah.gov/resource/sce7-b7au.json?id=uintah_2020_2024_017,,C:/Users/Annie/OneDrive/Desktop/StewardBasin/archive/data/deq_uintah_2020_2024_raw.txt,False,,False,,has_opendata_needs_local_archive
basin_2016_present,uintah_2020_2024_018,Simplot Phosphates	Hydraulic Oil	Soils	VERNAL,6/6/2020,UINTAH,,https://opendata.utah.gov/resource/sce7-b7au.json?id=uintah_2020_2024_018,,C:/Users/Annie/OneDrive/Desktop/StewardBasin/archive/data/deq_uintah_2020_2024_raw.txt,False,,False,,has_opendata_needs_local_archive
basin_2016_present,uintah_2020_2024_019,Simplot Phosphates	Hydraulic Oil	Soils	VERNAL,6/7/2020,UINTAH,,https://opendata.utah.gov/resource/sce7-b7au.json?id=uintah_2020_2024_019,,C:/Users/Annie/OneDrive/Desktop/StewardBasin/archive/data/deq_uintah_2020_2024_raw.txt,False,archive/sources/deq_2020_2024_pdfs/3784777_Report_14437.pdf,True,,verified_local_pdf
basin_2016_present,uintah_2020_2024_020,Middle Fork Energy Partners LLC	Production Water	Soils	OURAY,6/15/2020,UINTAH,,https://opendata.utah.gov/resource/sce7-b7au.json?id=uintah_2020_2024_020,,C:/Users/Annie/OneDrive/Desktop/StewardBasin/archive/data/deq_uintah_2020_2024_raw.txt,False,archive/sources/deq_2020_2024_pdfs/3784777_Report_14449.pdf,True,,verified_local_pdf
basin_2016_present,uintah_2020_2024_021,Simplot Phosphates	Hydraulic Oil	Soils	VERNAL,6/28/2020,UINTAH,,https://opendata.utah.gov/resource/sce7-b7au.json?id=uintah_2020_2024_021,,C:/Users/Annie/OneDrive/Desktop/StewardBasin/archive/data/deq_uintah_2020_2024_raw.txt,False,archive/sources/deq_2020_2024_pdfs/1857862_Report_14464.pdf,True,,verified_local_pdf
basin_2016_present,uintah_2020_2024_022,"Finley Resources, Inc.	Natural Gas	Outdoor Air	BALLARD",7/21/2020,UINTAH,,https://opendata.utah.gov/resource/sce7-b7au.json?id=uintah_2020_2024_022,,C:/Users/Annie/OneDrive/Desktop/StewardBasin/archive/data/deq_uintah_2020_2024_raw.txt,False,archive/sources/deq_2020_2024_pdfs/1857862_Report_14529.pdf,True,,verified_local_pdf
basin_2016_present,uintah_2020_2024_023,"Finley Resources, Inc.	Natural Gas	Outdoor Air	BALLARD",7/12/2020,UINTAH,,https://opendata.utah.gov/resource/sce7-b7au.json?id=uintah_2020_2024_023,,C:/Users/Annie/OneDrive/Desktop/StewardBasin/archive/data/deq_uintah_2020_2024_raw.txt,False,archive/sources/deq_2020_2024_pdfs/1857862_Report_14532.pdf,True,,verified_local_pdf
basin_2016_present,uintah_2020_2024_024,"Finley Resources, Inc.	Production Water	Soils	MYTON",8/12/2020,UINTAH,,https://opendata.utah.gov/resource/sce7-b7au.json?id=uintah_2020_2024_024,,C:/Users/Annie/OneDrive/Desktop/StewardBasin/archive/data/deq_uintah_2020_2024_raw.txt,False,archive/sources/deq_2020_2024_pdfs/1857862_Report_14567.pdf,True,,verified_local_pdf
basin_2016_present,uintah_2020_2024_025,"Caerus Oil and Gas	Natural Gas , Production Water	Soils	BONANZA",8/26/2020,UINTAH,,https://opendata.utah.gov/resource/sce7-b7au.json?id=uintah_2020_2024_025,,C:/Users/Annie/OneDrive/Desktop/StewardBasin/archive/data/deq_uintah_2020_2024_raw.txt,False,archive/sources/deq_2020_2024_pdfs/1857862_Report_14599.pdf,True,,verified_local_pdf
basin_2016_present,uintah_2020_2024_026,N/A	Unknown	Surface Water	BALLARD,9/3/2020,UINTAH,,https://opendata.utah.gov/resource/sce7-b7au.json?id=uintah_2020_2024_026,,C:/Users/Annie/OneDrive/Desktop/StewardBasin/archive/data/deq_uintah_2020_2024_raw.txt,False,archive/sources/deq_2020_2024_pdfs/1857862_Report_14620.pdf,True,,verified_local_pdf
basin_2016_present,uintah_2020_2024_027,N/A	Harmful Algal Bloom (HAB)	Surface Water	VERNAL,9/7/2020,UINTAH,,https://opendata.utah.gov/resource/sce7-b7au.json?id=uintah_2020_2024_027,,C:/Users/Annie/OneDrive/Desktop/StewardBasin/archive/data/deq_uintah_2020_2024_raw.txt,False,archive/sources/deq_2020_2024_pdfs/1857862_Report_14627.pdf,True,,verified_local_pdf
basin_2016_present,uintah_2020_2024_028,Western Midstream	Motor Oil	Soils	BONANZA,10/8/2020,UINTAH,,https://opendata.utah.gov/resource/sce7-b7au.json?id=uintah_2020_2024_028,,C:/Users/Annie/OneDrive/Desktop/StewardBasin/archive/data/deq_uintah_2020_2024_raw.txt,False,archive/sources/deq_2020_2024_pdfs/1857862_Report_14688.pdf,True,,verified_local_pdf
basin_2016_present,uintah_2020_2024_029,Deseret Power Electric COOP	Antifreeze	Hard Surface (Asphalt/Cement)	VERNAL,10/27/2020,UINTAH,,https://opendata.utah.gov/resource/sce7-b7au.json?id=uintah_2020_2024_029,,C:/Users/Annie/OneDrive/Desktop/StewardBasin/archive/data/deq_uintah_2020_2024_raw.txt,False,archive/sources/deq_2020_2024_pdfs/1857862_Report_14702.pdf,True,,verified_local_pdf
basin_2016_present,uintah_2020_2024_030,Simplot Phosphates	Hydraulic Oil	Soils	VERNAL,1/6/2021,UINTAH,,https://opendata.utah.gov/resource/sce7-b7au.json?id=uintah_2020_2024_030,,C:/Users/Annie/OneDrive/Desktop/StewardBasin/archive/data/deq_uintah_2020_2024_raw.txt,False,archive/sources/deq_2020_2024_pdfs/1857862_Report_14767.pdf,True,,verified_local_pdf
basin_2016_present,uintah_2020_2024_031,Citation Oil and Gas	Production Water	Soils	VERNAL,1/5/2021,UINTAH,,https://opendata.utah.gov/resource/sce7-b7au.json?id=uintah_2020_2024_031,,C:/Users/Annie/OneDrive/Desktop/StewardBasin/archive/data/deq_uintah_2020_2024_raw.txt,False,archive/sources/deq_2020_2024_pdfs/4947770_Report_14768.pdf,True,,verified_local_pdf
basin_2016_present,uintah_2020_2024_032,"Caerus Oil and Gas	Petroleum Mixture , Production Water	Soils	BONANZA",2/12/2021,UINTAH,,https://opendata.utah.gov/resource/sce7-b7au.json?id=uintah_2020_2024_032,,C:/Users/Annie/OneDrive/Desktop/StewardBasin/archive/data/deq_uintah_2020_2024_raw.txt,False,archive/sources/deq_2020_2024_pdfs/4947770_Report_14807.pdf,True,,verified_local_pdf
basin_2016_present,uintah_2020_2024_033,"Finley Resources, Inc.	Crude Oil , Production Water	Soils	LEOTA",2/15/2021,UINTAH,,https://opendata.utah.gov/resource/sce7-b7au.json?id=uintah_2020_2024_033,,C:/Users/Annie/OneDrive/Desktop/StewardBasin/archive/data/deq_uintah_2020_2024_raw.txt,False,archive/sources/deq_2020_2024_pdfs/4947770_Report_14809.pdf,True,,verified_local_pdf
basin_2016_present,uintah_2020_2024_034,Weststar Exploration	Crude Oil	Soils	BONANZA,12/17/2020,UINTAH,,https://opendata.utah.gov/resource/sce7-b7au.json?id=uintah_2020_2024_034,,C:/Users/Annie/OneDrive/Desktop/StewardBasin/archive/data/deq_uintah_2020_2024_raw.txt,False,archive/sources/deq_2020_2024_pdfs/4947770_Report_14810.pdf,True,,verified_local_pdf
basin_2016_present,uintah_2020_2024_035,J.R. Simplot	Hydraulic Oil	Soils	VERNAL,3/3/2021,UINTAH,,https://opendata.utah.gov/resource/sce7-b7au.json?id=uintah_2020_2024_035,,C:/Users/Annie/OneDrive/Desktop/StewardBasin/archive/data/deq_uintah_2020_2024_raw.txt,False,archive/sources/deq_2020_2024_pdfs/4947770_Report_14828.pdf,True,,verified_local_pdf
basin_2016_present,uintah_2020_2024_036,"Citation Oil & Gas Corporation	Crude Oil , Production Water	Soils	JENSEN",3/11/2021,UINTAH,,https://opendata.utah.gov/resource/sce7-b7au.json?id=uintah_2020_2024_036,,C:/Users/Annie/OneDrive/Desktop/StewardBasin/archive/data/deq_uintah_2020_2024_raw.txt,False,archive/sources/deq_2020_2024_pdfs/4947770_Report_14846.pdf,True,,verified_local_pdf
basin_2016_present,uintah_2020_2024_037,"Caerus Oil and Gas	Production Water	Roadway, Soils	BONANZA",4/19/2021,UINTAH,,https://opendata.utah.gov/resource/sce7-b7au.json?id=uintah_2020_2024_037,,C:/Users/Annie/OneDrive/Desktop/StewardBasin/archive/data/deq_uintah_2020_2024_raw.txt,False,archive/sources/deq_2020_2024_pdfs/4947770_Report_14904.pdf,True,,verified_local_pdf
basin_2016_present,uintah_2020_2024_038,Texaco/Jackson Food Stores	Gasoline	Soils	VERNAL,5/1/2021,UINTAH,,https://opendata.utah.gov/resource/sce7-b7au.json?id=uintah_2020_2024_038,,C:/Users/Annie/OneDrive/Desktop/StewardBasin/archive/data/deq_uintah_2020_2024_raw.txt,False,archive/sources/deq_2020_2024_pdfs/4947770_Report_14907.pdf,True,,verified_local_pdf
basin_2016_present,uintah_2020_2024_039,J.R. Simplot	Hydraulic Oil	Soils	VERNAL,6/4/2021,UINTAH,,https://opendata.utah.gov/resource/sce7-b7au.json?id=uintah_2020_2024_039,,C:/Users/Annie/OneDrive/Desktop/StewardBasin/archive/data/deq_uintah_2020_2024_raw.txt,False,archive/sources/deq_2020_2024_pdfs/4947770_Report_14964.pdf,True,,verified_local_pdf
basin_2016_present,uintah_2020_2024_040,JR Simplot	Hydraulic Oil	Soils	VERNAL,6/5/2021,UINTAH,,https://opendata.utah.gov/resource/sce7-b7au.json?id=uintah_2020_2024_040,,C:/Users/Annie/OneDrive/Desktop/StewardBasin/archive/data/deq_uintah_2020_2024_raw.txt,False,archive/sources/deq_2020_2024_pdfs/4947770_Report_14969.pdf,True,,verified_local_pdf
basin_2016_present,uintah_2020_2024_041,N/A	Harmful Algal Bloom (HAB)	Surface Water	VERNAL,6/17/2021,UINTAH,,https://opendata.utah.gov/resource/sce7-b7au.json?id=uintah_2020_2024_041,,C:/Users/Annie/OneDrive/Desktop/StewardBasin/archive/data/deq_uintah_2020_2024_raw.txt,False,archive/sources/deq_2020_2024_pdfs/8988462_Report_14991.pdf,True,,verified_local_pdf
basin_2016_present,uintah_2020_2024_042,Caerus Oil and Gas	Production Water	Soils	OURAY,7/16/2021,UINTAH,,https://opendata.utah.gov/resource/sce7-b7au.json?id=uintah_2020_2024_042,,C:/Users/Annie/OneDrive/Desktop/StewardBasin/archive/data/deq_uintah_2020_2024_raw.txt,False,archive/sources/deq_2020_2024_pdfs/8988462_Report_15048.pdf,True,,verified_local_pdf
basin_2016_present,uintah_2020_2024_043,Caerus Oil and Gas	Production Water	Soils	OURAY,7/20/2021,UINTAH,,https://opendata.utah.gov/resource/sce7-b7au.json?id=uintah_2020_2024_043,,C:/Users/Annie/OneDrive/Desktop/StewardBasin/archive/data/deq_uintah_2020_2024_raw.txt,False,archive/sources/deq_2020_2024_pdfs/8988462_Report_15057.pdf,True,,verified_local_pdf
basin_2016_present,uintah_2020_2024_044,"CH4-FInley Operating, LLC	Crude Oil	Soils	LEOTA",8/9/2021,UINTAH,,https://opendata.utah.gov/resource/sce7-b7au.json?id=uintah_2020_2024_044,,C:/Users/Annie/OneDrive/Desktop/StewardBasin/archive/data/deq_uintah_2020_2024_raw.txt,False,archive/sources/deq_2020_2024_pdfs/8988462_Report_15094.pdf,True,,verified_local_pdf
basin_2016_present,uintah_2020_2024_045,"Finley Resources, Inc.	Crude Oil	Soils	LEOTA",8/5/2021,UINTAH,,https://opendata.utah.gov/resource/sce7-b7au.json?id=uintah_2020_2024_045,,C:/Users/Annie/OneDrive/Desktop/StewardBasin/archive/data/deq_uintah_2020_2024_raw.txt,False,archive/sources/deq_2020_2024_pdfs/8988462_Report_15098.pdf,True,,verified_local_pdf
basin_2016_present,uintah_2020_2024_046,Newfield Exploration	Injection Water	Sensitive Environment	MYTON,8/16/2021,UINTAH,,https://opendata.utah.gov/resource/sce7-b7au.json?id=uintah_2020_2024_046,,C:/Users/Annie/OneDrive/Desktop/StewardBasin/archive/data/deq_uintah_2020_2024_raw.txt,False,archive/sources/deq_2020_2024_pdfs/8988462_Report_15114.pdf,True,,verified_local_pdf
basin_2016_present,uintah_2020_2024_047,Caerus Oil and Gas	Production Water	Soils	BONANZA,8/19/2021,UINTAH,,https://opendata.utah.gov/resource/sce7-b7au.json?id=uintah_2020_2024_047,,C:/Users/Annie/OneDrive/Desktop/StewardBasin/archive/data/deq_uintah_2020_2024_raw.txt,False,archive/sources/deq_2020_2024_pdfs/8988462_Report_15121.pdf,True,,verified_local_pdf
basin_2016_present,uintah_2020_2024_048,N/A	Harmful Algal Bloom (HAB)	Surface Water	VERNAL,9/2/2021,UINTAH,,https://opendata.utah.gov/resource/sce7-b7au.json?id=uintah_2020_2024_048,,C:/Users/Annie/OneDrive/Desktop/StewardBasin/archive/data/deq_uintah_2020_2024_raw.txt,False,archive/sources/deq_2020_2024_pdfs/8988462_Report_15157.pdf,True,,verified_local_pdf
basin_2016_present,uintah_2020_2024_049,Unknown	E. coli	Soils	JENSEN,9/8/2021,UINTAH,,https://opendata.utah.gov/resource/sce7-b7au.json?id=uintah_2020_2024_049,,C:/Users/Annie/OneDrive/Desktop/StewardBasin/archive/data/deq_uintah_2020_2024_raw.txt,False,archive/sources/deq_2020_2024_pdfs/8988462_Report_15163.pdf,True,,verified_local_pdf
basin_2016_present,uintah_2020_2024_050,"Simplot Phosphate	Hydraulic Oil , Antifreeze	Soils	VERNAL",10/5/2021,UINTAH,,https://opendata.utah.gov/resource/sce7-b7au.json?id=uintah_2020_2024_050,,C:/Users/Annie/OneDrive/Desktop/StewardBasin/archive/data/deq_uintah_2020_2024_raw.txt,False,archive/sources/deq_2020_2024_pdfs/8988462_Report_15210.pdf,True,,verified_local_pdf
basin_2016_present,uintah_2020_2024_051,Newfield Exploration	Injection Water	Soils	MYTON,10/4/2021,UINTAH,,https://opendata.utah.gov/resource/sce7-b7au.json?id=uintah_2020_2024_051,,C:/Users/Annie/OneDrive/Desktop/StewardBasin/archive/data/deq_uintah_2020_2024_raw.txt,False,archive/sources/deq_2020_2024_pdfs/6338116_Report_15211.pdf,True,,verified_local_pdf
basin_2016_present,uintah_2020_2024_052,Deseret Power Electric Coop	Sulfuric Acid	Soils	BONANZA,10/6/2021,UINTAH,,https://opendata.utah.gov/resource/sce7-b7au.json?id=uintah_2020_2024_052,,C:/Users/Annie/OneDrive/Desktop/StewardBasin/archive/data/deq_uintah_2020_2024_raw.txt,False,archive/sources/deq_2020_2024_pdfs/6338116_Report_15218.pdf,True,,verified_local_pdf
basin_2016_present,uintah_2020_2024_053,Uinta Wax Operating	Crude Oil	Soils	OURAY,10/10/2021,UINTAH,,https://opendata.utah.gov/resource/sce7-b7au.json?id=uintah_2020_2024_053,,C:/Users/Annie/OneDrive/Desktop/StewardBasin/archive/data/deq_uintah_2020_2024_raw.txt,False,,False,,has_opendata_needs_local_archive
basin_2016_present,uintah_2020_2024_054,Uinta Wax Operating	Crude Oil		OURAY,10/10/2021,UINTAH,,https://opendata.utah.gov/resource/sce7-b7au.json?id=uintah_2020_2024_054,,C:/Users/Annie/OneDrive/Desktop/StewardBasin/archive/data/deq_uintah_2020_2024_raw.txt,False,,False,,has_opendata_needs_local_archive
basin_2016_present,uintah_2020_2024_055,Uinta Wax Operating	Crude Oil	Soils	LEOTA,11/1/2021,UINTAH,,https://opendata.utah.gov/resource/sce7-b7au.json?id=uintah_2020_2024_055,,C:/Users/Annie/OneDrive/Desktop/StewardBasin/archive/data/deq_uintah_2020_2024_raw.txt,False,archive/sources/deq_2020_2024_pdfs/6338116_Report_15260.pdf,True,,verified_local_pdf
basin_2016_present,uintah_2020_2024_056,Caerus Uinta LLC	Production Water	Soils	BONANZA,12/1/2021,UINTAH,,https://opendata.utah.gov/resource/sce7-b7au.json?id=uintah_2020_2024_056,,C:/Users/Annie/OneDrive/Desktop/StewardBasin/archive/data/deq_uintah_2020_2024_raw.txt,False,archive/sources/deq_2020_2024_pdfs/6338116_Report_15316.pdf,True,,verified_local_pdf
basin_2016_present,uintah_2020_2024_057,Simplot Phosphates LLC	Hydraulic Oil	Soils	VERNAL,1/2/2022,UINTAH,,https://opendata.utah.gov/resource/sce7-b7au.json?id=uintah_2020_2024_057,,C:/Users/Annie/OneDrive/Desktop/StewardBasin/archive/data/deq_uintah_2020_2024_raw.txt,False,archive/sources/deq_2020_2024_pdfs/6338116_Report_15348.pdf,True,,verified_local_pdf
basin_2016_present,uintah_2020_2024_058,Simplot Phosphates LLC	Hydraulic Oil	Soils	VERNAL,12/30/2021,UINTAH,,https://opendata.utah.gov/resource/sce7-b7au.json?id=uintah_2020_2024_058,,C:/Users/Annie/OneDrive/Desktop/StewardBasin/archive/data/deq_uintah_2020_2024_raw.txt,False,archive/sources/deq_2020_2024_pdfs/6338116_Report_15353.pdf,True,,verified_local_pdf
basin_2016_present,uintah_2020_2024_059,Citation Oil and Gas	Production Water	Soils	JENSEN,1/6/2022,UINTAH,,https://opendata.utah.gov/resource/sce7-b7au.json?id=uintah_2020_2024_059,,C:/Users/Annie/OneDrive/Desktop/StewardBasin/archive/data/deq_uintah_2020_2024_raw.txt,False,archive/sources/deq_2020_2024_pdfs/6338116_Report_15359.pdf,True,,verified_local_pdf
basin_2016_present,uintah_2020_2024_060,"Citation Oil and Gas Corp	Production Water , Crude Oil	Soils	JENSEN",1/16/2022,UINTAH,,https://opendata.utah.gov/resource/sce7-b7au.json?id=uintah_2020_2024_060,,C:/Users/Annie/OneDrive/Desktop/StewardBasin/archive/data/deq_uintah_2020_2024_raw.txt,False,archive/sources/deq_2020_2024_pdfs/6338116_Report_15373.pdf,True,,verified_local_pdf
basin_2016_present,uintah_2020_2024_061,"Caerus Uinta LLC	Petroleum Mixture , - Please Select -	Soils	OURAY",1/20/2022,UINTAH,,https://opendata.utah.gov/resource/sce7-b7au.json?id=uintah_2020_2024_061,,C:/Users/Annie/OneDrive/Desktop/StewardBasin/archive/data/deq_uintah_2020_2024_raw.txt,False,archive/sources/deq_2020_2024_pdfs/4350043_Report_15395.pdf,True,,verified_local_pdf
basin_2016_present,uintah_2020_2024_062,Uinta Wax Operating	Crude Oil	Soils	RANDLETT,1/28/2022,UINTAH,,https://opendata.utah.gov/resource/sce7-b7au.json?id=uintah_2020_2024_062,,C:/Users/Annie/OneDrive/Desktop/StewardBasin/archive/data/deq_uintah_2020_2024_raw.txt,False,archive/sources/deq_2020_2024_pdfs/4350043_Report_15422.pdf,True,,verified_local_pdf
basin_2016_present,uintah_2020_2024_063,Uinta Wax Operating	Crude Oil	Soils	RANDLETT,2/5/2022,UINTAH,,https://opendata.utah.gov/resource/sce7-b7au.json?id=uintah_2020_2024_063,,C:/Users/Annie/OneDrive/Desktop/StewardBasin/archive/data/deq_uintah_2020_2024_raw.txt,False,archive/sources/deq_2020_2024_pdfs/4350043_Report_15424.pdf,True,,verified_local_pdf
basin_2016_present,uintah_2020_2024_064,Caerus Uintah LLC	Production Water	Soils	OURAY,2/16/2022,UINTAH,,https://opendata.utah.gov/resource/sce7-b7au.json?id=uintah_2020_2024_064,,C:/Users/Annie/OneDrive/Desktop/StewardBasin/archive/data/deq_uintah_2020_2024_raw.txt,False,archive/sources/deq_2020_2024_pdfs/4350043_Report_15436.pdf,True,,verified_local_pdf
basin_2016_present,uintah_2020_2024_065,Uinta Wax	Crude Oil	Soils	GUSHER,2/28/2022,UINTAH,,https://opendata.utah.gov/resource/sce7-b7au.json?id=uintah_2020_2024_065,,C:/Users/Annie/OneDrive/Desktop/StewardBasin/archive/data/deq_uintah_2020_2024_raw.txt,False,archive/sources/deq_2020_2024_pdfs/4350043_Report_15452.pdf,True,,verified_local_pdf
basin_2016_present,uintah_2020_2024_066,Middle Fork Energy Uinta	Crude Oil	Soils	VERNAL,3/31/2022,UINTAH,,https://opendata.utah.gov/resource/sce7-b7au.json?id=uintah_2020_2024_066,,C:/Users/Annie/OneDrive/Desktop/StewardBasin/archive/data/deq_uintah_2020_2024_raw.txt,False,archive/sources/deq_2020_2024_pdfs/4350043_Report_15519.pdf,True,,verified_local_pdf
basin_2016_present,uintah_2020_2024_067,Middle Fork Energy Uinta/KODA	Production Water	Soils	VERNAL,2/12/2022,UINTAH,,https://opendata.utah.gov/resource/sce7-b7au.json?id=uintah_2020_2024_067,,C:/Users/Annie/OneDrive/Desktop/StewardBasin/archive/data/deq_uintah_2020_2024_raw.txt,False,archive/sources/deq_2020_2024_pdfs/4350043_Report_15569.pdf,True,,verified_local_pdf
basin_2016_present,uintah_2020_2024_068,Caerus Uinta LLC	Production Water	Soils	OURAY,5/7/2022,UINTAH,,https://opendata.utah.gov/resource/sce7-b7au.json?id=uintah_2020_2024_068,,C:/Users/Annie/OneDrive/Desktop/StewardBasin/archive/data/deq_uintah_2020_2024_raw.txt,False,archive/sources/deq_2020_2024_pdfs/4350043_Report_15604.pdf,True,,verified_local_pdf
basin_2016_present,uintah_2020_2024_069,"Citation Oil and Gas	Production Water , Crude Oil	Soils	JENSEN",6/1/2022,UINTAH,,https://opendata.utah.gov/resource/sce7-b7au.json?id=uintah_2020_2024_069,,C:/Users/Annie/OneDrive/Desktop/StewardBasin/archive/data/deq_uintah_2020_2024_raw.txt,False,archive/sources/deq_2020_2024_pdfs/4350043_Report_15624.pdf,True,,verified_local_pdf
basin_2016_present,uintah_2020_2024_070,Citation Oil & Gas Corp.	Production Water	Soils	JENSEN,6/8/2022,UINTAH,,https://opendata.utah.gov/resource/sce7-b7au.json?id=uintah_2020_2024_070,,C:/Users/Annie/OneDrive/Desktop/StewardBasin/archive/data/deq_uintah_2020_2024_raw.txt,False,archive/sources/deq_2020_2024_pdfs/4350043_Report_15645.pdf,True,,verified_local_pdf
basin_2016_present,uintah_2020_2024_071,unknown	Used/Waste Oil	Surface Water	BONANZA,6/7/2022,UINTAH,,https://opendata.utah.gov/resource/sce7-b7au.json?id=uintah_2020_2024_071,,C:/Users/Annie/OneDrive/Desktop/StewardBasin/archive/data/deq_uintah_2020_2024_raw.txt,False,archive/sources/deq_2020_2024_pdfs/3261801_Report_15652.pdf,True,,verified_local_pdf
basin_2016_present,uintah_2020_2024_072,Uinta Wax Operating	Other: (describe) Water	Soils	RANDLETT,7/4/2022,UINTAH,,https://opendata.utah.gov/resource/sce7-b7au.json?id=uintah_2020_2024_072,,C:/Users/Annie/OneDrive/Desktop/StewardBasin/archive/data/deq_uintah_2020_2024_raw.txt,False,archive/sources/deq_2020_2024_pdfs/3261801_Report_15716.pdf,True,,verified_local_pdf
basin_2016_present,uintah_2020_2024_073,Citation Oil and Gas Corp.	Production Water	Soils	JENSEN,8/12/2022,UINTAH,,https://opendata.utah.gov/resource/sce7-b7au.json?id=uintah_2020_2024_073,,C:/Users/Annie/OneDrive/Desktop/StewardBasin/archive/data/deq_uintah_2020_2024_raw.txt,False,archive/sources/deq_2020_2024_pdfs/3261801_Report_15798.pdf,True,,verified_local_pdf
basin_2016_present,uintah_2020_2024_074,"Jim Nebeker Trucking	Diesel , Other: (describe) Oilfield Landfill Solid Waste	Soils	OURAY",8/16/2022,UINTAH,,https://opendata.utah.gov/resource/sce7-b7au.json?id=uintah_2020_2024_074,,C:/Users/Annie/OneDrive/Desktop/StewardBasin/archive/data/deq_uintah_2020_2024_raw.txt,False,archive/sources/deq_2020_2024_pdfs/3261801_Report_15809.pdf,True,,verified_local_pdf
basin_2016_present,uintah_2020_2024_075,Simplot Phosphate Mine	Hydraulic Oil	Soils	VERNAL,8/30/2022,UINTAH,,https://opendata.utah.gov/resource/sce7-b7au.json?id=uintah_2020_2024_075,,C:/Users/Annie/OneDrive/Desktop/StewardBasin/archive/data/deq_uintah_2020_2024_raw.txt,False,archive/sources/deq_2020_2024_pdfs/3261801_Report_15831.pdf,True,,verified_local_pdf
basin_2016_present,uintah_2020_2024_076,David Sealock	Crude Oil	Soils	OURAY,8/19/2022,UINTAH,,https://opendata.utah.gov/resource/sce7-b7au.json?id=uintah_2020_2024_076,,C:/Users/Annie/OneDrive/Desktop/StewardBasin/archive/data/deq_uintah_2020_2024_raw.txt,False,archive/sources/deq_2020_2024_pdfs/3261801_Report_15836.pdf,True,,verified_local_pdf
basin_2016_present,uintah_2020_2024_077,Caerus Oil and Gas	Production Water	Soils	OURAY,9/1/2022,UINTAH,,https://opendata.utah.gov/resource/sce7-b7au.json?id=uintah_2020_2024_077,,C:/Users/Annie/OneDrive/Desktop/StewardBasin/archive/data/deq_uintah_2020_2024_raw.txt,False,archive/sources/deq_2020_2024_pdfs/3261801_Report_15853.pdf,True,,verified_local_pdf
basin_2016_present,uintah_2020_2024_078,Uinta Wax Operating	Hydraulic Oil	Soils	DUCHESNE,9/26/2022,UINTAH,,https://opendata.utah.gov/resource/sce7-b7au.json?id=uintah_2020_2024_078,,C:/Users/Annie/OneDrive/Desktop/StewardBasin/archive/data/deq_uintah_2020_2024_raw.txt,False,archive/sources/deq_2020_2024_pdfs/3261801_Report_15893.pdf,True,,verified_local_pdf
basin_2016_present,uintah_2020_2024_079,Middle Fork Energy Uinta LLC	Production Water	Soils	VERNAL,8/31/2022,UINTAH,,https://opendata.utah.gov/resource/sce7-b7au.json?id=uintah_2020_2024_079,,C:/Users/Annie/OneDrive/Desktop/StewardBasin/archive/data/deq_uintah_2020_2024_raw.txt,False,archive/sources/deq_2020_2024_pdfs/3261801_Report_15899.pdf,True,,verified_local_pdf
basin_2016_present,uintah_2020_2024_080,Caerus Uinta LLC	Other: (describe) Yellow Wax Crude Oil	Soils	OURAY,10/10/2022,UINTAH,,https://opendata.utah.gov/resource/sce7-b7au.json?id=uintah_2020_2024_080,,C:/Users/Annie/OneDrive/Desktop/StewardBasin/archive/data/deq_uintah_2020_2024_raw.txt,False,archive/sources/deq_2020_2024_pdfs/3261801_Report_15919.pdf,True,,verified_local_pdf
basin_2016_present,uintah_2020_2024_081,Uintah Wax Operating	Crude Oil	Soils	OURAY,10/27/2022,UINTAH,,https://opendata.utah.gov/resource/sce7-b7au.json?id=uintah_2020_2024_081,,C:/Users/Annie/OneDrive/Desktop/StewardBasin/archive/data/deq_uintah_2020_2024_raw.txt,False,archive/sources/deq_2020_2024_pdfs/2137565_Report_15956.pdf,True,,verified_local_pdf
basin_2016_present,uintah_2020_2024_082,Caerus Oil and Gas	Production Water	Soils	BONANZA,11/15/2022,UINTAH,,https://opendata.utah.gov/resource/sce7-b7au.json?id=uintah_2020_2024_082,,C:/Users/Annie/OneDrive/Desktop/StewardBasin/archive/data/deq_uintah_2020_2024_raw.txt,False,archive/sources/deq_2020_2024_pdfs/2137565_Report_15979.pdf,True,,verified_local_pdf
basin_2016_present,uintah_2020_2024_083,Uinta Wax Operating	Crude Oil	Soils	ROOSEVELT,11/23/2022,UINTAH,,https://opendata.utah.gov/resource/sce7-b7au.json?id=uintah_2020_2024_083,,C:/Users/Annie/OneDrive/Desktop/StewardBasin/archive/data/deq_uintah_2020_2024_raw.txt,False,archive/sources/deq_2020_2024_pdfs/2137565_Report_16002.pdf,True,,verified_local_pdf
basin_2016_present,uintah_2020_2024_084,Chevron Power and Pipeline	Crude Oil	Soils	OURAY,11/29/2022,UINTAH,,https://opendata.utah.gov/resource/sce7-b7au.json?id=uintah_2020_2024_084,,C:/Users/Annie/OneDrive/Desktop/StewardBasin/archive/data/deq_uintah_2020_2024_raw.txt,False,archive/sources/deq_2020_2024_pdfs/2137565_Report_16008.pdf,True,,verified_local_pdf
basin_2016_present,uintah_2020_2024_085,Koda Resources	Production Water	Soils	BONANZA,11/24/2022,UINTAH,,https://opendata.utah.gov/resource/sce7-b7au.json?id=uintah_2020_2024_085,,C:/Users/Annie/OneDrive/Desktop/StewardBasin/archive/data/deq_uintah_2020_2024_raw.txt,False,archive/sources/deq_2020_2024_pdfs/2137565_Report_16011.pdf,True,,verified_local_pdf
basin_2016_present,uintah_2020_2024_086,Finley Resources	Crude Oil	Soils	ROOSEVELT,12/12/2022,UINTAH,,https://opendata.utah.gov/resource/sce7-b7au.json?id=uintah_2020_2024_086,,C:/Users/Annie/OneDrive/Desktop/StewardBasin/archive/data/deq_uintah_2020_2024_raw.txt,False,archive/sources/deq_2020_2024_pdfs/2137565_Report_16032.pdf,True,,verified_local_pdf
basin_2016_present,uintah_2020_2024_087,Middle Fork Energy	Production Water	Soils	VERNAL,12/19/2022,UINTAH,,https://opendata.utah.gov/resource/sce7-b7au.json?id=uintah_2020_2024_087,,C:/Users/Annie/OneDrive/Desktop/StewardBasin/archive/data/deq_uintah_2020_2024_raw.txt,False,archive/sources/deq_2020_2024_pdfs/2137565_Report_16044.pdf,True,,verified_local_pdf
basin_2016_present,uintah_2020_2024_088,Williams Companies	Natural Gas	Outdoor Air	VERNAL,12/19/2022,UINTAH,,https://opendata.utah.gov/resource/sce7-b7au.json?id=uintah_2020_2024_088,,C:/Users/Annie/OneDrive/Desktop/StewardBasin/archive/data/deq_uintah_2020_2024_raw.txt,False,archive/sources/deq_2020_2024_pdfs/2137565_Report_16045.pdf,True,,verified_local_pdf
basin_2016_present,uintah_2020_2024_089,Uinta Wax	Crude Oil	Soils	OURAY,12/19/2022,UINTAH,,https://opendata.utah.gov/resource/sce7-b7au.json?id=uintah_2020_2024_089,,C:/Users/Annie/OneDrive/Desktop/StewardBasin/archive/data/deq_uintah_2020_2024_raw.txt,False,,False,,has_opendata_needs_local_archive
basin_2016_present,uintah_2020_2024_090,"Finley Resouces	Crude Oil	Soils, Other (Describe)	OURAY",1/1/2023,UINTAH,,https://opendata.utah.gov/resource/sce7-b7au.json?id=uintah_2020_2024_090,,C:/Users/Annie/OneDrive/Desktop/StewardBasin/archive/data/deq_uintah_2020_2024_raw.txt,False,archive/sources/deq_2020_2024_pdfs/2137565_Report_16066.pdf,True,,verified_local_pdf
basin_2016_present,uintah_2020_2024_091,Jones Hole Fish Factory - Micheel Wandersee	Sewage	Surface Water	VERNAL,1/4/2023,UINTAH,,https://opendata.utah.gov/resource/sce7-b7au.json?id=uintah_2020_2024_091,,C:/Users/Annie/OneDrive/Desktop/StewardBasin/archive/data/deq_uintah_2020_2024_raw.txt,False,archive/sources/deq_2020_2024_pdfs/3830937_Report_16068.pdf,True,,verified_local_pdf
basin_2016_present,uintah_2020_2024_092,Simplot Phosphate	Hydraulic Oil	Soils	VERNAL,1/7/2023,UINTAH,,https://opendata.utah.gov/resource/sce7-b7au.json?id=uintah_2020_2024_092,,C:/Users/Annie/OneDrive/Desktop/StewardBasin/archive/data/deq_uintah_2020_2024_raw.txt,False,archive/sources/deq_2020_2024_pdfs/3830937_Report_16074.pdf,True,,verified_local_pdf
basin_2016_present,uintah_2020_2024_093,"Uinta Wax Operating, LLC	Crude Oil	Soils	RANDLETT",1/13/2023,UINTAH,,https://opendata.utah.gov/resource/sce7-b7au.json?id=uintah_2020_2024_093,,C:/Users/Annie/OneDrive/Desktop/StewardBasin/archive/data/deq_uintah_2020_2024_raw.txt,False,archive/sources/deq_2020_2024_pdfs/3830937_Report_16089.pdf,True,,verified_local_pdf
basin_2016_present,uintah_2020_2024_094,Uinta Wax	Crude Oil	Soils	ROOSEVELT,1/19/2023,UINTAH,,https://opendata.utah.gov/resource/sce7-b7au.json?id=uintah_2020_2024_094,,C:/Users/Annie/OneDrive/Desktop/StewardBasin/archive/data/deq_uintah_2020_2024_raw.txt,False,archive/sources/deq_2020_2024_pdfs/3830937_Report_16097.pdf,True,,verified_local_pdf
basin_2016_present,uintah_2020_2024_095,Scout Energy	Crude Oil	Soils	OURAY,1/29/2023,UINTAH,,https://opendata.utah.gov/resource/sce7-b7au.json?id=uintah_2020_2024_095,,C:/Users/Annie/OneDrive/Desktop/StewardBasin/archive/data/deq_uintah_2020_2024_raw.txt,False,archive/sources/deq_2020_2024_pdfs/3830937_Report_16106.pdf,True,,verified_local_pdf
basin_2016_present,uintah_2020_2024_096,Finley Resources	Crude Oil	Soils	RANDLETT,1/28/2023,UINTAH,,https://opendata.utah.gov/resource/sce7-b7au.json?id=uintah_2020_2024_096,,C:/Users/Annie/OneDrive/Desktop/StewardBasin/archive/data/deq_uintah_2020_2024_raw.txt,False,archive/sources/deq_2020_2024_pdfs/3830937_Report_16110.pdf,True,,verified_local_pdf
basin_2016_present,uintah_2020_2024_097,Uinta Wax Operating	Crude Oil	Soils	ROOSEVELT,2/19/2023,UINTAH,,https://opendata.utah.gov/resource/sce7-b7au.json?id=uintah_2020_2024_097,,C:/Users/Annie/OneDrive/Desktop/StewardBasin/archive/data/deq_uintah_2020_2024_raw.txt,False,archive/sources/deq_2020_2024_pdfs/3830937_Report_16141.pdf,True,,verified_local_pdf
basin_2016_present,uintah_2020_2024_098,Andeavor Field	Other: (describe) NSF-60 Bentonite + Water	Surface Water	VERNAL,3/29/2023,UINTAH,,https://opendata.utah.gov/resource/sce7-b7au.json?id=uintah_2020_2024_098,,C:/Users/Annie/OneDrive/Desktop/StewardBasin/archive/data/deq_uintah_2020_2024_raw.txt,False,archive/sources/deq_2020_2024_pdfs/3830937_Report_16219.pdf,True,,verified_local_pdf
basin_2016_present,uintah_2020_2024_099,Finley Resources	Crude Oil	Soils	LEOTA,4/19/2023,UINTAH,,https://opendata.utah.gov/resource/sce7-b7au.json?id=uintah_2020_2024_099,,C:/Users/Annie/OneDrive/Desktop/StewardBasin/archive/data/deq_uintah_2020_2024_raw.txt,False,archive/sources/deq_2020_2024_pdfs/3830937_Report_16263.pdf,True,,verified_local_pdf
basin_2016_present,uintah_2020_2024_100,Mountain West Pipeline	Natural Gas	Outdoor Air	VERNAL,4/25/2023,UINTAH,,https://opendata.utah.gov/resource/sce7-b7au.json?id=uintah_2020_2024_100,,C:/Users/Annie/OneDrive/Desktop/StewardBasin/archive/data/deq_uintah_2020_2024_raw.txt,False,archive/sources/deq_2020_2024_pdfs/3830937_Report_16277.pdf,True,,verified_local_pdf
basin_2016_present,uintah_2020_2024_101,Finley Resources	Other: (describe) Crude Oil Condensate	Soils	OURAY,4/28/2023,UINTAH,,https://opendata.utah.gov/resource/sce7-b7au.json?id=uintah_2020_2024_101,,C:/Users/Annie/OneDrive/Desktop/StewardBasin/archive/data/deq_uintah_2020_2024_raw.txt,False,archive/sources/deq_2020_2024_pdfs/3092363_Report_16284.pdf,True,,verified_local_pdf
basin_2016_present,uintah_2020_2024_102,Jones Hole National Fish Hatchery	Other: (describe) Settleable Solids	Surface Water	VERNAL,5/2/2023,UINTAH,,https://opendata.utah.gov/resource/sce7-b7au.json?id=uintah_2020_2024_102,,C:/Users/Annie/OneDrive/Desktop/StewardBasin/archive/data/deq_uintah_2020_2024_raw.txt,False,archive/sources/deq_2020_2024_pdfs/3092363_Report_16305.pdf,True,,verified_local_pdf
basin_2016_present,uintah_2020_2024_103,Middle Fork Energy	Crude Oil	Sensitive Environment	VERNAL,5/25/2023,UINTAH,,https://opendata.utah.gov/resource/sce7-b7au.json?id=uintah_2020_2024_103,,C:/Users/Annie/OneDrive/Desktop/StewardBasin/archive/data/deq_uintah_2020_2024_raw.txt,False,archive/sources/deq_2020_2024_pdfs/3092363_Report_16350.pdf,True,,verified_local_pdf
basin_2016_present,uintah_2020_2024_104,UNKNOWN	Crude Oil	Soils	BALLARD,5/26/2023,UINTAH,,https://opendata.utah.gov/resource/sce7-b7au.json?id=uintah_2020_2024_104,,C:/Users/Annie/OneDrive/Desktop/StewardBasin/archive/data/deq_uintah_2020_2024_raw.txt,False,archive/sources/deq_2020_2024_pdfs/3092363_Report_16351.pdf,True,,verified_local_pdf
basin_2016_present,uintah_2020_2024_105,Uinta Wax Operating	Production Water	Soils	ROOSEVELT,5/31/2023,UINTAH,,https://opendata.utah.gov/resource/sce7-b7au.json?id=uintah_2020_2024_105,,C:/Users/Annie/OneDrive/Desktop/StewardBasin/archive/data/deq_uintah_2020_2024_raw.txt,False,archive/sources/deq_2020_2024_pdfs/3092363_Report_16358.pdf,True,,verified_local_pdf
basin_2016_present,uintah_2020_2024_106,Finley Resources	Crude Oil	Soils	ROOSEVELT,5/30/2023,UINTAH,,https://opendata.utah.gov/resource/sce7-b7au.json?id=uintah_2020_2024_106,,C:/Users/Annie/OneDrive/Desktop/StewardBasin/archive/data/deq_uintah_2020_2024_raw.txt,False,archive/sources/deq_2020_2024_pdfs/3092363_Report_16361.pdf,True,,verified_local_pdf
basin_2016_present,uintah_2020_2024_107,"Uinta Wax Operating	Natural Gas , Other: (describe) Condensate	Soils	RANDLETT",6/8/2023,UINTAH,,https://opendata.utah.gov/resource/sce7-b7au.json?id=uintah_2020_2024_107,,C:/Users/Annie/OneDrive/Desktop/StewardBasin/archive/data/deq_uintah_2020_2024_raw.txt,False,archive/sources/deq_2020_2024_pdfs/3092363_Report_16373.pdf,True,,verified_local_pdf
basin_2016_present,uintah_2020_2024_108,Middle Fork Energy	Injection Water	Soils	JENSEN,6/20/2023,UINTAH,,https://opendata.utah.gov/resource/sce7-b7au.json?id=uintah_2020_2024_108,,C:/Users/Annie/OneDrive/Desktop/StewardBasin/archive/data/deq_uintah_2020_2024_raw.txt,False,archive/sources/deq_2020_2024_pdfs/3092363_Report_16392.pdf,True,,verified_local_pdf
basin_2016_present,uintah_2020_2024_109,Delsco Northwest	Other: (describe) Waste water/oil	Soils	OURAY,6/22/2023,UINTAH,,https://opendata.utah.gov/resource/sce7-b7au.json?id=uintah_2020_2024_109,,C:/Users/Annie/OneDrive/Desktop/StewardBasin/archive/data/deq_uintah_2020_2024_raw.txt,False,archive/sources/deq_2020_2024_pdfs/3092363_Report_16400.pdf,True,,verified_local_pdf
basin_2016_present,uintah_2020_2024_110,Citation Oil and Gas Corp.	Production Water	Soils	JENSEN,7/9/2023,UINTAH,,https://opendata.utah.gov/resource/sce7-b7au.json?id=uintah_2020_2024_110,,C:/Users/Annie/OneDrive/Desktop/StewardBasin/archive/data/deq_uintah_2020_2024_raw.txt,False,archive/sources/deq_2020_2024_pdfs/3092363_Report_16442.pdf,True,,verified_local_pdf
basin_2016_present,uintah_2020_2024_111,Caerus Oil and Gas	Other: (describe) Condensate	Soils	OURAY,7/10/2023,UINTAH,,https://opendata.utah.gov/resource/sce7-b7au.json?id=uintah_2020_2024_111,,C:/Users/Annie/OneDrive/Desktop/StewardBasin/archive/data/deq_uintah_2020_2024_raw.txt,False,archive/sources/deq_2020_2024_pdfs/3172052_Report_16453.pdf,True,,verified_local_pdf
basin_2016_present,uintah_2020_2024_112,Unknown	Production Water	Soils	OURAY,7/14/2023,UINTAH,,https://opendata.utah.gov/resource/sce7-b7au.json?id=uintah_2020_2024_112,,C:/Users/Annie/OneDrive/Desktop/StewardBasin/archive/data/deq_uintah_2020_2024_raw.txt,False,archive/sources/deq_2020_2024_pdfs/3172052_Report_16465.pdf,True,,verified_local_pdf
basin_2016_present,uintah_2020_2024_113,Middle Fork Energy Uinta	Production Water	Soils	VERNAL,7/17/2023,UINTAH,,https://opendata.utah.gov/resource/sce7-b7au.json?id=uintah_2020_2024_113,,C:/Users/Annie/OneDrive/Desktop/StewardBasin/archive/data/deq_uintah_2020_2024_raw.txt,False,archive/sources/deq_2020_2024_pdfs/3172052_Report_16471.pdf,True,,verified_local_pdf
basin_2016_present,uintah_2020_2024_114,Unknown	Crude Oil	Hard Surface (Asphalt/Cement)	BALLARD,7/18/2023,UINTAH,,https://opendata.utah.gov/resource/sce7-b7au.json?id=uintah_2020_2024_114,,C:/Users/Annie/OneDrive/Desktop/StewardBasin/archive/data/deq_uintah_2020_2024_raw.txt,False,archive/sources/deq_2020_2024_pdfs/3172052_Report_16475.pdf,True,,verified_local_pdf
basin_2016_present,uintah_2020_2024_115,Finley Resources	Crude Oil	Soils	FORT DUCHESNE,7/17/2023,UINTAH,,https://opendata.utah.gov/resource/sce7-b7au.json?id=uintah_2020_2024_115,,C:/Users/Annie/OneDrive/Desktop/StewardBasin/archive/data/deq_uintah_2020_2024_raw.txt,False,archive/sources/deq_2020_2024_pdfs/3172052_Report_16486.pdf,True,,verified_local_pdf
basin_2016_present,uintah_2020_2024_116,Uinta Wax Operating	Natural Gas	Outdoor Air	ROOSEVELT,7/21/2023,UINTAH,,https://opendata.utah.gov/resource/sce7-b7au.json?id=uintah_2020_2024_116,,C:/Users/Annie/OneDrive/Desktop/StewardBasin/archive/data/deq_uintah_2020_2024_raw.txt,False,archive/sources/deq_2020_2024_pdfs/3172052_Report_16487.pdf,True,,verified_local_pdf
basin_2016_present,uintah_2020_2024_117,Harmful Algal Bloom (HAB)	Surface Water	VERNAL,7/24/2023,UINTAH,,https://opendata.utah.gov/resource/sce7-b7au.json?id=uintah_2020_2024_117,,C:/Users/Annie/OneDrive/Desktop/StewardBasin/archive/data/deq_uintah_2020_2024_raw.txt,False,,False,,has_opendata_needs_local_archive
basin_2016_present,uintah_2020_2024_118,Finley Resources	Production Water	Soils	RANDLETT,7/24/2023,UINTAH,,https://opendata.utah.gov/resource/sce7-b7au.json?id=uintah_2020_2024_118,,C:/Users/Annie/OneDrive/Desktop/StewardBasin/archive/data/deq_uintah_2020_2024_raw.txt,False,archive/sources/deq_2020_2024_pdfs/3172052_Report_16504.pdf,True,,verified_local_pdf
basin_2016_present,uintah_2020_2024_119,Citation Oil and Gas Corp	Production Water	Soils	JENSEN,7/26/2023,UINTAH,,https://opendata.utah.gov/resource/sce7-b7au.json?id=uintah_2020_2024_119,,C:/Users/Annie/OneDrive/Desktop/StewardBasin/archive/data/deq_uintah_2020_2024_raw.txt,False,archive/sources/deq_2020_2024_pdfs/3172052_Report_16508.pdf,True,,verified_local_pdf
basin_2016_present,uintah_2020_2024_120,RMD Trucking	Hydraulic Oil	Hard Surface (Asphalt/Cement)	VERNAL,8/3/2023,UINTAH,,https://opendata.utah.gov/resource/sce7-b7au.json?id=uintah_2020_2024_120,,C:/Users/Annie/OneDrive/Desktop/StewardBasin/archive/data/deq_uintah_2020_2024_raw.txt,False,archive/sources/deq_2020_2024_pdfs/3172052_Report_16541.pdf,True,,verified_local_pdf
basin_2016_present,uintah_2020_2024_121,Scout Energy	Injection Water	Soils	- Please Select -,8/7/2023,UINTAH,,https://opendata.utah.gov/resource/sce7-b7au.json?id=uintah_2020_2024_121,,C:/Users/Annie/OneDrive/Desktop/StewardBasin/archive/data/deq_uintah_2020_2024_raw.txt,False,archive/sources/deq_2020_2024_pdfs/7317154_Report_16559.pdf,True,,verified_local_pdf
basin_2016_present,uintah_2020_2024_122,Finley Resources	Crude Oil	Soils	RANDLETT,8/7/2023,UINTAH,,https://opendata.utah.gov/resource/sce7-b7au.json?id=uintah_2020_2024_122,,C:/Users/Annie/OneDrive/Desktop/StewardBasin/archive/data/deq_uintah_2020_2024_raw.txt,False,archive/sources/deq_2020_2024_pdfs/7317154_Report_16562.pdf,True,,verified_local_pdf
basin_2016_present,uintah_2020_2024_123,Caerus Uintah	Production Water	Soils	VERNAL,8/15/2023,UINTAH,,https://opendata.utah.gov/resource/sce7-b7au.json?id=uintah_2020_2024_123,,C:/Users/Annie/OneDrive/Desktop/StewardBasin/archive/data/deq_uintah_2020_2024_raw.txt,False,archive/sources/deq_2020_2024_pdfs/7317154_Report_16574.pdf,True,,verified_local_pdf
basin_2016_present,uintah_2020_2024_124,"Unknown	Other: (describe) Drilling Mud	Soils, Surface Water	OURAY",8/16/2023,UINTAH,,https://opendata.utah.gov/resource/sce7-b7au.json?id=uintah_2020_2024_124,,C:/Users/Annie/OneDrive/Desktop/StewardBasin/archive/data/deq_uintah_2020_2024_raw.txt,False,,False,,has_opendata_needs_local_archive
basin_2016_present,uintah_2020_2024_125,Middlefork Energy Uintah	Injection Water	Soils	VERNAL,8/16/2023,UINTAH,,https://opendata.utah.gov/resource/sce7-b7au.json?id=uintah_2020_2024_125,,C:/Users/Annie/OneDrive/Desktop/StewardBasin/archive/data/deq_uintah_2020_2024_raw.txt,False,archive/sources/deq_2020_2024_pdfs/7317154_Report_16578.pdf,True,,verified_local_pdf
basin_2016_present,uintah_2020_2024_126,Production Water	Soils	OURAY,8/10/2023,UINTAH,,https://opendata.utah.gov/resource/sce7-b7au.json?id=uintah_2020_2024_126,,C:/Users/Annie/OneDrive/Desktop/StewardBasin/archive/data/deq_uintah_2020_2024_raw.txt,False,archive/sources/deq_2020_2024_pdfs/7317154_Report_16584.pdf,True,,verified_local_pdf
basin_2016_present,uintah_2020_2024_127,Pilot Thomas Logistics	Hydraulic Oil	Hard Surface (Asphalt/Cement)	VERNAL,8/2/2023,UINTAH,,https://opendata.utah.gov/resource/sce7-b7au.json?id=uintah_2020_2024_127,,C:/Users/Annie/OneDrive/Desktop/StewardBasin/archive/data/deq_uintah_2020_2024_raw.txt,False,archive/sources/deq_2020_2024_pdfs/7317154_Report_16595.pdf,True,,verified_local_pdf
basin_2016_present,uintah_2020_2024_128,Drill X LLC	Crude Oil	Soils	JENSEN,8/24/2023,UINTAH,,https://opendata.utah.gov/resource/sce7-b7au.json?id=uintah_2020_2024_128,,C:/Users/Annie/OneDrive/Desktop/StewardBasin/archive/data/deq_uintah_2020_2024_raw.txt,False,archive/sources/deq_2020_2024_pdfs/7317154_Report_16606.pdf,True,,verified_local_pdf
basin_2016_present,uintah_2020_2024_129,Finley Resources	Production Water	Soils	RANDLETT,8/28/2023,UINTAH,,https://opendata.utah.gov/resource/sce7-b7au.json?id=uintah_2020_2024_129,,C:/Users/Annie/OneDrive/Desktop/StewardBasin/archive/data/deq_uintah_2020_2024_raw.txt,False,archive/sources/deq_2020_2024_pdfs/7317154_Report_16624.pdf,True,,verified_local_pdf
basin_2016_present,uintah_2020_2024_130,Middle Fork Energy Uinta	Injection Water	Soils	VERNAL,9/5/2023,UINTAH,,https://opendata.utah.gov/resource/sce7-b7au.json?id=uintah_2020_2024_130,,C:/Users/Annie/OneDrive/Desktop/StewardBasin/archive/data/deq_uintah_2020_2024_raw.txt,False,archive/sources/deq_2020_2024_pdfs/7317154_Report_16634.pdf,True,,verified_local_pdf
basin_2016_present,uintah_2020_2024_131,Finley Resources	Crude Oil	Soils	GUSHER,9/11/2023,UINTAH,,https://opendata.utah.gov/resource/sce7-b7au.json?id=uintah_2020_2024_131,,C:/Users/Annie/OneDrive/Desktop/StewardBasin/archive/data/deq_uintah_2020_2024_raw.txt,False,archive/sources/deq_2020_2024_pdfs/2206125_Report_16653.pdf,True,,verified_local_pdf
basin_2016_present,uintah_2020_2024_132,Unknown	Harmful Algal Bloom (HAB)	Surface Water	VERNAL,9/8/2023,UINTAH,,https://opendata.utah.gov/resource/sce7-b7au.json?id=uintah_2020_2024_132,,C:/Users/Annie/OneDrive/Desktop/StewardBasin/archive/data/deq_uintah_2020_2024_raw.txt,False,archive/sources/deq_2020_2024_pdfs/2206125_Report_16677.pdf,True,,verified_local_pdf
basin_2016_present,uintah_2020_2024_133,Unknown	Harmful Algal Bloom (HAB)	Surface Water	BALLARD,9/22/2023,UINTAH,,https://opendata.utah.gov/resource/sce7-b7au.json?id=uintah_2020_2024_133,,C:/Users/Annie/OneDrive/Desktop/StewardBasin/archive/data/deq_uintah_2020_2024_raw.txt,False,archive/sources/deq_2020_2024_pdfs/2206125_Report_16678.pdf,True,,verified_local_pdf
basin_2016_present,uintah_2020_2024_134,Middlefork Energy Uintah	Production Water	Soils	VERNAL,9/24/2023,UINTAH,,https://opendata.utah.gov/resource/sce7-b7au.json?id=uintah_2020_2024_134,,C:/Users/Annie/OneDrive/Desktop/StewardBasin/archive/data/deq_uintah_2020_2024_raw.txt,False,archive/sources/deq_2020_2024_pdfs/2206125_Report_16686.pdf,True,,verified_local_pdf
basin_2016_present,uintah_2020_2024_135,Uinta Wax Operating	Natural Gas	Outdoor Air	RANDLETT,10/30/2023,UINTAH,,https://opendata.utah.gov/resource/sce7-b7au.json?id=uintah_2020_2024_135,,C:/Users/Annie/OneDrive/Desktop/StewardBasin/archive/data/deq_uintah_2020_2024_raw.txt,False,archive/sources/deq_2020_2024_pdfs/2206125_Report_16742.pdf,True,,verified_local_pdf
basin_2016_present,uintah_2020_2024_136,Uinta Wax Operating	Other: (describe) Brine	Soils	MYTON,11/6/2023,UINTAH,,https://opendata.utah.gov/resource/sce7-b7au.json?id=uintah_2020_2024_136,,C:/Users/Annie/OneDrive/Desktop/StewardBasin/archive/data/deq_uintah_2020_2024_raw.txt,False,archive/sources/deq_2020_2024_pdfs/2206125_Report_16753.pdf,True,,verified_local_pdf
basin_2016_present,uintah_2020_2024_137,"Caerus Uinta LLC	Production Water , Petroleum Mixture	Soils	BONANZA",11/10/2023,UINTAH,,https://opendata.utah.gov/resource/sce7-b7au.json?id=uintah_2020_2024_137,,C:/Users/Annie/OneDrive/Desktop/StewardBasin/archive/data/deq_uintah_2020_2024_raw.txt,False,archive/sources/deq_2020_2024_pdfs/2206125_Report_16769.pdf,True,,verified_local_pdf
basin_2016_present,uintah_2020_2024_138,"Logan, Nicaldo O	Other: (describe) ROC-CS3	Soils	VERNAL",11/8/2023,UINTAH,,https://opendata.utah.gov/resource/sce7-b7au.json?id=uintah_2020_2024_138,,C:/Users/Annie/OneDrive/Desktop/StewardBasin/archive/data/deq_uintah_2020_2024_raw.txt,False,archive/sources/deq_2020_2024_pdfs/2206125_Report_16772.pdf,True,,verified_local_pdf
basin_2016_present,uintah_2020_2024_139,Simplot	Hydraulic Oil	Soils	VERNAL,11/22/2023,UINTAH,,https://opendata.utah.gov/resource/sce7-b7au.json?id=uintah_2020_2024_139,,C:/Users/Annie/OneDrive/Desktop/StewardBasin/archive/data/deq_uintah_2020_2024_raw.txt,False,,False,,has_opendata_needs_local_archive
basin_2016_present,uintah_2020_2024_140,Caerus Oil and Gas	Production Water	Soils	VERNAL,11/22/2023,UINTAH,,https://opendata.utah.gov/resource/sce7-b7au.json?id=uintah_2020_2024_140,,C:/Users/Annie/OneDrive/Desktop/StewardBasin/archive/data/deq_uintah_2020_2024_raw.txt,False,,False,,has_opendata_needs_local_archive
basin_2016_present,uintah_2020_2024_141,Finley Resources	Crude Oil	Soils	RANDLETT,1/14/2024,UINTAH,,https://opendata.utah.gov/resource/sce7-b7au.json?id=uintah_2020_2024_141,,C:/Users/Annie/OneDrive/Desktop/StewardBasin/archive/data/deq_uintah_2020_2024_raw.txt,False,archive/sources/deq_2020_2024_pdfs/4292418_Report_16851.pdf,True,,verified_local_pdf
basin_2016_present,uintah_2020_2024_142,"Uinta Wax	Crude Oil	Soils, Other (Describe)	MYTON",1/11/2024,UINTAH,,https://opendata.utah.gov/resource/sce7-b7au.json?id=uintah_2020_2024_142,,C:/Users/Annie/OneDrive/Desktop/StewardBasin/archive/data/deq_uintah_2020_2024_raw.txt,False,archive/sources/deq_2020_2024_pdfs/4292418_Report_16854.pdf,True,,verified_local_pdf
basin_2016_present,uintah_2020_2024_143,Uinta Wax Operating	Natural Gas	Outdoor Air	VERNAL,1/17/2024,UINTAH,,https://opendata.utah.gov/resource/sce7-b7au.json?id=uintah_2020_2024_143,,C:/Users/Annie/OneDrive/Desktop/StewardBasin/archive/data/deq_uintah_2020_2024_raw.txt,False,archive/sources/deq_2020_2024_pdfs/4292418_Report_16860.pdf,True,,verified_local_pdf
basin_2016_present,uintah_2020_2024_144,Unknown	Production Water	Surface Water	OURAY,1/20/2024,UINTAH,,https://opendata.utah.gov/resource/sce7-b7au.json?id=uintah_2020_2024_144,,C:/Users/Annie/OneDrive/Desktop/StewardBasin/archive/data/deq_uintah_2020_2024_raw.txt,False,archive/sources/deq_2020_2024_pdfs/4292418_Report_16862.pdf,True,,verified_local_pdf
basin_2016_present,uintah_2020_2024_145,Simplot Phosphates	Hydraulic Oil	Soils	VERNAL,2/21/2024,UINTAH,,https://opendata.utah.gov/resource/sce7-b7au.json?id=uintah_2020_2024_145,,C:/Users/Annie/OneDrive/Desktop/StewardBasin/archive/data/deq_uintah_2020_2024_raw.txt,False,archive/sources/deq_2020_2024_pdfs/4292418_Report_16915.pdf,True,,verified_local_pdf
basin_2016_present,uintah_2020_2024_146,Caerus Uinta LLC	Production Water		OURAY,2/21/2024,UINTAH,,https://opendata.utah.gov/resource/sce7-b7au.json?id=uintah_2020_2024_146,,C:/Users/Annie/OneDrive/Desktop/StewardBasin/archive/data/deq_uintah_2020_2024_raw.txt,False,,False,,has_opendata_needs_local_archive
basin_2016_present,uintah_2020_2024_147,"Finely Resources, Inc	Crude Oil	Soils	LEETON",3/5/2024,UINTAH,,https://opendata.utah.gov/resource/sce7-b7au.json?id=uintah_2020_2024_147,,C:/Users/Annie/OneDrive/Desktop/StewardBasin/archive/data/deq_uintah_2020_2024_raw.txt,False,archive/sources/deq_2020_2024_pdfs/4292418_Report_16942.pdf,True,,verified_local_pdf
basin_2016_present,uintah_2020_2024_148,Uinta Wax Operating	Other: (describe) Natural Gas	Outdoor Air	ROOSEVELT,2/28/2024,UINTAH,,https://opendata.utah.gov/resource/sce7-b7au.json?id=uintah_2020_2024_148,,C:/Users/Annie/OneDrive/Desktop/StewardBasin/archive/data/deq_uintah_2020_2024_raw.txt,False,archive/sources/deq_2020_2024_pdfs/4292418_Report_16943.pdf,True,,verified_local_pdf
basin_2016_present,uintah_2020_2024_149,"Unknown	Production Water , Crude Oil	Soils	JENSEN",3/13/2024,UINTAH,,https://opendata.utah.gov/resource/sce7-b7au.json?id=uintah_2020_2024_149,,C:/Users/Annie/OneDrive/Desktop/StewardBasin/archive/data/deq_uintah_2020_2024_raw.txt,False,archive/sources/deq_2020_2024_pdfs/4292418_Report_16956.pdf,True,,verified_local_pdf
basin_2016_present,uintah_2020_2024_150,"Finley Resources, Inc	Crude Oil	Soils	LEETON",3/17/2024,UINTAH,,https://opendata.utah.gov/resource/sce7-b7au.json?id=uintah_2020_2024_150,,C:/Users/Annie/OneDrive/Desktop/StewardBasin/archive/data/deq_uintah_2020_2024_raw.txt,False,archive/sources/deq_2020_2024_pdfs/4292418_Report_16963.pdf,True,,verified_local_pdf
basin_2016_present,uintah_2020_2024_151,"Middle Fork Energy	Production Water , Other: (describe) Condensate	Soils	OURAY",3/21/2024,UINTAH,,https://opendata.utah.gov/resource/sce7-b7au.json?id=uintah_2020_2024_151,,C:/Users/Annie/OneDrive/Desktop/StewardBasin/archive/data/deq_uintah_2020_2024_raw.txt,False,archive/sources/deq_2020_2024_pdfs/4292418_Report_16969.pdf,True,,verified_local_pdf
basin_2016_present,uintah_2020_2024_152,Simplot Inc	Hydraulic Oil	Soils	VERNAL,3/28/2024,UINTAH,,https://opendata.utah.gov/resource/sce7-b7au.json?id=uintah_2020_2024_152,,C:/Users/Annie/OneDrive/Desktop/StewardBasin/archive/data/deq_uintah_2020_2024_raw.txt,False,archive/sources/deq_2020_2024_pdfs/4292418_Report_16986.pdf,True,,verified_local_pdf
basin_2016_present,uintah_2020_2024_153,Scout Energy Partners	Injection Water	Soils	ROOSEVELT,4/10/2024,UINTAH,,https://opendata.utah.gov/resource/sce7-b7au.json?id=uintah_2020_2024_153,,C:/Users/Annie/OneDrive/Desktop/StewardBasin/archive/data/deq_uintah_2020_2024_raw.txt,False,archive/sources/deq_2020_2024_pdfs/4292418_Report_17005.pdf,True,,verified_local_pdf
basin_2016_present,17081,VINEYARD UTAH CO/HYDRAULIC SPILL,2024-05-08,UINTAH,,https://opendata.utah.gov/resource/sce7-b7au.json?id=17081,https://opendata.utah.gov/resource/sce7-b7au.json?id=17081,C:/Users/Annie/OneDrive/Desktop/StewardBasin/archive/extracted_text/deq_uintah_2024_2026/deq_uintah_2024_2026_001_5003d00000BbtFxAAJ.txt,True,,False,https://deqspillsps.deq.utah.gov/apex/CaseToPDF?id=5003d00000BbtFxAAJ,verified_pdf_url
basin_2016_present,18005,VERNAL -- ILLEGAL DUMPING,2024-04-23,UINTAH,VERNAL,https://opendata.utah.gov/resource/sce7-b7au.json?id=18005,https://opendata.utah.gov/resource/sce7-b7au.json?id=18005,C:/Users/Annie/OneDrive/Desktop/StewardBasin/archive/extracted_text/deq_uintah_2024_2026/deq_uintah_2024_2026_002_5003d00000BlXH5AAN.txt,True,,False,https://deqspillsps.deq.utah.gov/apex/CaseToPDF?id=5003d00000BlXH5AAN,verified_pdf_url
basin_2016_present,19082,UINTA COUNTY- PRODUCTION WATER,2024-05-29,UINTAH,OURAY,https://opendata.utah.gov/resource/sce7-b7au.json?id=19082,https://opendata.utah.gov/resource/sce7-b7au.json?id=19082,C:/Users/Annie/OneDrive/Desktop/StewardBasin/archive/extracted_text/deq_uintah_2024_2026/deq_uintah_2024_2026_003_5003d00000BpaATAAZ.txt,True,,False,https://deqspillsps.deq.utah.gov/apex/CaseToPDF?id=5003d00000BpaATAAZ,verified_pdf_url
basin_2016_present,19115,VERNAL - HYDRAULIC OIL,2024-06-17,UINTAH,,https://opendata.utah.gov/resource/sce7-b7au.json?id=19115,https://opendata.utah.gov/resource/sce7-b7au.json?id=19115,C:/Users/Annie/OneDrive/Desktop/StewardBasin/archive/extracted_text/deq_uintah_2024_2026/deq_uintah_2024_2026_004_5003d00000C0WeSAAV.txt,True,,False,https://deqspillsps.deq.utah.gov/apex/CaseToPDF?id=5003d00000C0WeSAAV,verified_pdf_url
basin_2016_present,19205,TRICOUNTY - PRODUCTION WATER/CRUDE OIL,2024-07-30,UINTAH,OURAY,https://opendata.utah.gov/resource/sce7-b7au.json?id=19205,https://opendata.utah.gov/resource/sce7-b7au.json?id=19205,C:/Users/Annie/OneDrive/Desktop/StewardBasin/archive/extracted_text/deq_uintah_2024_2026/deq_uintah_2024_2026_005_5003d00000CWET8AAP.txt,True,,False,https://deqspillsps.deq.utah.gov/apex/CaseToPDF?id=5003d00000CWET8AAP,verified_pdf_url
basin_2016_present,19269,UINTAH COUNTY PRODUCED WATER,2024-08-28,UINTAH,,https://opendata.utah.gov/resource/sce7-b7au.json?id=19269,https://opendata.utah.gov/resource/sce7-b7au.json?id=19269,C:/Users/Annie/OneDrive/Desktop/StewardBasin/archive/extracted_text/deq_uintah_2024_2026/deq_uintah_2024_2026_006_500eq000000ZzNCAA0.txt,True,,False,https://deqspillsps.deq.utah.gov/apex/CaseToPDF?id=500eq000000ZzNCAA0,verified_pdf_url
basin_2016_present,19288,((THIS IS A DRILL)) VERNAL - CRUDE OIL FROM,2024-09-09,UINTAH,VERNAL,https://opendata.utah.gov/resource/sce7-b7au.json?id=19288,https://opendata.utah.gov/resource/sce7-b7au.json?id=19288,C:/Users/Annie/OneDrive/Desktop/StewardBasin/archive/extracted_text/deq_uintah_2024_2026/deq_uintah_2024_2026_007_500eq000001limjAAA.txt,True,,False,https://deqspillsps.deq.utah.gov/apex/CaseToPDF?id=500eq000001limjAAA,verified_pdf_url
basin_2016_present,19298,PRODUCED WATER - NAPLES,2024-09-13,UINTAH,,https://opendata.utah.gov/resource/sce7-b7au.json?id=19298,https://opendata.utah.gov/resource/sce7-b7au.json?id=19298,C:/Users/Annie/OneDrive/Desktop/StewardBasin/archive/extracted_text/deq_uintah_2024_2026/deq_uintah_2024_2026_008_500eq000002QzDFAA0.txt,True,,False,https://deqspillsps.deq.utah.gov/apex/CaseToPDF?id=500eq000002QzDFAA0,verified_pdf_url
basin_2016_present,19332,VERNAL - HYDRAULIC OIL,2024-10-06,UINTAH,,https://opendata.utah.gov/resource/sce7-b7au.json?id=19332,https://opendata.utah.gov/resource/sce7-b7au.json?id=19332,C:/Users/Annie/OneDrive/Desktop/StewardBasin/archive/extracted_text/deq_uintah_2024_2026/deq_uintah_2024_2026_009_500eq000005R8jQAAS.txt,True,,False,https://deqspillsps.deq.utah.gov/apex/CaseToPDF?id=500eq000005R8jQAAS,verified_pdf_url
basin_2016_present,19338,OURAY - PRODUCTION WATER RELEASE,2024-10-08,UINTAH,,https://opendata.utah.gov/resource/sce7-b7au.json?id=19338,https://opendata.utah.gov/resource/sce7-b7au.json?id=19338,C:/Users/Annie/OneDrive/Desktop/StewardBasin/archive/extracted_text/deq_uintah_2024_2026/deq_uintah_2024_2026_010_500eq000005kcxDAAQ.txt,True,,False,https://deqspillsps.deq.utah.gov/apex/CaseToPDF?id=500eq000005kcxDAAQ,verified_pdf_url
basin_2016_present,19374,VERNAL - DIESEL & GASOLINE SPILL,2024-11-06,UINTAH,,https://opendata.utah.gov/resource/sce7-b7au.json?id=19374,https://opendata.utah.gov/resource/sce7-b7au.json?id=19374,C:/Users/Annie/OneDrive/Desktop/StewardBasin/archive/extracted_text/deq_uintah_2024_2026/deq_uintah_2024_2026_011_500eq00000B8ZlSAAV.txt,True,,False,https://deqspillsps.deq.utah.gov/apex/CaseToPDF?id=500eq00000B8ZlSAAV,verified_pdf_url
basin_2016_present,19393,VERNAL - HYDRAULIC OIL,2024-11-20,UINTAH,VERNAL,https://opendata.utah.gov/resource/sce7-b7au.json?id=19393,https://opendata.utah.gov/resource/sce7-b7au.json?id=19393,C:/Users/Annie/OneDrive/Desktop/StewardBasin/archive/extracted_text/deq_uintah_2024_2026/deq_uintah_2024_2026_012_500eq00000Cz4J9AAJ.txt,True,,False,https://deqspillsps.deq.utah.gov/apex/CaseToPDF?id=500eq00000Cz4J9AAJ,verified_pdf_url
basin_2016_present,19405,FORT DUCHESNE - MERCURY DISPOSAL,2024-12-04,UINTAH,,https://opendata.utah.gov/resource/sce7-b7au.json?id=19405,https://opendata.utah.gov/resource/sce7-b7au.json?id=19405,C:/Users/Annie/OneDrive/Desktop/StewardBasin/archive/extracted_text/deq_uintah_2024_2026/deq_uintah_2024_2026_013_500eq00000EtlkgAAB.txt,True,,False,https://deqspillsps.deq.utah.gov/apex/CaseToPDF?id=500eq00000EtlkgAAB,verified_pdf_url
basin_2016_present,19418,ROOSEVELT - CRUDE OIL,2024-12-12,UINTAH,NAPLES,https://opendata.utah.gov/resource/sce7-b7au.json?id=19418,https://opendata.utah.gov/resource/sce7-b7au.json?id=19418,C:/Users/Annie/OneDrive/Desktop/StewardBasin/archive/extracted_text/deq_uintah_2024_2026/deq_uintah_2024_2026_014_500eq00000G5s6dAAB.txt,True,,False,https://deqspillsps.deq.utah.gov/apex/CaseToPDF?id=500eq00000G5s6dAAB,verified_pdf_url
basin_2016_present,19457,MYTON NATURAL GAS LEAK,2025-01-10,UINTAH,,https://opendata.utah.gov/resource/sce7-b7au.json?id=19457,https://opendata.utah.gov/resource/sce7-b7au.json?id=19457,C:/Users/Annie/OneDrive/Desktop/StewardBasin/archive/extracted_text/deq_uintah_2024_2026/deq_uintah_2024_2026_015_500eq00000JcVshAAF.txt,True,,False,https://deqspillsps.deq.utah.gov/apex/CaseToPDF?id=500eq00000JcVshAAF,verified_pdf_url
basin_2016_present,19476,RANDLETT - CRUDE OIL,2025-01-19,UINTAH,RANDLETT,https://opendata.utah.gov/resource/sce7-b7au.json?id=19476,https://opendata.utah.gov/resource/sce7-b7au.json?id=19476,C:/Users/Annie/OneDrive/Desktop/StewardBasin/archive/extracted_text/deq_uintah_2024_2026/deq_uintah_2024_2026_016_500eq00000KtJUkAAN.txt,True,,False,https://deqspillsps.deq.utah.gov/apex/CaseToPDF?id=500eq00000KtJUkAAN,verified_pdf_url
basin_2016_present,19516,UNITAH CO-PRODUCED WATER RELEASE,2025-02-03,UINTAH,,https://opendata.utah.gov/resource/sce7-b7au.json?id=19516,https://opendata.utah.gov/resource/sce7-b7au.json?id=19516,C:/Users/Annie/OneDrive/Desktop/StewardBasin/archive/extracted_text/deq_uintah_2024_2026/deq_uintah_2024_2026_017_500eq00000OdZhrAAF.txt,True,,False,https://deqspillsps.deq.utah.gov/apex/CaseToPDF?id=500eq00000OdZhrAAF,verified_pdf_url
basin_2016_present,19586,UINTAH COUNTY CRUDE RELEASE,2025-04-09,UINTAH,,https://opendata.utah.gov/resource/sce7-b7au.json?id=19586,https://opendata.utah.gov/resource/sce7-b7au.json?id=19586,C:/Users/Annie/OneDrive/Desktop/StewardBasin/archive/extracted_text/deq_uintah_2024_2026/deq_uintah_2024_2026_018_500eq00000WCevSAAT.txt,True,,False,https://deqspillsps.deq.utah.gov/apex/CaseToPDF?id=500eq00000WCevSAAT,verified_pdf_url
basin_2016_present,19614,OURAY - HYDROCARBON,2025-04-29,UINTAH,OURAY,https://opendata.utah.gov/resource/sce7-b7au.json?id=19614,https://opendata.utah.gov/resource/sce7-b7au.json?id=19614,C:/Users/Annie/OneDrive/Desktop/StewardBasin/archive/extracted_text/deq_uintah_2024_2026/deq_uintah_2024_2026_019_500eq00000Yc0rWAAR.txt,True,,False,https://deqspillsps.deq.utah.gov/apex/CaseToPDF?id=500eq00000Yc0rWAAR,verified_pdf_url
basin_2016_present,19690,"NAPLES, IMPROPER SEWAGE DISPOSAL",2025-06-09,UINTAH,NAPLES,https://opendata.utah.gov/resource/sce7-b7au.json?id=19690,https://opendata.utah.gov/resource/sce7-b7au.json?id=19690,C:/Users/Annie/OneDrive/Desktop/StewardBasin/archive/extracted_text/deq_uintah_2024_2026/deq_uintah_2024_2026_020_500eq00000dY8O7AAK.txt,True,,False,https://deqspillsps.deq.utah.gov/apex/CaseToPDF?id=500eq00000dY8O7AAK,verified_pdf_url
basin_2016_present,19710,NAPLES - GASOLINE/DIESEL,2025-06-16,UINTAH,NAPLES,https://opendata.utah.gov/resource/sce7-b7au.json?id=19710,https://opendata.utah.gov/resource/sce7-b7au.json?id=19710,C:/Users/Annie/OneDrive/Desktop/StewardBasin/archive/extracted_text/deq_uintah_2024_2026/deq_uintah_2024_2026_021_500eq00000f2QDKAA2.txt,True,,False,https://deqspillsps.deq.utah.gov/apex/CaseToPDF?id=500eq00000f2QDKAA2,verified_pdf_url
basin_2016_present,19733,VERNAL - HYDRAULIC OIL RELEASE,2025-07-05,UINTAH,VERNAL,https://opendata.utah.gov/resource/sce7-b7au.json?id=19733,https://opendata.utah.gov/resource/sce7-b7au.json?id=19733,C:/Users/Annie/OneDrive/Desktop/StewardBasin/archive/extracted_text/deq_uintah_2024_2026/deq_uintah_2024_2026_022_500eq00000h3NLtAAM.txt,True,,False,https://deqspillsps.deq.utah.gov/apex/CaseToPDF?id=500eq00000h3NLtAAM,verified_pdf_url
basin_2016_present,19754,VERNAL - HYDRAULIC OIL & GASOLINE SPILL,2025-07-14,UINTAH,,https://opendata.utah.gov/resource/sce7-b7au.json?id=19754,https://opendata.utah.gov/resource/sce7-b7au.json?id=19754,C:/Users/Annie/OneDrive/Desktop/StewardBasin/archive/extracted_text/deq_uintah_2024_2026/deq_uintah_2024_2026_023_500eq00000i3VUDAA2.txt,True,,False,https://deqspillsps.deq.utah.gov/apex/CaseToPDF?id=500eq00000i3VUDAA2,verified_pdf_url
basin_2016_present,19758,UINTAH COUNTY - NATURAL GAS RELEASE,2025-07-14,UINTAH,,https://opendata.utah.gov/resource/sce7-b7au.json?id=19758,https://opendata.utah.gov/resource/sce7-b7au.json?id=19758,C:/Users/Annie/OneDrive/Desktop/StewardBasin/archive/extracted_text/deq_uintah_2024_2026/deq_uintah_2024_2026_024_500eq00000i9TO8AAM.txt,True,,False,https://deqspillsps.deq.utah.gov/apex/CaseToPDF?id=500eq00000i9TO8AAM,verified_pdf_url
basin_2016_present,19776,RAINBOW - CRUDE OIL,2025-07-20,UINTAH,,https://opendata.utah.gov/resource/sce7-b7au.json?id=19776,https://opendata.utah.gov/resource/sce7-b7au.json?id=19776,C:/Users/Annie/OneDrive/Desktop/StewardBasin/archive/extracted_text/deq_uintah_2024_2026/deq_uintah_2024_2026_025_500eq00000jCITyAAO.txt,True,,False,https://deqspillsps.deq.utah.gov/apex/CaseToPDF?id=500eq00000jCITyAAO,verified_pdf_url
basin_2016_present,19780,ROSEVELT - PRODUCED WATER,2025-07-25,UINTAH,ROOSEVELT,https://opendata.utah.gov/resource/sce7-b7au.json?id=19780,https://opendata.utah.gov/resource/sce7-b7au.json?id=19780,C:/Users/Annie/OneDrive/Desktop/StewardBasin/archive/extracted_text/deq_uintah_2024_2026/deq_uintah_2024_2026_026_500eq00000jTlJRAA0.txt,True,,False,https://deqspillsps.deq.utah.gov/apex/CaseToPDF?id=500eq00000jTlJRAA0,verified_pdf_url
basin_2016_present,19853,UNITAH CO PRODUCED WATER SPILL,2025-08-26,UINTAH,BALLARD,https://opendata.utah.gov/resource/sce7-b7au.json?id=19853,https://opendata.utah.gov/resource/sce7-b7au.json?id=19853,C:/Users/Annie/OneDrive/Desktop/StewardBasin/archive/extracted_text/deq_uintah_2024_2026/deq_uintah_2024_2026_027_500eq00000ncSv8AAE.txt,True,,False,https://deqspillsps.deq.utah.gov/apex/CaseToPDF?id=500eq00000ncSv8AAE,verified_pdf_url
basin_2016_present,19875,VERNAL - HYDRAULIC OIL / ENGINE OIL ON,2025-09-08,UINTAH,,https://opendata.utah.gov/resource/sce7-b7au.json?id=19875,https://opendata.utah.gov/resource/sce7-b7au.json?id=19875,C:/Users/Annie/OneDrive/Desktop/StewardBasin/archive/extracted_text/deq_uintah_2024_2026/deq_uintah_2024_2026_028_500eq00000ol0knAAA.txt,True,,False,https://deqspillsps.deq.utah.gov/apex/CaseToPDF?id=500eq00000ol0knAAA,verified_pdf_url
basin_2016_present,19975,OURAY - PRODUCED WATER RELEASE,2025-10-29,UINTAH,,https://opendata.utah.gov/resource/sce7-b7au.json?id=19975,https://opendata.utah.gov/resource/sce7-b7au.json?id=19975,C:/Users/Annie/OneDrive/Desktop/StewardBasin/archive/extracted_text/deq_uintah_2024_2026/deq_uintah_2024_2026_029_500eq00000uXdFPAA0.txt,True,,False,https://deqspillsps.deq.utah.gov/apex/CaseToPDF?id=500eq00000uXdFPAA0,verified_pdf_url
basin_2016_present,20024,CRUDE OIL SPILL,2025-11-25,UINTAH,BALLARD,https://opendata.utah.gov/resource/sce7-b7au.json?id=20024,https://opendata.utah.gov/resource/sce7-b7au.json?id=20024,C:/Users/Annie/OneDrive/Desktop/StewardBasin/archive/extracted_text/deq_uintah_2024_2026/deq_uintah_2024_2026_030_500eq00000xQlMLAA0.txt,True,,False,https://deqspillsps.deq.utah.gov/apex/CaseToPDF?id=500eq00000xQlMLAA0,verified_pdf_url
basin_2016_present,20090,VERNAL - HYDRAULIC OIL,2025-12-31,UINTAH,VERNAL,https://opendata.utah.gov/resource/sce7-b7au.json?id=20090,https://opendata.utah.gov/resource/sce7-b7au.json?id=20090,C:/Users/Annie/OneDrive/Desktop/StewardBasin/archive/extracted_text/deq_uintah_2024_2026/deq_uintah_2024_2026_031_500eq00001209srAAA.txt,True,,False,https://deqspillsps.deq.utah.gov/apex/CaseToPDF?id=500eq00001209srAAA,verified_pdf_url
basin_2016_present,20094,VERNAL - HYDRAULIC OIL,2026-01-02,UINTAH,VERNAL,https://opendata.utah.gov/resource/sce7-b7au.json?id=20094,https://opendata.utah.gov/resource/sce7-b7au.json?id=20094,C:/Users/Annie/OneDrive/Desktop/StewardBasin/archive/extracted_text/deq_uintah_2024_2026/deq_uintah_2024_2026_032_500eq000012CnrMAAS.txt,True,,False,https://deqspillsps.deq.utah.gov/apex/CaseToPDF?id=500eq000012CnrMAAS,verified_pdf_url
basin_2016_present,20119,UPDATE VERNAL - COMPRESSOR OIL RELEASE,2026-01-26,UINTAH,,https://opendata.utah.gov/resource/sce7-b7au.json?id=20119,https://opendata.utah.gov/resource/sce7-b7au.json?id=20119,C:/Users/Annie/OneDrive/Desktop/StewardBasin/archive/extracted_text/deq_uintah_2024_2026/deq_uintah_2024_2026_033_500eq0000158hPVAAY.txt,True,,False,https://deqspillsps.deq.utah.gov/apex/CaseToPDF?id=500eq0000158hPVAAY,verified_pdf_url
basin_2016_present,20172,UINTAH COUNTY - HYDRAULIC OIL RELEASE,2026-02-24,UINTAH,,https://opendata.utah.gov/resource/sce7-b7au.json?id=20172,https://opendata.utah.gov/resource/sce7-b7au.json?id=20172,C:/Users/Annie/OneDrive/Desktop/StewardBasin/archive/extracted_text/deq_uintah_2024_2026/deq_uintah_2024_2026_034_500eq000018ovEEAAY.txt,True,,False,https://deqspillsps.deq.utah.gov/apex/CaseToPDF?id=500eq000018ovEEAAY,verified_pdf_url
basin_2016_present,20195,OURAY - CRUDE OIL AND PRODUCED WATER,2026-03-06,UINTAH,,https://opendata.utah.gov/resource/sce7-b7au.json?id=20195,https://opendata.utah.gov/resource/sce7-b7au.json?id=20195,C:/Users/Annie/OneDrive/Desktop/StewardBasin/archive/extracted_text/deq_uintah_2024_2026/deq_uintah_2024_2026_035_500eq000019w3O6AAI.txt,True,,False,https://deqspillsps.deq.utah.gov/apex/CaseToPDF?id=500eq000019w3O6AAI,verified_pdf_url
basin_2016_present,20208,MYTON - PRODUCED WATER,2026-03-15,UINTAH,,https://opendata.utah.gov/resource/sce7-b7au.json?id=20208,https://opendata.utah.gov/resource/sce7-b7au.json?id=20208,C:/Users/Annie/OneDrive/Desktop/StewardBasin/archive/extracted_text/deq_uintah_2024_2026/deq_uintah_2024_2026_036_500eq00001Aot4gAAB.txt,True,,False,https://deqspillsps.deq.utah.gov/apex/CaseToPDF?id=500eq00001Aot4gAAB,verified_pdf_url
basin_2016_present,20284,VERNAL - HYDRAULIC OIL,2026-04-19,UINTAH,,https://opendata.utah.gov/resource/sce7-b7au.json?id=20284,https://opendata.utah.gov/resource/sce7-b7au.json?id=20284,C:/Users/Annie/OneDrive/Desktop/StewardBasin/archive/extracted_text/deq_uintah_2024_2026/deq_uintah_2024_2026_037_500eq00001ENCT2AAP.txt,True,,False,https://deqspillsps.deq.utah.gov/apex/CaseToPDF?id=500eq00001ENCT2AAP,verified_pdf_url
basin_2016_present,20312,RANDLETT - PRODUCED WATER,2026-05-03,UINTAH,,https://opendata.utah.gov/resource/sce7-b7au.json?id=20312,https://opendata.utah.gov/resource/sce7-b7au.json?id=20312,C:/Users/Annie/OneDrive/Desktop/StewardBasin/archive/extracted_text/deq_uintah_2024_2026/deq_uintah_2024_2026_038_500eq00001GJNc6AAH.txt,True,,False,https://deqspillsps.deq.utah.gov/apex/CaseToPDF?id=500eq00001GJNc6AAH,verified_pdf_url
basin_2016_present,20326,VERNAL COMPRESSOR OIL SPILL,2026-05-10,UINTAH,,https://opendata.utah.gov/resource/sce7-b7au.json?id=20326,https://opendata.utah.gov/resource/sce7-b7au.json?id=20326,C:/Users/Annie/OneDrive/Desktop/StewardBasin/archive/extracted_text/deq_uintah_2024_2026/deq_uintah_2024_2026_039_500eq00001H0kQOAAZ.txt,True,,False,https://deqspillsps.deq.utah.gov/apex/CaseToPDF?id=500eq00001H0kQOAAZ,verified_pdf_url
basin_2016_present,20349,TRI-COUNTY - CRUDE OIL RELEASE FROM WELL,2026-05-17,UINTAH,,https://opendata.utah.gov/resource/sce7-b7au.json?id=20349,https://opendata.utah.gov/resource/sce7-b7au.json?id=20349,C:/Users/Annie/OneDrive/Desktop/StewardBasin/archive/extracted_text/deq_uintah_2024_2026/deq_uintah_2024_2026_040_500eq00001ICt9AAAT.txt,True,,False,https://deqspillsps.deq.utah.gov/apex/CaseToPDF?id=500eq00001ICt9AAAT,verified_pdf_url
basin_2016_present,20351,FORT DUCHESNE - DISCOLORED CANAL WATER,2026-05-03,UINTAH,,https://opendata.utah.gov/resource/sce7-b7au.json?id=20351,https://opendata.utah.gov/resource/sce7-b7au.json?id=20351,C:/Users/Annie/OneDrive/Desktop/StewardBasin/archive/extracted_text/deq_uintah_2024_2026/deq_uintah_2024_2026_041_500eq00001IQ9jEAAT.txt,True,,False,https://deqspillsps.deq.utah.gov/apex/CaseToPDF?id=500eq00001IQ9jEAAT,verified_pdf_url
