candidate_id,year_guess,confidence_score,county_guess,category_guess,source_file,source_path,line_number,review_status,matched_line,context,created_at
real_candidate_00307,2026,12,Duchesne,Dust / PM / Gravel,Duchesne-County-Planning-Commission-minutes-2_4_26-Google-Docs.txt,archive/extracted_text/legacy/Duchesne-County-Planning-Commission-minutes-2_4_26-Google-Docs.txt,48,needs_human_review,Jon Wilkerson stated he recently purchased the lot and believed there is greater demand for,still be submitted within the remaining notice period. Applicant Comments Jon Wilkerson stated he recently purchased the lot and believed there is greater demand for residential use than industrial. Public Comments,2026-06-11T19:44:35
real_candidate_00046,2026,10,Unknown,Public Concern / Needs Review,00004506.txt,archive/extracted_text/legacy/00004506.txt,6662,needs_human_review,129 or before the committee’s October 2026 meeting regarding the,"128 (4) The division shall report to the Health and Human Services Interim Committee at 129 or before the committee’s October 2026 meeting regarding the exemption described in 130 Subsection (2)(j), including information about any complaints the",2026-06-11T19:44:18
real_candidate_00047,2026,10,Unknown,Public Concern / Needs Review,00004506.txt,archive/extracted_text/legacy/00004506.txt,6663,needs_human_review,exemption described in,"Interim Committee at 129 or before the committee’s October 2026 meeting regarding the exemption described in 130 Subsection (2)(j), including information about any complaints the division has received",2026-06-11T19:44:18
real_candidate_00048,2026,10,Unknown,Public Concern / Needs Review,00004506.txt,archive/extracted_text/legacy/00004506.txt,6664,needs_human_review,"130 Subsection (2)(j), including information about any complaints the","129 or before the committee’s October 2026 meeting regarding the exemption described in 130 Subsection (2)(j), including information about any complaints the division has received 131 concerning individuals who have provided therapy or counseling",2026-06-11T19:44:18
real_candidate_00283,2025,10,Duchesne,Dust / PM / Gravel,Duchesne-County-Planning-Commission-9-3-2025.txt,archive/extracted_text/legacy/Duchesne-County-Planning-Commission-9-3-2025.txt,88,needs_human_review,Public Comments,"He committed to coordinate with neighbors and the emergency management department before the continued hearing. Public Comments ●  Andrew Olson spoke both for himself and on behalf of Sue Miller, raising concerns about road maintenance, dust, water use, fire safety, ATV use, shooting, and the need for",2026-06-11T19:44:34
real_candidate_00284,2025,10,Duchesne,Dust / PM / Gravel,Duchesne-County-Planning-Commission-9-3-2025.txt,archive/extracted_text/legacy/Duchesne-County-Planning-Commission-9-3-2025.txt,89,needs_human_review,"●  Andrew Olson spoke both for himself and on behalf of Sue Miller, raising concerns about","before the continued hearing. Public Comments ●  Andrew Olson spoke both for himself and on behalf of Sue Miller, raising concerns about road maintenance, dust, water use, fire safety, ATV use, shooting, and the need for on-site supervision.",2026-06-11T19:44:34
real_candidate_00285,2025,10,Duchesne,Dust / PM / Gravel,Duchesne-County-Planning-Commission-9-3-2025.txt,archive/extracted_text/legacy/Duchesne-County-Planning-Commission-9-3-2025.txt,90,needs_human_review,"road maintenance, dust, water use, fire safety, ATV use, shooting, and the need for","Public Comments ●  Andrew Olson spoke both for himself and on behalf of Sue Miller, raising concerns about road maintenance, dust, water use, fire safety, ATV use, shooting, and the need for on-site supervision. ●  Sue Miller expressed concerns about trespassing, fire risk, dust, and police response",2026-06-11T19:44:34
real_candidate_00286,2025,10,Duchesne,Public Concern / Needs Review,Duchesne-County-Planning-Commission-July-30th-2025.txt,archive/extracted_text/legacy/Duchesne-County-Planning-Commission-July-30th-2025.txt,240,needs_human_review,verify,can verify complaints,2026-06-11T19:44:35
real_candidate_00287,2025,10,Duchesne,Public Concern / Needs Review,Duchesne-County-Planning-Commission-July-30th-2025.txt,archive/extracted_text/legacy/Duchesne-County-Planning-Commission-July-30th-2025.txt,241,needs_human_review,,verify complaints,2026-06-11T19:44:35
real_candidate_00288,2025,10,Duchesne,Public Concern / Needs Review,Duchesne-County-Planning-Commission-July-30th-2025.txt,archive/extracted_text/legacy/Duchesne-County-Planning-Commission-July-30th-2025.txt,242,needs_human_review,complaints,verify complaints (including,2026-06-11T19:44:35
real_candidate_00289,2025,10,Duchesne,Public Concern / Needs Review,Duchesne-County-Planning-Commission-July-30th-2025.txt,archive/extracted_text/legacy/Duchesne-County-Planning-Commission-July-30th-2025.txt,243,needs_human_review,,complaints (including,2026-06-11T19:44:35
real_candidate_00290,2025,10,Duchesne,Public Concern / Needs Review,Duchesne-County-Planning-Commission-July-30th-2025.txt,archive/extracted_text/legacy/Duchesne-County-Planning-Commission-July-30th-2025.txt,244,needs_human_review,(including,complaints (including independent,2026-06-11T19:44:35
real_candidate_00291,2025,10,Duchesne,Public Concern / Needs Review,Duchesne-County-Planning-Commission-Meeting-Minutes-1-8-2025.txt,archive/extracted_text/legacy/Duchesne-County-Planning-Commission-Meeting-Minutes-1-8-2025.txt,756,needs_human_review,any,following any complaints,2026-06-11T19:44:35
real_candidate_00292,2025,10,Duchesne,Public Concern / Needs Review,Duchesne-County-Planning-Commission-Meeting-Minutes-1-8-2025.txt,archive/extracted_text/legacy/Duchesne-County-Planning-Commission-Meeting-Minutes-1-8-2025.txt,757,needs_human_review,,any complaints,2026-06-11T19:44:35
real_candidate_00293,2025,10,Duchesne,Public Concern / Needs Review,Duchesne-County-Planning-Commission-Meeting-Minutes-1-8-2025.txt,archive/extracted_text/legacy/Duchesne-County-Planning-Commission-Meeting-Minutes-1-8-2025.txt,758,needs_human_review,complaints,any complaints due,2026-06-11T19:44:35
real_candidate_00294,2025,10,Duchesne,Public Concern / Needs Review,Duchesne-County-Planning-Commission-Meeting-Minutes-1-8-2025.txt,archive/extracted_text/legacy/Duchesne-County-Planning-Commission-Meeting-Minutes-1-8-2025.txt,759,needs_human_review,,complaints due,2026-06-11T19:44:35
real_candidate_00295,2025,10,Duchesne,Public Concern / Needs Review,Duchesne-County-Planning-Commission-Meeting-Minutes-1-8-2025.txt,archive/extracted_text/legacy/Duchesne-County-Planning-Commission-Meeting-Minutes-1-8-2025.txt,760,needs_human_review,due,complaints due to,2026-06-11T19:44:35
real_candidate_00296,2025,10,Duchesne,Public Concern / Needs Review,Duchesne-County-Planning-Commission-Meeting-Minutes-Feb-5th-2025.txt,archive/extracted_text/legacy/Duchesne-County-Planning-Commission-Meeting-Minutes-Feb-5th-2025.txt,107,needs_human_review,Andrew Dutson (Utah Division of Water Rights),number of lots likely to encounter these issues. Public Comments and Staff Responses Andrew Dutson (Utah Division of Water Rights) ● Key Points: • Stated that the Division of Water Rights remains neutral on water hauling but must,2026-06-11T19:44:35
real_candidate_00297,2025,10,Duchesne,Public Concern / Needs Review,Duchesne-County-Planning-Commission-Meeting-Minutes-Feb-5th-2025.txt,archive/extracted_text/legacy/Duchesne-County-Planning-Commission-Meeting-Minutes-Feb-5th-2025.txt,108,needs_human_review,● Key Points:,Public Comments and Staff Responses Andrew Dutson (Utah Division of Water Rights) ● Key Points: • Stated that the Division of Water Rights remains neutral on water hauling but must protect existing water rights.,2026-06-11T19:44:35
real_candidate_00308,2025,10,Duchesne,Public Concern / Needs Review,Duchesne-County-TMP_Final_Compressed-2025.txt,archive/extracted_text/legacy/Duchesne-County-TMP_Final_Compressed-2025.txt,3772,needs_human_review,Transportation Master Plan 2025 Update,Jones & DeMille Engineering Duchesne County Special Service District #2 Page C-8 Project #: 2311-030 Transportation Master Plan 2025 Update some roads I have missed. I will continue to track roads as I work and try to build upon this report.  But for purposes of this report I listed the main roads or roads I have received complaints on or information.,2026-06-11T19:44:37
real_candidate_00309,2025,10,Duchesne,Public Concern / Needs Review,Duchesne-County-TMP_Final_Compressed-2025.txt,archive/extracted_text/legacy/Duchesne-County-TMP_Final_Compressed-2025.txt,3773,needs_human_review,some roads I have missed. I will continue to track roads as I work and try to build upon this report.  But,Duchesne County Special Service District #2 Page C-8 Project #: 2311-030 Transportation Master Plan 2025 Update some roads I have missed. I will continue to track roads as I work and try to build upon this report.  But for purposes of this report I listed the main roads or roads I have received complaints on or information. 1. North Cove Road or 1000 North in Hancock Cove,2026-06-11T19:44:37
real_candidate_00310,2025,10,Duchesne,Public Concern / Needs Review,Duchesne-County-TMP_Final_Compressed-2025.txt,archive/extracted_text/legacy/Duchesne-County-TMP_Final_Compressed-2025.txt,3774,needs_human_review,for purposes of this report I listed the main roads or roads I have received complaints on or information.,Transportation Master Plan 2025 Update some roads I have missed. I will continue to track roads as I work and try to build upon this report.  But for purposes of this report I listed the main roads or roads I have received complaints on or information. 1. North Cove Road or 1000 North in Hancock Cove a. From SR 121 to 3000 West there is only one oil location that I see that was in use. It,2026-06-11T19:44:37
real_candidate_00311,2025,10,Duchesne,Public Concern / Needs Review,Duchesne-County-TMP_Final_Compressed-2025.txt,archive/extracted_text/legacy/Duchesne-County-TMP_Final_Compressed-2025.txt,3775,needs_human_review,1. North Cove Road or 1000 North in Hancock Cove,some roads I have missed. I will continue to track roads as I work and try to build upon this report.  But for purposes of this report I listed the main roads or roads I have received complaints on or information. 1. North Cove Road or 1000 North in Hancock Cove a. From SR 121 to 3000 West there is only one oil location that I see that was in use. It is my proposal that no commercial vehicles be allowed on this road except to access,2026-06-11T19:44:37
real_candidate_00312,2025,10,Duchesne,Traffic / Haul Route,Duchesne-County-TMP_Final_Compressed-2025.txt,archive/extracted_text/legacy/Duchesne-County-TMP_Final_Compressed-2025.txt,3776,needs_human_review,a. From SR 121 to 3000 West there is only one oil location that I see that was in use. It,for purposes of this report I listed the main roads or roads I have received complaints on or information. 1. North Cove Road or 1000 North in Hancock Cove a. From SR 121 to 3000 West there is only one oil location that I see that was in use. It is my proposal that no commercial vehicles be allowed on this road except to access this site. Further suggestion that all commercial traffic that needs to access this,2026-06-11T19:44:37
real_candidate_00313,2025,10,Duchesne,Public Concern / Needs Review,Duchesne-County-TMP_Final_Compressed-2025.txt,archive/extracted_text/legacy/Duchesne-County-TMP_Final_Compressed-2025.txt,3795,needs_human_review,contain some damages to at least a smaller area.,good if no commercial vehicles travel on 3000 North to access North Crescent. They should either access from State Street or SR-121. Try to limit how they access may contain some damages to at least a smaller area. 3. 2750 North or Sharmel Acres a. I have received several complaints about this road and commercial vehicle use.,2026-06-11T19:44:37
real_candidate_00314,2025,10,Duchesne,Public Concern / Needs Review,Duchesne-County-TMP_Final_Compressed-2025.txt,archive/extracted_text/legacy/Duchesne-County-TMP_Final_Compressed-2025.txt,3796,needs_human_review,3. 2750 North or Sharmel Acres,should either access from State Street or SR-121. Try to limit how they access may contain some damages to at least a smaller area. 3. 2750 North or Sharmel Acres a. I have received several complaints about this road and commercial vehicle use. There is one location located on this road and it is just off of 3000 West. This road is,2026-06-11T19:44:37
real_candidate_00315,2025,10,Duchesne,Traffic / Haul Route,Duchesne-County-TMP_Final_Compressed-2025.txt,archive/extracted_text/legacy/Duchesne-County-TMP_Final_Compressed-2025.txt,3797,needs_human_review,a. I have received several complaints about this road and commercial vehicle use.,contain some damages to at least a smaller area. 3. 2750 North or Sharmel Acres a. I have received several complaints about this road and commercial vehicle use. There is one location located on this road and it is just off of 3000 West. This road is small and being damaged severely by the commercial traffic on the road. The corner,2026-06-11T19:44:37
real_candidate_00316,2025,10,Duchesne,Traffic / Haul Route,Duchesne-County-TMP_Final_Compressed-2025.txt,archive/extracted_text/legacy/Duchesne-County-TMP_Final_Compressed-2025.txt,3798,needs_human_review,There is one location located on this road and it is just off of 3000 West. This road is,3. 2750 North or Sharmel Acres a. I have received several complaints about this road and commercial vehicle use. There is one location located on this road and it is just off of 3000 West. This road is small and being damaged severely by the commercial traffic on the road. The corner at the end could be dangerous for a vehicle and a commercial vehicle at the same,2026-06-11T19:44:37
real_candidate_00317,2025,10,Duchesne,Traffic / Haul Route,Duchesne-County-TMP_Final_Compressed-2025.txt,archive/extracted_text/legacy/Duchesne-County-TMP_Final_Compressed-2025.txt,3799,needs_human_review,small and being damaged severely by the commercial traffic on the road. The corner,a. I have received several complaints about this road and commercial vehicle use. There is one location located on this road and it is just off of 3000 West. This road is small and being damaged severely by the commercial traffic on the road. The corner at the end could be dangerous for a vehicle and a commercial vehicle at the same time.,2026-06-11T19:44:37
real_candidate_00318,2025,10,Duchesne,Dust / PM / Gravel,Duchesne-County-TMP_Final_Compressed-2025.txt,archive/extracted_text/legacy/Duchesne-County-TMP_Final_Compressed-2025.txt,3859,needs_human_review,This road also has a dug way and it is too narrow for two vehicles to pass if one,commercial traffic on this road is trying to access the gravel pit located at 10000 South and this road. All vehicles should access this gravel pit from 10000 South. This road also has a dug way and it is too narrow for two vehicles to pass if one is a commercial vehicle. The corners on it are blind and it is too unsafe to allow traffic on it. This road I have had several complaints on as well.,2026-06-11T19:44:37
real_candidate_00319,2025,10,Duchesne,Dust / PM / Gravel,Duchesne-County-TMP_Final_Compressed-2025.txt,archive/extracted_text/legacy/Duchesne-County-TMP_Final_Compressed-2025.txt,3860,needs_human_review,is a commercial vehicle. The corners on it are blind and it is too unsafe to allow,South and this road. All vehicles should access this gravel pit from 10000 South. This road also has a dug way and it is too narrow for two vehicles to pass if one is a commercial vehicle. The corners on it are blind and it is too unsafe to allow traffic on it. This road I have had several complaints on as well.,2026-06-11T19:44:37
real_candidate_00320,2025,10,Duchesne,Traffic / Haul Route,Duchesne-County-TMP_Final_Compressed-2025.txt,archive/extracted_text/legacy/Duchesne-County-TMP_Final_Compressed-2025.txt,3861,needs_human_review,traffic on it. This road I have had several complaints on as well.,This road also has a dug way and it is too narrow for two vehicles to pass if one is a commercial vehicle. The corners on it are blind and it is too unsafe to allow traffic on it. This road I have had several complaints on as well. 11. Old River Road Duchesne City to SR 35,2026-06-11T19:44:37
real_candidate_00321,2025,10,Duchesne,Traffic / Haul Route,Duchesne-County-TMP_Final_Compressed-2025.txt,archive/extracted_text/legacy/Duchesne-County-TMP_Final_Compressed-2025.txt,3862,needs_human_review,,is a commercial vehicle. The corners on it are blind and it is too unsafe to allow traffic on it. This road I have had several complaints on as well. 11. Old River Road Duchesne City to SR 35 a. There are no oil locations on this road. Due to that fact this road should be,2026-06-11T19:44:37
real_candidate_00322,2025,10,Duchesne,Traffic / Haul Route,Duchesne-County-TMP_Final_Compressed-2025.txt,archive/extracted_text/legacy/Duchesne-County-TMP_Final_Compressed-2025.txt,3863,needs_human_review,11. Old River Road Duchesne City to SR 35,traffic on it. This road I have had several complaints on as well. 11. Old River Road Duchesne City to SR 35 a. There are no oil locations on this road. Due to that fact this road should be closed to commercial traffic.,2026-06-11T19:44:37
real_candidate_00303,2024,18,Duchesne,Dust / PM / Gravel,Duchesne-County-Planning-Commission-Meeting-Minutes-June-26th-2024.txt,archive/extracted_text/legacy/Duchesne-County-Planning-Commission-Meeting-Minutes-June-26th-2024.txt,168,needs_human_review,○ Comment: Shared that several million dollars from the county's rainy-day fund,complaints about road impacts and feel an urgent need to address them. ● Mike Gottfredson (Community Development): ○ Comment: Shared that several million dollars from the county's rainy-day fund had been used for road repairs this year due to industry impacts. Public Hearing and Comments:,2026-06-11T19:44:35
real_candidate_00160,2024,17,Unknown,Noise / Vibration,5-1-24-Final-MGedits.txt,archive/extracted_text/legacy/5-1-24-Final-MGedits.txt,210,needs_human_review,,They came in and applied for the permit before because the only permit that had been permitted was the compressor station that was to go in on that site. o Annette Miller asked Hobart Willis if he’d been in contact with them about their noise complaints since?,2026-06-11T19:44:29
real_candidate_00161,2024,17,Unknown,Noise / Vibration,5-1-24-Final-MGedits.txt,archive/extracted_text/legacy/5-1-24-Final-MGedits.txt,211,needs_human_review,o Annette Miller asked Hobart Willis if he’d been in contact with them about their noise,been permitted was the compressor station that was to go in on that site. o Annette Miller asked Hobart Willis if he’d been in contact with them about their noise complaints since? • Hobart Willis answered that they would like to put in soundproof windows into,2026-06-11T19:44:29
real_candidate_00167,2024,17,Unknown,Dust / PM / Gravel,5-1-24-Final-MGedits.txt,archive/extracted_text/legacy/5-1-24-Final-MGedits.txt,394,needs_human_review,"state of Utah is to be a good neighbor, a good community member and a good partner.","o Rikki Hrenko Browning from the Utah Petroleum Association stated that she thinks it’s important to set expectations up front that our role in representing the industry here in the state of Utah is to be a good neighbor, a good community member and a good partner. We are also not opposed to an ordinance that sets out reasonable limitations on sound, on noise, on vibration, and is addressing the issues that need to be addressed.",2026-06-11T19:44:29
real_candidate_00168,2024,17,Duchesne,Dust / PM / Gravel,5-1-24-Final-MGedits.txt,archive/extracted_text/legacy/5-1-24-Final-MGedits.txt,395,needs_human_review,"We are also not opposed to an ordinance that sets out reasonable limitations on sound, on","important to set expectations up front that our role in representing the industry here in the state of Utah is to be a good neighbor, a good community member and a good partner. We are also not opposed to an ordinance that sets out reasonable limitations on sound, on noise, on vibration, and is addressing the issues that need to be addressed. DUCHESNE COUNTY",2026-06-11T19:44:29
real_candidate_00153,2024,16,Unknown,Noise / Vibration,5-1-24-Final-MGedits.txt,archive/extracted_text/legacy/5-1-24-Final-MGedits.txt,42,needs_human_review,,Findings of Fact (Which can be found on file with the Community Development Department). o Mike Hyde stated the county has received some complaints about a flare gas power generation facility in the county that is existing and is creating noise and vibration,2026-06-11T19:44:29
real_candidate_00154,2024,16,Unknown,Noise / Vibration,5-1-24-Final-MGedits.txt,archive/extracted_text/legacy/5-1-24-Final-MGedits.txt,43,needs_human_review,o Mike Hyde stated the county has received some complaints about a flare gas power,Department). o Mike Hyde stated the county has received some complaints about a flare gas power generation facility in the county that is existing and is creating noise and vibration issues for some folks in the neighborhood.,2026-06-11T19:44:29
real_candidate_00155,2024,16,Unknown,Noise / Vibration,5-1-24-Final-MGedits.txt,archive/extracted_text/legacy/5-1-24-Final-MGedits.txt,44,needs_human_review,generation facility in the county that is existing and is creating noise and vibration,o Mike Hyde stated the county has received some complaints about a flare gas power generation facility in the county that is existing and is creating noise and vibration issues for some folks in the neighborhood.,2026-06-11T19:44:29
real_candidate_00156,2024,16,Duchesne,Noise / Vibration,5-1-24-Final-MGedits.txt,archive/extracted_text/legacy/5-1-24-Final-MGedits.txt,45,needs_human_review,issues for some folks in the neighborhood.,o Mike Hyde stated the county has received some complaints about a flare gas power generation facility in the county that is existing and is creating noise and vibration issues for some folks in the neighborhood. DUCHESNE COUNTY,2026-06-11T19:44:29
real_candidate_00162,2024,15,Unknown,Noise / Vibration,5-1-24-Final-MGedits.txt,archive/extracted_text/legacy/5-1-24-Final-MGedits.txt,212,needs_human_review,complaints since?,"o Annette Miller asked Hobart Willis if he’d been in contact with them about their noise complaints since? • Hobart Willis answered that they would like to put in soundproof windows into our homes, and they said they would pay the cost to do it.  They would also like to",2026-06-11T19:44:29
real_candidate_00163,2024,15,Unknown,Noise / Vibration,5-1-24-Final-MGedits.txt,archive/extracted_text/legacy/5-1-24-Final-MGedits.txt,213,needs_human_review,• Hobart Willis answered that they would like to put in soundproof windows into,"o Annette Miller asked Hobart Willis if he’d been in contact with them about their noise complaints since? • Hobart Willis answered that they would like to put in soundproof windows into our homes, and they said they would pay the cost to do it.  They would also like to strip our homes and put a heavy layer of stucco around the outside, and air",2026-06-11T19:44:29
real_candidate_00166,2024,15,Unknown,Dust / PM / Gravel,5-1-24-Final-MGedits.txt,archive/extracted_text/legacy/5-1-24-Final-MGedits.txt,393,needs_human_review,important to set expectations up front that our role in representing the industry here in the,"o Rikki Hrenko Browning from the Utah Petroleum Association stated that she thinks it’s important to set expectations up front that our role in representing the industry here in the state of Utah is to be a good neighbor, a good community member and a good partner. We are also not opposed to an ordinance that sets out reasonable limitations on sound, on",2026-06-11T19:44:29
real_candidate_00169,2024,15,Duchesne,Noise / Vibration,5-1-24-Final-MGedits.txt,archive/extracted_text/legacy/5-1-24-Final-MGedits.txt,396,needs_human_review,"noise, on vibration, and is addressing the issues that need to be addressed.","state of Utah is to be a good neighbor, a good community member and a good partner. We are also not opposed to an ordinance that sets out reasonable limitations on sound, on noise, on vibration, and is addressing the issues that need to be addressed. DUCHESNE COUNTY PLANNING COMMISSION MEETING",2026-06-11T19:44:29
real_candidate_00152,2024,14,Unknown,Flaring / Emissions,5-1-24-Final-MGedits.txt,archive/extracted_text/legacy/5-1-24-Final-MGedits.txt,41,needs_human_review,Department).,generation facilities are allowed and establish standards to mitigate the impacts of such facilities. Findings of Fact (Which can be found on file with the Community Development Department). o Mike Hyde stated the county has received some complaints about a flare gas power,2026-06-11T19:44:29
real_candidate_00150,2024,12,Unknown,Noise / Vibration,4-3-2024.txt,archive/extracted_text/legacy/4-3-2024.txt,89,needs_human_review,o Kelsey Carter asked Mike Gottfredson about the hours of 7am – 9:30pm and wondered if,"always or Brett Pierce who is the property owner, could also address concerns. o Kelsey Carter asked Mike Gottfredson about the hours of 7am – 9:30pm and wondered if these are the correct business hours. • Mike Gottfredson stated that those hours are associated with noise nuisances.  He",2026-06-11T19:44:29
real_candidate_00157,2024,12,Unknown,Public Concern / Needs Review,5-1-24-Final-MGedits.txt,archive/extracted_text/legacy/5-1-24-Final-MGedits.txt,109,needs_human_review,we would recommend that we take public comment tonight from those present.,"o Mike Gottfredson added we advertised for the public hearing tonight.  Just like last time, we would recommend that we take public comment tonight from those present. o Thomas Winterton stated he didn’t want to do anything to deny individuals the",2026-06-11T19:44:29
real_candidate_00158,2024,12,Unknown,Public Concern / Needs Review,5-1-24-Final-MGedits.txt,archive/extracted_text/legacy/5-1-24-Final-MGedits.txt,110,needs_human_review,,"o Mike Gottfredson added we advertised for the public hearing tonight.  Just like last time, we would recommend that we take public comment tonight from those present. o Thomas Winterton stated he didn’t want to do anything to deny individuals the opportunity to come and share with us.  I would like to pass a motion the we clarify that",2026-06-11T19:44:29
real_candidate_00302,2024,12,Duchesne,Dust / PM / Gravel,Duchesne-County-Planning-Commission-Meeting-Minutes-June-26th-2024.txt,archive/extracted_text/legacy/Duchesne-County-Planning-Commission-Meeting-Minutes-June-26th-2024.txt,167,needs_human_review,● Mike Gottfredson (Community Development):,■ Response from Mike Hyde: County commissioners are receiving daily complaints about road impacts and feel an urgent need to address them. ● Mike Gottfredson (Community Development): ○ Comment: Shared that several million dollars from the county's rainy-day fund had been used for road repairs this year due to industry impacts.,2026-06-11T19:44:35
real_candidate_00170,2024,11,Duchesne,Noise / Vibration,5-1-24-Final-MGedits.txt,archive/extracted_text/legacy/5-1-24-Final-MGedits.txt,397,needs_human_review,DUCHESNE COUNTY,"We are also not opposed to an ordinance that sets out reasonable limitations on sound, on noise, on vibration, and is addressing the issues that need to be addressed. DUCHESNE COUNTY PLANNING COMMISSION MEETING May 1, 2024",2026-06-11T19:44:29
real_candidate_00171,2024,11,Unknown,Dust / PM / Gravel,5-1-24-Final-MGedits.txt,archive/extracted_text/legacy/5-1-24-Final-MGedits.txt,535,needs_human_review,o Thomas Winterton stated that he came here tonight thinking that we should table all,"meeting after the planning commission makes their recommendation. o Thomas Winterton stated that he came here tonight thinking that we should table all three, but if the industry has signed up on this and we don’t have opposition, then I’m not opposed to making a motion to go ahead and approve the recommendation of the staff",2026-06-11T19:44:29
real_candidate_00172,2024,11,Unknown,Dust / PM / Gravel,5-1-24-Final-MGedits.txt,archive/extracted_text/legacy/5-1-24-Final-MGedits.txt,536,needs_human_review,"three, but if the industry has signed up on this and we don’t have opposition, then I’m not","o Thomas Winterton stated that he came here tonight thinking that we should table all three, but if the industry has signed up on this and we don’t have opposition, then I’m not opposed to making a motion to go ahead and approve the recommendation of the staff with the amendment on line seven to make sure it doesn’t affect labor camps located on",2026-06-11T19:44:29
real_candidate_00173,2024,11,Unknown,Dust / PM / Gravel,5-1-24-Final-MGedits.txt,archive/extracted_text/legacy/5-1-24-Final-MGedits.txt,537,needs_human_review,opposed to making a motion to go ahead and approve the recommendation of the staff,"o Thomas Winterton stated that he came here tonight thinking that we should table all three, but if the industry has signed up on this and we don’t have opposition, then I’m not opposed to making a motion to go ahead and approve the recommendation of the staff with the amendment on line seven to make sure it doesn’t affect labor camps located on well pads.",2026-06-11T19:44:29
real_candidate_00174,2024,11,Unknown,Dust / PM / Gravel,5-1-24-Final-MGedits.txt,archive/extracted_text/legacy/5-1-24-Final-MGedits.txt,538,needs_human_review,with the amendment on line seven to make sure it doesn’t affect labor camps located on,"three, but if the industry has signed up on this and we don’t have opposition, then I’m not opposed to making a motion to go ahead and approve the recommendation of the staff with the amendment on line seven to make sure it doesn’t affect labor camps located on well pads.",2026-06-11T19:44:29
real_candidate_00001,2024,10,Unknown,Dust / PM / Gravel,00001993.txt,archive/extracted_text/legacy/00001993.txt,3217,needs_human_review,endless pity parties and complaints of victimhood. They are buying what the,"enjoyable in the short term than righteous indignation. Sadly, a majority of people in a majority of states are now acting that way — as zero −sum thinkers with endless pity parties and complaints of victimhood. They are buying what the conflict entrepreneurs in our politics and media are selling. Day 3 109 Thursday, January 18, 2024",2026-06-11T19:43:14
real_candidate_00002,2024,10,Unknown,Dust / PM / Gravel,00001993.txt,archive/extracted_text/legacy/00001993.txt,3218,needs_human_review,conflict entrepreneurs in our politics and media are selling.,"in a majority of states are now acting that way — as zero −sum thinkers with endless pity parties and complaints of victimhood. They are buying what the conflict entrepreneurs in our politics and media are selling. Day 3 109 Thursday, January 18, 2024 But not so much in Utah. It turns out that Utahns, far more than people in any",2026-06-11T19:43:14
real_candidate_00003,2024,10,Unknown,Dust / PM / Gravel,00001993.txt,archive/extracted_text/legacy/00001993.txt,3219,needs_human_review,"Day 3 109 Thursday, January 18, 2024","endless pity parties and complaints of victimhood. They are buying what the conflict entrepreneurs in our politics and media are selling. Day 3 109 Thursday, January 18, 2024 But not so much in Utah. It turns out that Utahns, far more than people in any other state, reject zero−sum thinking. Utah still believes in the win−win. We reject",2026-06-11T19:43:14
real_candidate_00151,2024,10,Unknown,Dust / PM / Gravel,4-3-2024.txt,archive/extracted_text/legacy/4-3-2024.txt,474,needs_human_review,,"improved to industrial truck traffic standards before the companies begin their projects. o Thomas Winterton stated that he is in favor of figuring out how to protect our roads, but he has a lot of concerns about how encompassing this will be.",2026-06-11T19:44:29
real_candidate_00159,2024,10,Unknown,Public Concern / Needs Review,5-1-24-Final-MGedits.txt,archive/extracted_text/legacy/5-1-24-Final-MGedits.txt,111,needs_human_review,o Thomas Winterton stated he didn’t want to do anything to deny individuals the,"we would recommend that we take public comment tonight from those present. o Thomas Winterton stated he didn’t want to do anything to deny individuals the opportunity to come and share with us.  I would like to pass a motion the we clarify that we move all three items that were on that original amendment to the same timeline,",2026-06-11T19:44:29
real_candidate_00164,2024,10,Unknown,Public Concern / Needs Review,5-1-24-Final-MGedits.txt,archive/extracted_text/legacy/5-1-24-Final-MGedits.txt,214,needs_human_review,"our homes, and they said they would pay the cost to do it.  They would also like to","complaints since? • Hobart Willis answered that they would like to put in soundproof windows into our homes, and they said they would pay the cost to do it.  They would also like to strip our homes and put a heavy layer of stucco around the outside, and air conditioning so that we’ll be less impacted by the sound, but that doesn’t remedy",2026-06-11T19:44:29
real_candidate_00165,2024,10,Unknown,Dust / PM / Gravel,5-1-24-Final-MGedits.txt,archive/extracted_text/legacy/5-1-24-Final-MGedits.txt,392,needs_human_review,o Rikki Hrenko Browning from the Utah Petroleum Association stated that she thinks it’s,"community and makes sense for its residents. o Rikki Hrenko Browning from the Utah Petroleum Association stated that she thinks it’s important to set expectations up front that our role in representing the industry here in the state of Utah is to be a good neighbor, a good community member and a good partner.",2026-06-11T19:44:29
real_candidate_00298,2024,10,Duchesne,Air Quality / Odor / H2S,Duchesne-County-Planning-Commission-Meeting-Minutes-June-26th-2024.txt,archive/extracted_text/legacy/Duchesne-County-Planning-Commission-Meeting-Minutes-June-26th-2024.txt,123,needs_human_review,emphasizing the reduction in flare gas emissions and the positive impact on air quality.,"Public Comments: ● Sean Welch, representing Crusoe Energy: Discussed the benefits of the project, emphasizing the reduction in flare gas emissions and the positive impact on air quality. ● Rikki Hrenko-Browning, representing the Utah Petroleum Association: Echoed Mr. Welch's comments, appreciating the revisions made to balance reducing flaring and",2026-06-11T19:44:35
real_candidate_00299,2024,10,Duchesne,Public Concern / Needs Review,Duchesne-County-Planning-Commission-Meeting-Minutes-June-26th-2024.txt,archive/extracted_text/legacy/Duchesne-County-Planning-Commission-Meeting-Minutes-June-26th-2024.txt,164,needs_human_review,complete the ordinance.,● Commissioner Miller: ○ Question: Inquired about the urgency from the county commissioners to complete the ordinance. ■ Response from Mike Hyde: County commissioners are receiving daily complaints about road impacts and feel an urgent need to address them.,2026-06-11T19:44:35
real_candidate_00300,2024,10,Duchesne,Public Concern / Needs Review,Duchesne-County-Planning-Commission-Meeting-Minutes-June-26th-2024.txt,archive/extracted_text/legacy/Duchesne-County-Planning-Commission-Meeting-Minutes-June-26th-2024.txt,165,needs_human_review,■ Response from Mike Hyde: County commissioners are receiving daily,○ Question: Inquired about the urgency from the county commissioners to complete the ordinance. ■ Response from Mike Hyde: County commissioners are receiving daily complaints about road impacts and feel an urgent need to address them. ● Mike Gottfredson (Community Development):,2026-06-11T19:44:35
real_candidate_00301,2024,10,Duchesne,Public Concern / Needs Review,Duchesne-County-Planning-Commission-Meeting-Minutes-June-26th-2024.txt,archive/extracted_text/legacy/Duchesne-County-Planning-Commission-Meeting-Minutes-June-26th-2024.txt,166,needs_human_review,complaints about road impacts and feel an urgent need to address them.,complete the ordinance. ■ Response from Mike Hyde: County commissioners are receiving daily complaints about road impacts and feel an urgent need to address them. ● Mike Gottfredson (Community Development): ○ Comment: Shared that several million dollars from the county's rainy-day fund,2026-06-11T19:44:35
real_candidate_00304,2024,10,Duchesne,Dust / PM / Gravel,Duchesne-County-Planning-Commission-Meeting-Minutes-June-5th-2024.txt,archive/extracted_text/legacy/Duchesne-County-Planning-Commission-Meeting-Minutes-June-5th-2024.txt,149,needs_human_review,Public Comments:,"● Mike Hyde: Discussed the need for updated assessments of wetlands and ensuring emergency access adequacy. Public Comments: ● Mike Hyde: Read a letter from Roosevelt City Manager, Josh Bake, expressing opposition due to dust and environmental concerns.",2026-06-11T19:44:35
real_candidate_00305,2024,10,Duchesne,Dust / PM / Gravel,Duchesne-County-Planning-Commission-Meeting-Minutes-June-5th-2024.txt,archive/extracted_text/legacy/Duchesne-County-Planning-Commission-Meeting-Minutes-June-5th-2024.txt,150,needs_human_review,"● Mike Hyde: Read a letter from Roosevelt City Manager, Josh Bake, expressing","emergency access adequacy. Public Comments: ● Mike Hyde: Read a letter from Roosevelt City Manager, Josh Bake, expressing opposition due to dust and environmental concerns. ○ Response from Logan Hibbert: Discussed dust mitigation and reclamation",2026-06-11T19:44:35
real_candidate_00306,2024,10,Duchesne,Dust / PM / Gravel,Duchesne-County-Planning-Commission-Meeting-Minutes-June-5th-2024.txt,archive/extracted_text/legacy/Duchesne-County-Planning-Commission-Meeting-Minutes-June-5th-2024.txt,151,needs_human_review,opposition due to dust and environmental concerns.,"Public Comments: ● Mike Hyde: Read a letter from Roosevelt City Manager, Josh Bake, expressing opposition due to dust and environmental concerns. ○ Response from Logan Hibbert: Discussed dust mitigation and reclamation plans.",2026-06-11T19:44:35
real_candidate_00136,2023,21,Duchesne,Dust / PM / Gravel,4-05-23.txt,archive/extracted_text/legacy/4-05-23.txt,241,needs_human_review,the paved county road and the mining site.  Roosevelt City requests 24/7 dust control by,"plan by leƩer dated March 22, 2023.  The applicant or authorized agent must follow this plan to control dust at acƟve mining areas and driving surfaces, including roads between the paved county road and the mining site.  Roosevelt City requests 24/7 dust control by applicaƟons of water and/or dust suppressants (such as magnesium chloride) and that if there are any dust complaints received from pilots or the public, the mining operaƟons",2026-06-11T19:44:29
real_candidate_00137,2023,21,Duchesne,Dust / PM / Gravel,4-05-23.txt,archive/extracted_text/legacy/4-05-23.txt,242,needs_human_review,applicaƟons of water and/or dust suppressants (such as magnesium chloride) and that if,"plan to control dust at acƟve mining areas and driving surfaces, including roads between the paved county road and the mining site.  Roosevelt City requests 24/7 dust control by applicaƟons of water and/or dust suppressants (such as magnesium chloride) and that if there are any dust complaints received from pilots or the public, the mining operaƟons shall cease unƟl the event can be miƟgated.",2026-06-11T19:44:29
real_candidate_00138,2023,21,Duchesne,Dust / PM / Gravel,4-05-23.txt,archive/extracted_text/legacy/4-05-23.txt,243,needs_human_review,"there are any dust complaints received from pilots or the public, the mining operaƟons","the paved county road and the mining site.  Roosevelt City requests 24/7 dust control by applicaƟons of water and/or dust suppressants (such as magnesium chloride) and that if there are any dust complaints received from pilots or the public, the mining operaƟons shall cease unƟl the event can be miƟgated. B. Bond Required: A bond shall be issued in the amount of ﬁve thousand dollars ($5,000.00) for",2026-06-11T19:44:29
real_candidate_00139,2023,21,Unknown,Dust / PM / Gravel,4-05-23.txt,archive/extracted_text/legacy/4-05-23.txt,244,needs_human_review,shall cease unƟl the event can be miƟgated.,"applicaƟons of water and/or dust suppressants (such as magnesium chloride) and that if there are any dust complaints received from pilots or the public, the mining operaƟons shall cease unƟl the event can be miƟgated. B. Bond Required: A bond shall be issued in the amount of ﬁve thousand dollars ($5,000.00) for the ﬁrst acre, and three thousand dollars ($3,000.00) for each addiƟonal acre from which such",2026-06-11T19:44:29
real_candidate_00140,2023,21,Unknown,Dust / PM / Gravel,4-05-23.txt,archive/extracted_text/legacy/4-05-23.txt,245,needs_human_review,"B. Bond Required: A bond shall be issued in the amount of ﬁve thousand dollars ($5,000.00) for","there are any dust complaints received from pilots or the public, the mining operaƟons shall cease unƟl the event can be miƟgated. B. Bond Required: A bond shall be issued in the amount of ﬁve thousand dollars ($5,000.00) for the ﬁrst acre, and three thousand dollars ($3,000.00) for each addiƟonal acre from which such material is taken as a guarantee of recondiƟoning. The number of acres must be speciﬁed on",2026-06-11T19:44:29
real_candidate_00144,2023,21,Duchesne,Dust / PM / Gravel,4-05-23.txt,archive/extracted_text/legacy/4-05-23.txt,335,needs_human_review,shall cease unƟl the event can be miƟgated.,"by applicaƟon of water and/or dust suppressants such as magnesium chloride. d. If there are any dust complaints received from pilots or the public, the mining operaƟons shall cease unƟl the event can be miƟgated. e. To minimize dust impacts on the Roosevelt Municipal Airport, sand mining operaƟons shall not occur within 1000 feet of the runway or in the approach surface at the east end",2026-06-11T19:44:29
real_candidate_00145,2023,21,Duchesne,Dust / PM / Gravel,4-05-23.txt,archive/extracted_text/legacy/4-05-23.txt,336,needs_human_review,"e. To minimize dust impacts on the Roosevelt Municipal Airport, sand mining operaƟons","d. If there are any dust complaints received from pilots or the public, the mining operaƟons shall cease unƟl the event can be miƟgated. e. To minimize dust impacts on the Roosevelt Municipal Airport, sand mining operaƟons shall not occur within 1000 feet of the runway or in the approach surface at the east end of the runway (see “No Mining Area” exhibit map prepared by Roosevelt City’s airport",2026-06-11T19:44:29
real_candidate_00141,2023,19,Duchesne,Dust / PM / Gravel,4-05-23.txt,archive/extracted_text/legacy/4-05-23.txt,332,needs_human_review,"c. Pursuant to Roosevelt City’s request, the applicant shall provide dust control at all Ɵmes","9:30 PM on weekdays, 8:00 AM to 9:30 PM on Saturdays and 9:00 AM to 9:30 PM on Sundays and holidays). c. Pursuant to Roosevelt City’s request, the applicant shall provide dust control at all Ɵmes by applicaƟon of water and/or dust suppressants such as magnesium chloride. d. If there are any dust complaints received from pilots or the public, the mining operaƟons",2026-06-11T19:44:29
real_candidate_00142,2023,19,Duchesne,Dust / PM / Gravel,4-05-23.txt,archive/extracted_text/legacy/4-05-23.txt,333,needs_human_review,by applicaƟon of water and/or dust suppressants such as magnesium chloride.,"Sundays and holidays). c. Pursuant to Roosevelt City’s request, the applicant shall provide dust control at all Ɵmes by applicaƟon of water and/or dust suppressants such as magnesium chloride. d. If there are any dust complaints received from pilots or the public, the mining operaƟons shall cease unƟl the event can be miƟgated.",2026-06-11T19:44:29
real_candidate_00143,2023,19,Duchesne,Dust / PM / Gravel,4-05-23.txt,archive/extracted_text/legacy/4-05-23.txt,334,needs_human_review,"d. If there are any dust complaints received from pilots or the public, the mining operaƟons","c. Pursuant to Roosevelt City’s request, the applicant shall provide dust control at all Ɵmes by applicaƟon of water and/or dust suppressants such as magnesium chloride. d. If there are any dust complaints received from pilots or the public, the mining operaƟons shall cease unƟl the event can be miƟgated. e. To minimize dust impacts on the Roosevelt Municipal Airport, sand mining operaƟons",2026-06-11T19:44:29
real_candidate_00109,2023,17,Unknown,Air Quality / Odor / H2S,10-4-23.txt,archive/extracted_text/legacy/10-4-23.txt,570,needs_human_review,County nuisance ordinance and Utah air quality rules require 24/7 dust control by,"control plan for this location.  The applicant or authorized agent must follow this plan to control dust at active mining areas and driving surfaces, including haul roads.  The County nuisance ordinance and Utah air quality rules require 24/7 dust control by applications of water and/or dust suppressants (such as magnesium chloride).  There will be no rock crushing associated with this operation.  If dust complaints received by",2026-06-11T19:44:25
real_candidate_00110,2023,17,Duchesne,Air Quality / Odor / H2S,10-4-23.txt,archive/extracted_text/legacy/10-4-23.txt,571,needs_human_review,applications of water and/or dust suppressants (such as magnesium chloride).  There will,"control dust at active mining areas and driving surfaces, including haul roads.  The County nuisance ordinance and Utah air quality rules require 24/7 dust control by applications of water and/or dust suppressants (such as magnesium chloride).  There will be no rock crushing associated with this operation.  If dust complaints received by Duchesne County, TriCounty Health, or DEQ, the mining operations shall cease until the",2026-06-11T19:44:25
real_candidate_00111,2023,17,Duchesne,Air Quality / Odor / H2S,10-4-23.txt,archive/extracted_text/legacy/10-4-23.txt,572,needs_human_review,be no rock crushing associated with this operation.  If dust complaints received by,"County nuisance ordinance and Utah air quality rules require 24/7 dust control by applications of water and/or dust suppressants (such as magnesium chloride).  There will be no rock crushing associated with this operation.  If dust complaints received by Duchesne County, TriCounty Health, or DEQ, the mining operations shall cease until the event can be mitigated.",2026-06-11T19:44:25
real_candidate_00112,2023,17,Duchesne,Dust / PM / Gravel,10-4-23.txt,archive/extracted_text/legacy/10-4-23.txt,573,needs_human_review,"Duchesne County, TriCounty Health, or DEQ, the mining operations shall cease until the","applications of water and/or dust suppressants (such as magnesium chloride).  There will be no rock crushing associated with this operation.  If dust complaints received by Duchesne County, TriCounty Health, or DEQ, the mining operations shall cease until the event can be mitigated. B. Bond Required: A bond shall be issued in the amount of five thousand dollars ($5,000.00)",2026-06-11T19:44:25
real_candidate_00113,2023,17,Duchesne,Dust / PM / Gravel,10-4-23.txt,archive/extracted_text/legacy/10-4-23.txt,574,needs_human_review,event can be mitigated.,"be no rock crushing associated with this operation.  If dust complaints received by Duchesne County, TriCounty Health, or DEQ, the mining operations shall cease until the event can be mitigated. B. Bond Required: A bond shall be issued in the amount of five thousand dollars ($5,000.00) for the first acre, and three thousand dollars ($3,000.00) for each additional acre from",2026-06-11T19:44:25
real_candidate_00127,2023,17,Duchesne,Air Quality / Odor / H2S,12-6-23.txt,archive/extracted_text/legacy/12-6-23.txt,934,needs_human_review,and Utah air quality rules require 24/7 dust control by applications of water,"authorized agent must follow this plan to control dust at active mining areas and driving surfaces, including haul roads.  The County nuisance ordinance and Utah air quality rules require 24/7 dust control by applications of water and/or dust suppressants (such as magnesium chloride).  If dust complaints received by Duchesne County, TriCounty Health, or DEQ, the mini ng",2026-06-11T19:44:27
real_candidate_00128,2023,17,Duchesne,Air Quality / Odor / H2S,12-6-23.txt,archive/extracted_text/legacy/12-6-23.txt,935,needs_human_review,and/or dust suppressants (such as magnesium chloride).  If dust complaints,"and driving surfaces, including haul roads.  The County nuisance ordinance and Utah air quality rules require 24/7 dust control by applications of water and/or dust suppressants (such as magnesium chloride).  If dust complaints received by Duchesne County, TriCounty Health, or DEQ, the mini ng operations shall cease until the event can be mitigated.",2026-06-11T19:44:27
real_candidate_00129,2023,17,Duchesne,Air Quality / Odor / H2S,12-6-23.txt,archive/extracted_text/legacy/12-6-23.txt,936,needs_human_review,"received by Duchesne County, TriCounty Health, or DEQ, the mini ng","and Utah air quality rules require 24/7 dust control by applications of water and/or dust suppressants (such as magnesium chloride).  If dust complaints received by Duchesne County, TriCounty Health, or DEQ, the mini ng operations shall cease until the event can be mitigated. F. Operating Hours:",2026-06-11T19:44:27
real_candidate_00130,2023,17,Duchesne,Dust / PM / Gravel,12-6-23.txt,archive/extracted_text/legacy/12-6-23.txt,937,needs_human_review,operations shall cease until the event can be mitigated.,"and/or dust suppressants (such as magnesium chloride).  If dust complaints received by Duchesne County, TriCounty Health, or DEQ, the mini ng operations shall cease until the event can be mitigated. F. Operating Hours: Findings: see Finding A-1-6 on page 4.",2026-06-11T19:44:27
real_candidate_00146,2023,17,Uintah,Dust / PM / Gravel,4-05-23.txt,archive/extracted_text/legacy/4-05-23.txt,377,needs_human_review,of this public hearing. It is up to both Duchesne and Uintah CounƟes to determine,a. Mr. Hyde: There is direct access from 2000 West to Highway 40.  The Road Departments of both Duchesne and Uintah CounƟes have not responded to the proposal at the Ɵme of this public hearing. It is up to both Duchesne and Uintah CounƟes to determine preferred sand haul routes.  The counƟes prefer that trucks stay on Highway 40 as opposed to using county roads.,2026-06-11T19:44:29
real_candidate_00147,2023,17,Uintah,Dust / PM / Gravel,4-05-23.txt,archive/extracted_text/legacy/4-05-23.txt,378,needs_human_review,preferred sand haul routes.  The counƟes prefer that trucks stay on Highway 40 as,of both Duchesne and Uintah CounƟes have not responded to the proposal at the Ɵme of this public hearing. It is up to both Duchesne and Uintah CounƟes to determine preferred sand haul routes.  The counƟes prefer that trucks stay on Highway 40 as opposed to using county roads. Applicant Comments: MaƩ Hyita,2026-06-11T19:44:29
real_candidate_00148,2023,17,Uintah,Dust / PM / Gravel,4-05-23.txt,archive/extracted_text/legacy/4-05-23.txt,379,needs_human_review,opposed to using county roads.,of this public hearing. It is up to both Duchesne and Uintah CounƟes to determine preferred sand haul routes.  The counƟes prefer that trucks stay on Highway 40 as opposed to using county roads. Applicant Comments: MaƩ Hyita 4. Provided background on Wildcat Sand LLC; described the operaƟon on the Winterton Property,2026-06-11T19:44:29
real_candidate_00176,2023,17,Duchesne,Air Quality / Odor / H2S,5-3-23.txt,archive/extracted_text/legacy/5-3-23.txt,234,needs_human_review,air quality rules require 24/7 dust control by applications of water and/or dust,"this plan to control dust at active mining areas and driving surfaces, including roads between Highway 87 and the mining site.  The county nuisance ordinance and state air quality rules require 24/7 dust control by applications of water and/or dust suppressants (such as magnesium chloride). If any dust complaints are received by Duchesne County, Roosevelt City or TriCounty Health, the mining operations shall",2026-06-11T19:44:30
real_candidate_00177,2023,17,Duchesne,Air Quality / Odor / H2S,5-3-23.txt,archive/extracted_text/legacy/5-3-23.txt,235,needs_human_review,suppressants (such as magnesium chloride). If any dust complaints are received by,"between Highway 87 and the mining site.  The county nuisance ordinance and state air quality rules require 24/7 dust control by applications of water and/or dust suppressants (such as magnesium chloride). If any dust complaints are received by Duchesne County, Roosevelt City or TriCounty Health, the mining operations shall cease until the dust event can be mitigated.",2026-06-11T19:44:30
real_candidate_00178,2023,17,Duchesne,Air Quality / Odor / H2S,5-3-23.txt,archive/extracted_text/legacy/5-3-23.txt,236,needs_human_review,"Duchesne County, Roosevelt City or TriCounty Health, the mining operations shall","air quality rules require 24/7 dust control by applications of water and/or dust suppressants (such as magnesium chloride). If any dust complaints are received by Duchesne County, Roosevelt City or TriCounty Health, the mining operations shall cease until the dust event can be mitigated. B. Bond Required: A bond shall be issued in the amount of five thousand dollars ($5,000.00)",2026-06-11T19:44:30
real_candidate_00179,2023,17,Duchesne,Dust / PM / Gravel,5-3-23.txt,archive/extracted_text/legacy/5-3-23.txt,237,needs_human_review,cease until the dust event can be mitigated.,"suppressants (such as magnesium chloride). If any dust complaints are received by Duchesne County, Roosevelt City or TriCounty Health, the mining operations shall cease until the dust event can be mitigated. B. Bond Required: A bond shall be issued in the amount of five thousand dollars ($5,000.00) for the first acre, and three thousand dollars ($3,000.00) for each additional acre from",2026-06-11T19:44:30
real_candidate_00183,2023,17,Duchesne,Dust / PM / Gravel,5-3-23.txt,archive/extracted_text/legacy/5-3-23.txt,348,needs_human_review,"TriCounty Health Department, the mining operations shall cease until the dust","application of water and/or dust suppressants such as magnesium chloride.  If there are any dust complaints received by Duchesne County, Roosevelt City or the TriCounty Health Department, the mining operations shall cease until the dust event can be mitigated.",2026-06-11T19:44:30
real_candidate_00185,2023,17,Unknown,Dust / PM / Gravel,5-3-23.txt,archive/extracted_text/legacy/5-3-23.txt,436,needs_human_review,"property, but I  have heard that at the airport they have had sand blowing in and","Mike Hyde:  Our office has not received any dust complaints on current operations on the Patry property, but I  have heard that at the airport they have had sand blowing in and around their fueling station that has been problematic.  I don’t know if it is coming from your operation or the natural blow sand in the area.  Can you describe for the",2026-06-11T19:44:30
real_candidate_00186,2023,17,Unknown,Dust / PM / Gravel,5-3-23.txt,archive/extracted_text/legacy/5-3-23.txt,437,needs_human_review,around their fueling station that has been problematic.  I don’t know if it is coming,"Mike Hyde:  Our office has not received any dust complaints on current operations on the Patry property, but I  have heard that at the airport they have had sand blowing in and around their fueling station that has been problematic.  I don’t know if it is coming from your operation or the natural blow sand in the area.  Can you describe for the commission what you have in terms of access to water and equipment to keep the",2026-06-11T19:44:30
real_candidate_00190,2023,17,Duchesne,Dust / PM / Gravel,5-3-23.txt,archive/extracted_text/legacy/5-3-23.txt,581,needs_human_review,"the TriCounty Health Department, the mining operations shall cease until the dust","application of water and/or dust suppressants such as magnesium chloride.  If there are any dust complaints received by Duchesne County, Roosevelt City or the TriCounty Health Department, the mining operations shall cease until the dust event can be mitigated.",2026-06-11T19:44:30
real_candidate_00192,2023,17,Duchesne,Air Quality / Odor / H2S,5-3-23.txt,archive/extracted_text/legacy/5-3-23.txt,939,needs_human_review,roads.  The county nuisance ordinance and state air quality rules require 24/7 dust,"this plan to control dust at active mining areas and driving surfaces, including haul roads.  The county nuisance ordinance and state air quality rules require 24/7 dust control by applications of water and/or dust suppressants (such as magnesium chloride).  If dust complaints received by Duchesne County, Roosevelt City or",2026-06-11T19:44:30
real_candidate_00193,2023,17,Duchesne,Air Quality / Odor / H2S,5-3-23.txt,archive/extracted_text/legacy/5-3-23.txt,940,needs_human_review,control by applications of water and/or dust suppressants (such as magnesium,"this plan to control dust at active mining areas and driving surfaces, including haul roads.  The county nuisance ordinance and state air quality rules require 24/7 dust control by applications of water and/or dust suppressants (such as magnesium chloride).  If dust complaints received by Duchesne County, Roosevelt City or TriCounty Health, the mining operations shall cease until the event can be",2026-06-11T19:44:30
real_candidate_00194,2023,17,Duchesne,Air Quality / Odor / H2S,5-3-23.txt,archive/extracted_text/legacy/5-3-23.txt,941,needs_human_review,"chloride).  If dust complaints received by Duchesne County, Roosevelt City or","roads.  The county nuisance ordinance and state air quality rules require 24/7 dust control by applications of water and/or dust suppressants (such as magnesium chloride).  If dust complaints received by Duchesne County, Roosevelt City or TriCounty Health, the mining operations shall cease until the event can be mitigated.",2026-06-11T19:44:30
real_candidate_00195,2023,17,Duchesne,Dust / PM / Gravel,5-3-23.txt,archive/extracted_text/legacy/5-3-23.txt,942,needs_human_review,"TriCounty Health, the mining operations shall cease until the event can be","control by applications of water and/or dust suppressants (such as magnesium chloride).  If dust complaints received by Duchesne County, Roosevelt City or TriCounty Health, the mining operations shall cease until the event can be mitigated. B.  Bond Required: A bond shall be issued in the amount of five thousand dollars ($5,000.00)",2026-06-11T19:44:30
real_candidate_00196,2023,17,Duchesne,Dust / PM / Gravel,5-3-23.txt,archive/extracted_text/legacy/5-3-23.txt,943,needs_human_review,mitigated.,"chloride).  If dust complaints received by Duchesne County, Roosevelt City or TriCounty Health, the mining operations shall cease until the event can be mitigated. B.  Bond Required: A bond shall be issued in the amount of five thousand dollars ($5,000.00) for the first acre, and three thousand dollars ($3,000.00) for each additional acre from which",2026-06-11T19:44:30
real_candidate_00200,2023,17,Duchesne,Dust / PM / Gravel,5-3-23.txt,archive/extracted_text/legacy/5-3-23.txt,1054,needs_human_review,"TriCounty Health, the mining operations shall cease until the event can be","application of water and/or dust suppressants such as magnesium chloride.  If there are any dust complaints received by Duchesne County, Roosevelt City or TriCounty Health, the mining operations shall cease until the event can be mitigated.",2026-06-11T19:44:30
real_candidate_00203,2023,17,Duchesne,Air Quality / Odor / H2S,6-7-23.txt,archive/extracted_text/legacy/6-7-23.txt,332,needs_human_review,control by applications of water and/or dust suppressants (such as magnesium,"this plan to control dust at active mining areas and driving surfaces, including haul roads.  The county nuisance ordinance and state air quality rules require 24/7 dust control by applications of water and/or dust suppressants (such as magnesium chloride).  If dust complaints received by Duchesne County, Roosevelt City or TriCounty Health, the mining operations shall cease until the event can be",2026-06-11T19:44:30
real_candidate_00204,2023,17,Duchesne,Air Quality / Odor / H2S,6-7-23.txt,archive/extracted_text/legacy/6-7-23.txt,333,needs_human_review,"chloride).  If dust complaints received by Duchesne County, Roosevelt City or","roads.  The county nuisance ordinance and state air quality rules require 24/7 dust control by applications of water and/or dust suppressants (such as magnesium chloride).  If dust complaints received by Duchesne County, Roosevelt City or TriCounty Health, the mining operations shall cease until the event can be mitigated.",2026-06-11T19:44:30
real_candidate_00205,2023,17,Duchesne,Dust / PM / Gravel,6-7-23.txt,archive/extracted_text/legacy/6-7-23.txt,334,needs_human_review,"TriCounty Health, the mining operations shall cease until the event can be","control by applications of water and/or dust suppressants (such as magnesium chloride).  If dust complaints received by Duchesne County, Roosevelt City or TriCounty Health, the mining operations shall cease until the event can be mitigated. B. Bond Required: A bond shall be issued in the amount of five thousand dollars ($5,000.00)",2026-06-11T19:44:30
real_candidate_00206,2023,17,Duchesne,Dust / PM / Gravel,6-7-23.txt,archive/extracted_text/legacy/6-7-23.txt,335,needs_human_review,mitigated.,"chloride).  If dust complaints received by Duchesne County, Roosevelt City or TriCounty Health, the mining operations shall cease until the event can be mitigated. B. Bond Required: A bond shall be issued in the amount of five thousand dollars ($5,000.00) for the first acre, and three thousand dollars ($3,000.00) for each additional acre from",2026-06-11T19:44:30
real_candidate_00210,2023,17,Duchesne,Dust / PM / Gravel,6-7-23.txt,archive/extracted_text/legacy/6-7-23.txt,451,needs_human_review,DUCHESNE COUNTY,"application of water and/or dust suppressants such as magnesium chloride.  If there are any dust complaints received by Duchesne County, Roosevelt City or DUCHESNE COUNTY PLANNING COMMISSION MEETING June 7, 2023",2026-06-11T19:44:30
real_candidate_00211,2023,17,Duchesne,Dust / PM / Gravel,6-7-23.txt,archive/extracted_text/legacy/6-7-23.txt,452,needs_human_review,PLANNING COMMISSION MEETING,"are any dust complaints received by Duchesne County, Roosevelt City or DUCHESNE COUNTY PLANNING COMMISSION MEETING June 7, 2023",2026-06-11T19:44:30
real_candidate_00212,2023,17,Duchesne,Dust / PM / Gravel,6-7-23.txt,archive/extracted_text/legacy/6-7-23.txt,837,needs_human_review,,Page 19 of 37 that there is a water connection at 4400 West 12400 South that will provide water for dust control.  If dust complaints received by Duchesne County or TriCounty,2026-06-11T19:44:30
real_candidate_00213,2023,17,Duchesne,Dust / PM / Gravel,6-7-23.txt,archive/extracted_text/legacy/6-7-23.txt,838,needs_human_review,that there is a water connection at 4400 West 12400 South that will provide water,"Page 19 of 37 that there is a water connection at 4400 West 12400 South that will provide water for dust control.  If dust complaints received by Duchesne County or TriCounty Health, the mining operations shall cease until the event can be mitigated.",2026-06-11T19:44:30
real_candidate_00214,2023,17,Duchesne,Dust / PM / Gravel,6-7-23.txt,archive/extracted_text/legacy/6-7-23.txt,839,needs_human_review,for dust control.  If dust complaints received by Duchesne County or TriCounty,"that there is a water connection at 4400 West 12400 South that will provide water for dust control.  If dust complaints received by Duchesne County or TriCounty Health, the mining operations shall cease until the event can be mitigated. B.  Bond Required: A bond shall be issued in the amount of five thousand dollars ($5,000.00)",2026-06-11T19:44:30
real_candidate_00215,2023,17,Duchesne,Dust / PM / Gravel,6-7-23.txt,archive/extracted_text/legacy/6-7-23.txt,840,needs_human_review,"Health, the mining operations shall cease until the event can be mitigated.","that there is a water connection at 4400 West 12400 South that will provide water for dust control.  If dust complaints received by Duchesne County or TriCounty Health, the mining operations shall cease until the event can be mitigated. B.  Bond Required: A bond shall be issued in the amount of five thousand dollars ($5,000.00) for the first acre, and three thousand dollars ($3,000.00) for each additional acre from which",2026-06-11T19:44:30
real_candidate_00216,2023,17,Duchesne,Dust / PM / Gravel,6-7-23.txt,archive/extracted_text/legacy/6-7-23.txt,841,needs_human_review,"B.  Bond Required: A bond shall be issued in the amount of five thousand dollars ($5,000.00)","for dust control.  If dust complaints received by Duchesne County or TriCounty Health, the mining operations shall cease until the event can be mitigated. B.  Bond Required: A bond shall be issued in the amount of five thousand dollars ($5,000.00) for the first acre, and three thousand dollars ($3,000.00) for each additional acre from which such material is taken as a guarantee of reconditioning. The number of acres must be",2026-06-11T19:44:30
real_candidate_00114,2023,15,Duchesne,Dust / PM / Gravel,10-4-23.txt,archive/extracted_text/legacy/10-4-23.txt,662,needs_human_review,Health Department. The applicant shall provide dust control at all times by,"1. The applicant shall control dust and noise so neither becomes a nuisance. a. The applicant shall conform to the dust control plan approved by the TriCounty Health Department. The applicant shall provide dust control at all times by application of water and/or dust suppressants such as magnesium chloride.  If there are any dust complaints received by Duchesne County, TriCounty Health, or Utah",2026-06-11T19:44:25
real_candidate_00116,2023,15,Duchesne,Dust / PM / Gravel,10-4-23.txt,archive/extracted_text/legacy/10-4-23.txt,664,needs_human_review,"are any dust complaints received by Duchesne County, TriCounty Health, or Utah","Health Department. The applicant shall provide dust control at all times by application of water and/or dust suppressants such as magnesium chloride.  If there are any dust complaints received by Duchesne County, TriCounty Health, or Utah Department of Environmental Quality, the mining operations shall cease until the event can be mitigated.",2026-06-11T19:44:25
real_candidate_00118,2023,15,Duchesne,Dust / PM / Gravel,10-4-23.txt,archive/extracted_text/legacy/10-4-23.txt,666,needs_human_review,event can be mitigated.,"are any dust complaints received by Duchesne County, TriCounty Health, or Utah Department of Environmental Quality, the mining operations shall cease until the event can be mitigated. b. The applicant shall comply with Duchesne County noise ordinances, and haul truck traffic shall comply with the following hours of mining operations: (7:00 AM to",2026-06-11T19:44:25
real_candidate_00126,2023,15,Unknown,Air Quality / Odor / H2S,12-6-23.txt,archive/extracted_text/legacy/12-6-23.txt,933,needs_human_review,"and driving surfaces, including haul roads.  The County nuisance ordinance","DEQ approval of a dust control plan for this location.  The applicant or authorized agent must follow this plan to control dust at active mining areas and driving surfaces, including haul roads.  The County nuisance ordinance and Utah air quality rules require 24/7 dust control by applications of water and/or dust suppressants (such as magnesium chloride).  If dust complaints",2026-06-11T19:44:27
real_candidate_00131,2023,15,Duchesne,Dust / PM / Gravel,12-6-23.txt,archive/extracted_text/legacy/12-6-23.txt,992,needs_human_review,Health Department. The applicant shall provide dust control at all times by,"1. The applicant shall control dust and noise so neither becomes a nuisance. a. The applicant shall conform to the dust control plan approved by the TriCounty Health Department. The applicant shall provide dust control at all times by application of water and/or dust suppressants such as magnesium chloride.  If there are any dust complaints received by Duchesne County , TriCounty",2026-06-11T19:44:27
real_candidate_00133,2023,15,Duchesne,Dust / PM / Gravel,12-6-23.txt,archive/extracted_text/legacy/12-6-23.txt,994,needs_human_review,"there are any dust complaints received by Duchesne County , TriCounty","Health Department. The applicant shall provide dust control at all times by application of water and/or dust suppressants such as magnesium chloride.  If there are any dust complaints received by Duchesne County , TriCounty Health, or Utah Department of Environmental Quality, the industrial sand processing operations shall cease until the event can be mitigated.",2026-06-11T19:44:27
real_candidate_00135,2023,15,Duchesne,Dust / PM / Gravel,12-6-23.txt,archive/extracted_text/legacy/12-6-23.txt,996,needs_human_review,processing operations shall cease until the event can be mitigated.,"there are any dust complaints received by Duchesne County , TriCounty Health, or Utah Department of Environmental Quality, the industrial sand processing operations shall cease until the event can be mitigated. b. The applicant shall comply with Duchesne County noise ordinances, and haul truck traffic shall comply with the following hours of mining operations: (7:00",2026-06-11T19:44:27
real_candidate_00175,2023,15,Unknown,Air Quality / Odor / H2S,5-3-23.txt,archive/extracted_text/legacy/5-3-23.txt,233,needs_human_review,between Highway 87 and the mining site.  The county nuisance ordinance and state,"dust control plan for this location.  The applicant or authorized agent must follow this plan to control dust at active mining areas and driving surfaces, including roads between Highway 87 and the mining site.  The county nuisance ordinance and state air quality rules require 24/7 dust control by applications of water and/or dust suppressants (such as magnesium chloride). If any dust complaints are received by",2026-06-11T19:44:30
real_candidate_00180,2023,15,Duchesne,Dust / PM / Gravel,5-3-23.txt,archive/extracted_text/legacy/5-3-23.txt,345,needs_human_review,Health Department.  The applicant shall provide dust control at all times by,"1. The applicant shall control dust and noise so neither becomes a nuisance. a. The applicant shall conform to the dust control plan approved by the TriCounty Health Department.  The applicant shall provide dust control at all times by application of water and/or dust suppressants such as magnesium chloride.  If there are any dust complaints received by Duchesne County, Roosevelt City or the",2026-06-11T19:44:30
real_candidate_00182,2023,15,Duchesne,Dust / PM / Gravel,5-3-23.txt,archive/extracted_text/legacy/5-3-23.txt,347,needs_human_review,"there are any dust complaints received by Duchesne County, Roosevelt City or the","Health Department.  The applicant shall provide dust control at all times by application of water and/or dust suppressants such as magnesium chloride.  If there are any dust complaints received by Duchesne County, Roosevelt City or the TriCounty Health Department, the mining operations shall cease until the dust event can be mitigated.",2026-06-11T19:44:30
real_candidate_00187,2023,15,Duchesne,Dust / PM / Gravel,5-3-23.txt,archive/extracted_text/legacy/5-3-23.txt,578,needs_human_review,Health Department.  The applicant shall provide dust control at all times by,"1. The applicant shall control dust and noise so neither becomes a nuisance. a. The applicant shall conform to the dust control plan approved by the TriCounty Health Department.  The applicant shall provide dust control at all times by application of water and/or dust suppressants such as magnesium chloride.  If there are any dust complaints received by Duchesne County, Roosevelt City or",2026-06-11T19:44:30
real_candidate_00189,2023,15,Duchesne,Dust / PM / Gravel,5-3-23.txt,archive/extracted_text/legacy/5-3-23.txt,580,needs_human_review,"there are any dust complaints received by Duchesne County, Roosevelt City or","Health Department.  The applicant shall provide dust control at all times by application of water and/or dust suppressants such as magnesium chloride.  If there are any dust complaints received by Duchesne County, Roosevelt City or the TriCounty Health Department, the mining operations shall cease until the dust event can be mitigated.",2026-06-11T19:44:30
real_candidate_00197,2023,15,Duchesne,Dust / PM / Gravel,5-3-23.txt,archive/extracted_text/legacy/5-3-23.txt,1051,needs_human_review,Health Department. The applicant shall provide dust control at all times by,"1.  The applicant shall control dust and noise so neither becomes a nuisance. a. The applicant shall conform to the dust control plan approved by the TriCounty Health Department. The applicant shall provide dust control at all times by application of water and/or dust suppressants such as magnesium chloride.  If there are any dust complaints received by Duchesne County, Roosevelt City or",2026-06-11T19:44:30
real_candidate_00199,2023,15,Duchesne,Dust / PM / Gravel,5-3-23.txt,archive/extracted_text/legacy/5-3-23.txt,1053,needs_human_review,"are any dust complaints received by Duchesne County, Roosevelt City or","Health Department. The applicant shall provide dust control at all times by application of water and/or dust suppressants such as magnesium chloride.  If there are any dust complaints received by Duchesne County, Roosevelt City or TriCounty Health, the mining operations shall cease until the event can be mitigated.",2026-06-11T19:44:30
real_candidate_00202,2023,15,Duchesne,Air Quality / Odor / H2S,6-7-23.txt,archive/extracted_text/legacy/6-7-23.txt,331,needs_human_review,roads.  The county nuisance ordinance and state air quality rules require 24/7 dust,"dust control plan for this location.  The applicant or authorized agent must follow this plan to control dust at active mining areas and driving surfaces, including haul roads.  The county nuisance ordinance and state air quality rules require 24/7 dust control by applications of water and/or dust suppressants (such as magnesium chloride).  If dust complaints received by Duchesne County, Roosevelt City or",2026-06-11T19:44:30
real_candidate_00207,2023,15,Duchesne,Dust / PM / Gravel,6-7-23.txt,archive/extracted_text/legacy/6-7-23.txt,448,needs_human_review,Health Department. The applicant shall provide dust control at all times by,"1. The applicant shall control dust and noise so neither becomes a nuisance. a. The applicant shall conform to the dust control plan approved by the TriCounty Health Department. The applicant shall provide dust control at all times by application of water and/or dust suppressants such as magnesium chloride.  If there are any dust complaints received by Duchesne County, Roosevelt City or",2026-06-11T19:44:30
real_candidate_00209,2023,15,Duchesne,Dust / PM / Gravel,6-7-23.txt,archive/extracted_text/legacy/6-7-23.txt,450,needs_human_review,"are any dust complaints received by Duchesne County, Roosevelt City or","Health Department. The applicant shall provide dust control at all times by application of water and/or dust suppressants such as magnesium chloride.  If there are any dust complaints received by Duchesne County, Roosevelt City or DUCHESNE COUNTY PLANNING COMMISSION MEETING",2026-06-11T19:44:30
real_candidate_00219,2023,15,Duchesne,Dust / PM / Gravel,6-7-23.txt,archive/extracted_text/legacy/6-7-23.txt,937,needs_human_review,"are any dust complaints received by Duchesne County or TriCounty Health, the","Health Department. The applicant shall provide dust control at all times by application of water and/or dust suppressants such as magnesium chloride.  If there are any dust complaints received by Duchesne County or TriCounty Health, the mining operations shall cease until the event can be mitigated.",2026-06-11T19:44:31
real_candidate_00222,2023,15,Unknown,Noise / Vibration,8-2-23.txt,archive/extracted_text/legacy/8-2-23.txt,397,needs_human_review,sentence to indicate customers may have access to their equipment earlier or later than those,Mike Hyde:  You might want to consider a slight amendment to Recommendation #8 adding a sentence to indicate customers may have access to their equipment earlier or later than those nuisance ordinance hours provided it doesn’t become a problem.  There is only one surrounding home near this location so I don’t anticipate customers will generate noise complaints.,2026-06-11T19:44:32
real_candidate_00223,2023,15,Unknown,Noise / Vibration,8-2-23.txt,archive/extracted_text/legacy/8-2-23.txt,398,needs_human_review,nuisance ordinance hours provided it doesn’t become a problem.  There is only one surrounding,Mike Hyde:  You might want to consider a slight amendment to Recommendation #8 adding a sentence to indicate customers may have access to their equipment earlier or later than those nuisance ordinance hours provided it doesn’t become a problem.  There is only one surrounding home near this location so I don’t anticipate customers will generate noise complaints.,2026-06-11T19:44:32
real_candidate_00224,2023,15,Unknown,Noise / Vibration,8-2-23.txt,archive/extracted_text/legacy/8-2-23.txt,399,needs_human_review,home near this location so I don’t anticipate customers will generate noise complaints.,"sentence to indicate customers may have access to their equipment earlier or later than those nuisance ordinance hours provided it doesn’t become a problem.  There is only one surrounding home near this location so I don’t anticipate customers will generate noise complaints. Shon McKinnon:  Yes, I can’t imagine the noise would be much more than the surrounding",2026-06-11T19:44:32
real_candidate_00225,2023,15,Unknown,Traffic / Haul Route,8-2-23.txt,archive/extracted_text/legacy/8-2-23.txt,400,needs_human_review,,"nuisance ordinance hours provided it doesn’t become a problem.  There is only one surrounding home near this location so I don’t anticipate customers will generate noise complaints. Shon McKinnon:  Yes, I can’t imagine the noise would be much more than the surrounding traffic.",2026-06-11T19:44:32
real_candidate_00226,2023,15,Unknown,Traffic / Haul Route,8-2-23.txt,archive/extracted_text/legacy/8-2-23.txt,401,needs_human_review,"Shon McKinnon:  Yes, I can’t imagine the noise would be much more than the surrounding","home near this location so I don’t anticipate customers will generate noise complaints. Shon McKinnon:  Yes, I can’t imagine the noise would be much more than the surrounding traffic.",2026-06-11T19:44:32
real_candidate_00115,2023,13,Duchesne,Dust / PM / Gravel,10-4-23.txt,archive/extracted_text/legacy/10-4-23.txt,663,needs_human_review,application of water and/or dust suppressants such as magnesium chloride.  If there,"a. The applicant shall conform to the dust control plan approved by the TriCounty Health Department. The applicant shall provide dust control at all times by application of water and/or dust suppressants such as magnesium chloride.  If there are any dust complaints received by Duchesne County, TriCounty Health, or Utah Department of Environmental Quality, the mining operations shall cease until the",2026-06-11T19:44:25
real_candidate_00117,2023,13,Duchesne,Dust / PM / Gravel,10-4-23.txt,archive/extracted_text/legacy/10-4-23.txt,665,needs_human_review,"Department of Environmental Quality, the mining operations shall cease until the","application of water and/or dust suppressants such as magnesium chloride.  If there are any dust complaints received by Duchesne County, TriCounty Health, or Utah Department of Environmental Quality, the mining operations shall cease until the event can be mitigated. b. The applicant shall comply with Duchesne County noise ordinances, and haul truck",2026-06-11T19:44:25
real_candidate_00132,2023,13,Duchesne,Dust / PM / Gravel,12-6-23.txt,archive/extracted_text/legacy/12-6-23.txt,993,needs_human_review,application of water and/or dust suppressants such as magnesium chloride.  If,"a. The applicant shall conform to the dust control plan approved by the TriCounty Health Department. The applicant shall provide dust control at all times by application of water and/or dust suppressants such as magnesium chloride.  If there are any dust complaints received by Duchesne County , TriCounty Health, or Utah Department of Environmental Quality, the industrial sand",2026-06-11T19:44:27
real_candidate_00134,2023,13,Duchesne,Dust / PM / Gravel,12-6-23.txt,archive/extracted_text/legacy/12-6-23.txt,995,needs_human_review,"Health, or Utah Department of Environmental Quality, the industrial sand","application of water and/or dust suppressants such as magnesium chloride.  If there are any dust complaints received by Duchesne County , TriCounty Health, or Utah Department of Environmental Quality, the industrial sand processing operations shall cease until the event can be mitigated. b. The applicant shall comply with Duchesne County noise ordinances, and haul",2026-06-11T19:44:27
real_candidate_00181,2023,13,Duchesne,Dust / PM / Gravel,5-3-23.txt,archive/extracted_text/legacy/5-3-23.txt,346,needs_human_review,application of water and/or dust suppressants such as magnesium chloride.  If,"a. The applicant shall conform to the dust control plan approved by the TriCounty Health Department.  The applicant shall provide dust control at all times by application of water and/or dust suppressants such as magnesium chloride.  If there are any dust complaints received by Duchesne County, Roosevelt City or the TriCounty Health Department, the mining operations shall cease until the dust",2026-06-11T19:44:30
real_candidate_00184,2023,13,Duchesne,Dust / PM / Gravel,5-3-23.txt,archive/extracted_text/legacy/5-3-23.txt,349,needs_human_review,event can be mitigated.,"there are any dust complaints received by Duchesne County, Roosevelt City or the TriCounty Health Department, the mining operations shall cease until the dust event can be mitigated. b. The applicant shall comply with the following hours of mining operations:  (7:00",2026-06-11T19:44:30
real_candidate_00188,2023,13,Duchesne,Dust / PM / Gravel,5-3-23.txt,archive/extracted_text/legacy/5-3-23.txt,579,needs_human_review,application of water and/or dust suppressants such as magnesium chloride.  If,"a. The applicant shall conform to the dust control plan approved by the TriCounty Health Department.  The applicant shall provide dust control at all times by application of water and/or dust suppressants such as magnesium chloride.  If there are any dust complaints received by Duchesne County, Roosevelt City or the TriCounty Health Department, the mining operations shall cease until the dust",2026-06-11T19:44:30
real_candidate_00191,2023,13,Duchesne,Dust / PM / Gravel,5-3-23.txt,archive/extracted_text/legacy/5-3-23.txt,582,needs_human_review,event can be mitigated.,"there are any dust complaints received by Duchesne County, Roosevelt City or the TriCounty Health Department, the mining operations shall cease until the dust event can be mitigated. b. The applicant shall comply with the following hours of mining operations:  (7:00",2026-06-11T19:44:30
real_candidate_00198,2023,13,Duchesne,Dust / PM / Gravel,5-3-23.txt,archive/extracted_text/legacy/5-3-23.txt,1052,needs_human_review,application of water and/or dust suppressants such as magnesium chloride.  If there,"a. The applicant shall conform to the dust control plan approved by the TriCounty Health Department. The applicant shall provide dust control at all times by application of water and/or dust suppressants such as magnesium chloride.  If there are any dust complaints received by Duchesne County, Roosevelt City or TriCounty Health, the mining operations shall cease until the event can be",2026-06-11T19:44:30
real_candidate_00201,2023,13,Duchesne,Dust / PM / Gravel,5-3-23.txt,archive/extracted_text/legacy/5-3-23.txt,1055,needs_human_review,mitigated.,"are any dust complaints received by Duchesne County, Roosevelt City or TriCounty Health, the mining operations shall cease until the event can be mitigated. b. The applicant shall comply with the following hours of mining operations:  (7:00",2026-06-11T19:44:30
real_candidate_00208,2023,13,Duchesne,Dust / PM / Gravel,6-7-23.txt,archive/extracted_text/legacy/6-7-23.txt,449,needs_human_review,application of water and/or dust suppressants such as magnesium chloride.  If there,"a. The applicant shall conform to the dust control plan approved by the TriCounty Health Department. The applicant shall provide dust control at all times by application of water and/or dust suppressants such as magnesium chloride.  If there are any dust complaints received by Duchesne County, Roosevelt City or DUCHESNE COUNTY",2026-06-11T19:44:30
real_candidate_00217,2023,13,Duchesne,Dust / PM / Gravel,6-7-23.txt,archive/extracted_text/legacy/6-7-23.txt,935,needs_human_review,Health Department. The applicant shall provide dust control at all times by,"a. The applicant shall conform to the dust control plan approved by the TriCounty Health Department. The applicant shall provide dust control at all times by application of water and/or dust suppressants such as magnesium chloride.  If there are any dust complaints received by Duchesne County or TriCounty Health, the",2026-06-11T19:44:31
real_candidate_00218,2023,13,Duchesne,Dust / PM / Gravel,6-7-23.txt,archive/extracted_text/legacy/6-7-23.txt,936,needs_human_review,application of water and/or dust suppressants such as magnesium chloride.  If there,"a. The applicant shall conform to the dust control plan approved by the TriCounty Health Department. The applicant shall provide dust control at all times by application of water and/or dust suppressants such as magnesium chloride.  If there are any dust complaints received by Duchesne County or TriCounty Health, the mining operations shall cease until the event can be mitigated.",2026-06-11T19:44:31
real_candidate_00220,2023,13,Duchesne,Dust / PM / Gravel,6-7-23.txt,archive/extracted_text/legacy/6-7-23.txt,938,needs_human_review,mining operations shall cease until the event can be mitigated.,"application of water and/or dust suppressants such as magnesium chloride.  If there are any dust complaints received by Duchesne County or TriCounty Health, the mining operations shall cease until the event can be mitigated. b. The applicant shall comply with the following hours of mining operations:  (7:00",2026-06-11T19:44:31
real_candidate_00221,2023,13,Duchesne,Dust / PM / Gravel,6-7-23.txt,archive/extracted_text/legacy/6-7-23.txt,939,needs_human_review,,"are any dust complaints received by Duchesne County or TriCounty Health, the mining operations shall cease until the event can be mitigated. b. The applicant shall comply with the following hours of mining operations:  (7:00 AM to 9:30 PM on weekdays, 8:00 AM to 9:30 PM on Saturdays and 9:00 AM to",2026-06-11T19:44:31
real_candidate_00119,2023,12,Duchesne,Dust / PM / Gravel,10-4-23.txt,archive/extracted_text/legacy/10-4-23.txt,671,needs_human_review,received by Duchesne County.,"9:30 PM on weekdays, 8:00 AM to 9:30 PM on Saturdays and 9:00 AM to 9:30 PM on Sundays and holidays). Mining may occur at all hours, unless complaints are received by Duchesne County. 2. The applicant shall reclaim the property in accordance with the County’s “Material Pit Finishing Standards” and protect the public from any hazardous conditions on the site by",2026-06-11T19:44:25
real_candidate_00120,2023,12,Duchesne,Dust / PM / Gravel,10-4-23.txt,archive/extracted_text/legacy/10-4-23.txt,672,needs_human_review,2. The applicant shall reclaim the property in accordance with the County’s “Material Pit,"on Sundays and holidays). Mining may occur at all hours, unless complaints are received by Duchesne County. 2. The applicant shall reclaim the property in accordance with the County’s “Material Pit Finishing Standards” and protect the public from any hazardous conditions on the site by signage, berming and/or fencing. The applicant shall also follow their reconditioning plan",2026-06-11T19:44:25
real_candidate_00149,2023,11,Unknown,Dust / PM / Gravel,4-05-23.txt,archive/extracted_text/legacy/4-05-23.txt,380,needs_human_review,Applicant Comments: MaƩ Hyita,preferred sand haul routes.  The counƟes prefer that trucks stay on Highway 40 as opposed to using county roads. Applicant Comments: MaƩ Hyita 4. Provided background on Wildcat Sand LLC; described the operaƟon on the Winterton Property as one that removes the wind-deposited sand dunes oﬀ of the property surface with minimal,2026-06-11T19:44:29
real_candidate_00124,2022,12,Unknown,Air Quality / Odor / H2S,11-02-22.txt,archive/extracted_text/legacy/11-02-22.txt,772,needs_human_review,"matter, heat, glare, electromagnetic disturbances and radiation.","on the gate is sufficient to provide direction to guests arriving at the location. E. Nuisances: The mitigation of nuisance factors, such as noise, vibrations, smoke, dust, dirt, odors, gases, noxious matter, heat, glare, electromagnetic disturbances and radiation. Findings:  This business is not anticipated to generate significant amounts of noise. The applicant should instruct guests to respect adjacent property owner’s lands and not create noise problems. The",2026-06-11T19:44:26
real_candidate_00121,2022,11,Unknown,Public Concern / Needs Review,11-02-22.txt,archive/extracted_text/legacy/11-02-22.txt,93,needs_human_review,to the podium to state their concerns one at a time:,"Commissioner Sweat asked if there were any opponents?  There were several.  The following individuals came to the podium to state their concerns one at a time: Kimberly Stevens stated that she is not in opposition to the short-term rental, but is strongly opposed to the",2026-06-11T19:44:26
real_candidate_00122,2022,11,Unknown,Public Concern / Needs Review,11-02-22.txt,archive/extracted_text/legacy/11-02-22.txt,94,needs_human_review,,"Commissioner Sweat asked if there were any opponents?  There were several.  The following individuals came to the podium to state their concerns one at a time: Kimberly Stevens stated that she is not in opposition to the short-term rental, but is strongly opposed to the shooting range that has been an amenity with this short-term rental in the past.   They live above this property on",2026-06-11T19:44:26
real_candidate_00123,2022,11,Unknown,Public Concern / Needs Review,11-02-22.txt,archive/extracted_text/legacy/11-02-22.txt,95,needs_human_review,"Kimberly Stevens stated that she is not in opposition to the short-term rental, but is strongly opposed to the","to the podium to state their concerns one at a time: Kimberly Stevens stated that she is not in opposition to the short-term rental, but is strongly opposed to the shooting range that has been an amenity with this short-term rental in the past.   They live above this property on Tabby Mountain.  She stated there have been 10-15 times when she has been outside with her husband, grandkids",2026-06-11T19:44:26
real_candidate_00022,2022,10,Unknown,Public Concern / Needs Review,00004219.txt,archive/extracted_text/legacy/00004219.txt,54755,needs_human_review,"reservations about a policy that requires or incentivizes these transitions, it is the","through our paperwork and we have not had any complaints from any other students or families or school administrators.” I should note that while I have some reservations about a policy that requires or incentivizes these transitions, it is the policy in place. Day 1 1563 Friday, March 25, 2022",2026-06-11T19:43:40
real_candidate_00023,2022,10,Unknown,Public Concern / Needs Review,00004220.txt,archive/extracted_text/legacy/00004220.txt,7982,needs_human_review,Commission to receive and review,"1. Page 1, Lines 22 through 23: 22 /C0034 {  requires the Alcoholic Beverage Control Commission to receive and review Day 16 261 Wednesday, February 2, 2022 23 complaints regarding the division or the consumer purchasing",2026-06-11T19:43:41
real_candidate_00024,2022,10,Unknown,Public Concern / Needs Review,00004220.txt,archive/extracted_text/legacy/00004220.txt,7983,needs_human_review,"Day 16 261 Wednesday, February 2, 2022","22 /C0034 {  requires the Alcoholic Beverage Control Commission to receive and review Day 16 261 Wednesday, February 2, 2022 23 complaints regarding the division or the consumer purchasing system; and }",2026-06-11T19:43:41
real_candidate_00025,2022,10,Unknown,Public Concern / Needs Review,00004220.txt,archive/extracted_text/legacy/00004220.txt,7984,needs_human_review,23 complaints regarding the division or the consumer purchasing,"Commission to receive and review Day 16 261 Wednesday, February 2, 2022 23 complaints regarding the division or the consumer purchasing system; and } 2. Page 5, Lines 132 through 133:",2026-06-11T19:43:41
real_candidate_00026,2022,10,Unknown,Public Concern / Needs Review,00004220.txt,archive/extracted_text/legacy/00004220.txt,7985,needs_human_review,system; and },"Day 16 261 Wednesday, February 2, 2022 23 complaints regarding the division or the consumer purchasing system; and } 2. Page 5, Lines 132 through 133: 132  {  (e) establish a method by which a person may submit to",2026-06-11T19:43:41
real_candidate_00125,2022,10,Duchesne,Air Quality / Odor / H2S,11-02-22.txt,archive/extracted_text/legacy/11-02-22.txt,773,needs_human_review,Findings:  This business is not anticipated to generate significant amounts of noise. The applicant,"E. Nuisances: The mitigation of nuisance factors, such as noise, vibrations, smoke, dust, dirt, odors, gases, noxious matter, heat, glare, electromagnetic disturbances and radiation. Findings:  This business is not anticipated to generate significant amounts of noise. The applicant should instruct guests to respect adjacent property owner’s lands and not create noise problems. The Duchesne County Nuisance Ordinance allows noise between the hours of 7:00 A.M and 9:30 P.M. on",2026-06-11T19:44:26
real_candidate_00323,2021,13,Unknown,Public Concern / Needs Review,January-6-2021.txt,archive/extracted_text/legacy/January-6-2021.txt,89,needs_human_review,There was some discussion about the easement and narrowing it.,"Mr. Hyde asked if there were any questions of the staff report. There was some discussion about the easement and narrowing it. Troy Gadd, co-applicant and property owner stated there was not a need for the 60 foot",2026-06-11T19:44:45
real_candidate_00324,2021,13,Unknown,Public Concern / Needs Review,January-6-2021.txt,archive/extracted_text/legacy/January-6-2021.txt,90,needs_human_review,,"There was some discussion about the easement and narrowing it. Troy Gadd, co-applicant and property owner stated there was not a need for the 60 foot easement so Mr. Gadd and Mr. Foote requested the utility companies and Kinder",2026-06-11T19:44:45
real_candidate_00325,2021,13,Unknown,Public Concern / Needs Review,January-6-2021.txt,archive/extracted_text/legacy/January-6-2021.txt,91,needs_human_review,"Troy Gadd, co-applicant and property owner stated there was not a need for the 60 foot","There was some discussion about the easement and narrowing it. Troy Gadd, co-applicant and property owner stated there was not a need for the 60 foot easement so Mr. Gadd and Mr. Foote requested the utility companies and Kinder Morgan to reduce it to 40 feet, so the easement would be 20 feet on each side. Mr.",2026-06-11T19:44:45
real_candidate_00326,2021,13,Unknown,Public Concern / Needs Review,January-6-2021.txt,archive/extracted_text/legacy/January-6-2021.txt,92,needs_human_review,easement so Mr. Gadd and Mr. Foote requested the utility companies and Kinder,"Troy Gadd, co-applicant and property owner stated there was not a need for the 60 foot easement so Mr. Gadd and Mr. Foote requested the utility companies and Kinder Morgan to reduce it to 40 feet, so the easement would be 20 feet on each side. Mr. Gadd thanked Mr. Hyde for his efforts during this process.",2026-06-11T19:44:45
real_candidate_00327,2021,13,Unknown,Public Concern / Needs Review,January-6-2021.txt,archive/extracted_text/legacy/January-6-2021.txt,93,needs_human_review,"Morgan to reduce it to 40 feet, so the easement would be 20 feet on each side. Mr.","Troy Gadd, co-applicant and property owner stated there was not a need for the 60 foot easement so Mr. Gadd and Mr. Foote requested the utility companies and Kinder Morgan to reduce it to 40 feet, so the easement would be 20 feet on each side. Mr. Gadd thanked Mr. Hyde for his efforts during this process. 3",2026-06-11T19:44:45
real_candidate_00358,2021,13,Duchesne,Dust / PM / Gravel,Trail-Priority-Status-June-2021.txt,archive/extracted_text/legacy/Trail-Priority-Status-June-2021.txt,45,needs_human_review,1 MTB-129 Big Sand Wash Mountain Biking Trail 10 Many members of the public in support of the trail. Several neighboring landowners in opposition,Duchesne County Trail Priorities Summary 06-09-2021 TRAIL NUMBER TRAIL NAME SCORE COMMENTS 1 MTB-129 Big Sand Wash Mountain Biking Trail 10 Many members of the public in support of the trail. Several neighboring landowners in opposition 2 TH-101/TH-102 Yellowstone and North Fork Duchesne Snowmobile Trailheads 13 Adjacent landowners in support to keep snowmobile parking away from driveways. Would be on Forest land. 3 OHV-110 Badlands ATV Trail Connections 9 1 Property owner opposed to allowing traffic on the public road through his property,2026-06-11T19:44:49
real_candidate_00359,2021,13,Duchesne,Dust / PM / Gravel,Trail-Priority-Status-June-2021.txt,archive/extracted_text/legacy/Trail-Priority-Status-June-2021.txt,46,needs_human_review,2 TH-101/TH-102 Yellowstone and North Fork Duchesne Snowmobile Trailheads 13 Adjacent landowners in support to keep snowmobile parking away from driveways. Would be on Forest land.,"TRAIL NUMBER TRAIL NAME SCORE COMMENTS 1 MTB-129 Big Sand Wash Mountain Biking Trail 10 Many members of the public in support of the trail. Several neighboring landowners in opposition 2 TH-101/TH-102 Yellowstone and North Fork Duchesne Snowmobile Trailheads 13 Adjacent landowners in support to keep snowmobile parking away from driveways. Would be on Forest land. 3 OHV-110 Badlands ATV Trail Connections 9 1 Property owner opposed to allowing traffic on the public road through his property 4 MTB-133 Starvation Mountain Biking Loop 14 Mostly on State park and they want it. The tribal section would require more coordination, but their rec department was in favor.",2026-06-11T19:44:49
real_candidate_00360,2021,13,Duchesne,Dust / PM / Gravel,Trail-Priority-Status-June-2021.txt,archive/extracted_text/legacy/Trail-Priority-Status-June-2021.txt,47,needs_human_review,3 OHV-110 Badlands ATV Trail Connections 9 1 Property owner opposed to allowing traffic on the public road through his property,"1 MTB-129 Big Sand Wash Mountain Biking Trail 10 Many members of the public in support of the trail. Several neighboring landowners in opposition 2 TH-101/TH-102 Yellowstone and North Fork Duchesne Snowmobile Trailheads 13 Adjacent landowners in support to keep snowmobile parking away from driveways. Would be on Forest land. 3 OHV-110 Badlands ATV Trail Connections 9 1 Property owner opposed to allowing traffic on the public road through his property 4 MTB-133 Starvation Mountain Biking Loop 14 Mostly on State park and they want it. The tribal section would require more coordination, but their rec department was in favor. 5 EQ-101 Grandview Trailhead Equestrian Connector 16 Keeps horse trailers from having to travel up the TH road and would be a safety improvement. All on USFS property.",2026-06-11T19:44:49
real_candidate_00361,2021,13,Duchesne,Traffic / Haul Route,Trail-Priority-Status-June-2021.txt,archive/extracted_text/legacy/Trail-Priority-Status-June-2021.txt,48,needs_human_review,"4 MTB-133 Starvation Mountain Biking Loop 14 Mostly on State park and they want it. The tribal section would require more coordination, but their rec department was in favor.","2 TH-101/TH-102 Yellowstone and North Fork Duchesne Snowmobile Trailheads 13 Adjacent landowners in support to keep snowmobile parking away from driveways. Would be on Forest land. 3 OHV-110 Badlands ATV Trail Connections 9 1 Property owner opposed to allowing traffic on the public road through his property 4 MTB-133 Starvation Mountain Biking Loop 14 Mostly on State park and they want it. The tribal section would require more coordination, but their rec department was in favor. 5 EQ-101 Grandview Trailhead Equestrian Connector 16 Keeps horse trailers from having to travel up the TH road and would be a safety improvement. All on USFS property. 6 DTBK-103/EQ-105, PTH-124 Quitchampau Canyon Motorized Single Track Loop 15 All on public land, but crosses multiple agencies including USFS, BLM, and SITLA",2026-06-11T19:44:49
real_candidate_00362,2021,13,Uintah,Traffic / Haul Route,Trail-Priority-Status-June-2021.txt,archive/extracted_text/legacy/Trail-Priority-Status-June-2021.txt,49,needs_human_review,5 EQ-101 Grandview Trailhead Equestrian Connector 16 Keeps horse trailers from having to travel up the TH road and would be a safety improvement. All on USFS property.,"3 OHV-110 Badlands ATV Trail Connections 9 1 Property owner opposed to allowing traffic on the public road through his property 4 MTB-133 Starvation Mountain Biking Loop 14 Mostly on State park and they want it. The tribal section would require more coordination, but their rec department was in favor. 5 EQ-101 Grandview Trailhead Equestrian Connector 16 Keeps horse trailers from having to travel up the TH road and would be a safety improvement. All on USFS property. 6 DTBK-103/EQ-105, PTH-124 Quitchampau Canyon Motorized Single Track Loop 15 All on public land, but crosses multiple agencies including USFS, BLM, and SITLA 7 DTBK-101/DTBK-104 South Slope Uintah Mountains Motorized Single Track Trail 16 All on USFS land. The forest said that the section from Pole Mountain to Pole Creek would be easy to designate if it were pursued. Other sections will require more coordination and",2026-06-11T19:44:49
real_candidate_00257,2020,18,Unknown,Public Concern / Needs Review,August-5-2020.txt,archive/extracted_text/legacy/August-5-2020.txt,201,needs_human_review,request.,"Chairman Wells invited anyone in the audience to speak in favor of the applicant’s request. Colleen Butterfield, an adjoining property owner stated she is ok with the applicant’s",2026-06-11T19:44:33
real_candidate_00258,2020,18,Unknown,Public Concern / Needs Review,August-5-2020.txt,archive/extracted_text/legacy/August-5-2020.txt,202,needs_human_review,,"Chairman Wells invited anyone in the audience to speak in favor of the applicant’s request. Colleen Butterfield, an adjoining property owner stated she is ok with the applicant’s request.",2026-06-11T19:44:33
real_candidate_00259,2020,18,Unknown,Public Concern / Needs Review,August-5-2020.txt,archive/extracted_text/legacy/August-5-2020.txt,203,needs_human_review,"Colleen Butterfield, an adjoining property owner stated she is ok with the applicant’s","request. Colleen Butterfield, an adjoining property owner stated she is ok with the applicant’s request.",2026-06-11T19:44:33
real_candidate_00260,2020,18,Unknown,Public Concern / Needs Review,August-5-2020.txt,archive/extracted_text/legacy/August-5-2020.txt,204,needs_human_review,request.,"Colleen Butterfield, an adjoining property owner stated she is ok with the applicant’s request. Robert Hamlet, stated he works on and off with Mr. Taylor and was in support of his",2026-06-11T19:44:33
real_candidate_00261,2020,18,Unknown,Public Concern / Needs Review,August-5-2020.txt,archive/extracted_text/legacy/August-5-2020.txt,205,needs_human_review,,"Colleen Butterfield, an adjoining property owner stated she is ok with the applicant’s request. Robert Hamlet, stated he works on and off with Mr. Taylor and was in support of his request.",2026-06-11T19:44:33
real_candidate_00344,2020,18,Unknown,Public Concern / Needs Review,July-1-2020.txt,archive/extracted_text/legacy/July-1-2020.txt,145,needs_human_review,"Thomas Dickson, an adjoining property owner, stated he was not opposed to the","applicant’s request. Thomas Dickson, an adjoining property owner, stated he was not opposed to the applicant’s request but is concerned about the vertical cliff on the east side of the road, the falling rocks, the potential heavy snow that area receives most winters and the",2026-06-11T19:44:46
real_candidate_00345,2020,18,Unknown,Public Concern / Needs Review,July-1-2020.txt,archive/extracted_text/legacy/July-1-2020.txt,146,needs_human_review,"applicant’s request but is concerned about the vertical cliff on the east side of the road,","Thomas Dickson, an adjoining property owner, stated he was not opposed to the applicant’s request but is concerned about the vertical cliff on the east side of the road, the falling rocks, the potential heavy snow that area receives most winters and the damage that could cause to the applicant’s structures.",2026-06-11T19:44:46
real_candidate_00346,2020,18,Unknown,Public Concern / Needs Review,July-1-2020.txt,archive/extracted_text/legacy/July-1-2020.txt,147,needs_human_review,"the falling rocks, the potential heavy snow that area receives most winters and the","Thomas Dickson, an adjoining property owner, stated he was not opposed to the applicant’s request but is concerned about the vertical cliff on the east side of the road, the falling rocks, the potential heavy snow that area receives most winters and the damage that could cause to the applicant’s structures.",2026-06-11T19:44:46
real_candidate_00333,2020,15,Unknown,Public Concern / Needs Review,January-8-2020.txt,archive/extracted_text/legacy/January-8-2020.txt,231,needs_human_review,"Cathy Patry, an adjoining property owner, stated she had some concerns at first. After","request. Anyone in opposition was invited to speak. Cathy Patry, an adjoining property owner, stated she had some concerns at first. After reading the staff report and listening to Mr. VanAusdal and his plans for the future, knowing the junk needs to be contained and fenced or bermed she is ok with the",2026-06-11T19:44:45
real_candidate_00334,2020,15,Unknown,Public Concern / Needs Review,January-8-2020.txt,archive/extracted_text/legacy/January-8-2020.txt,232,needs_human_review,"reading the staff report and listening to Mr. VanAusdal and his plans for the future,","Cathy Patry, an adjoining property owner, stated she had some concerns at first. After reading the staff report and listening to Mr. VanAusdal and his plans for the future, knowing the junk needs to be contained and fenced or bermed she is ok with the conditions and approving the permit.",2026-06-11T19:44:45
real_candidate_00335,2020,15,Unknown,Public Concern / Needs Review,January-8-2020.txt,archive/extracted_text/legacy/January-8-2020.txt,233,needs_human_review,knowing the junk needs to be contained and fenced or bermed she is ok with the,"Cathy Patry, an adjoining property owner, stated she had some concerns at first. After reading the staff report and listening to Mr. VanAusdal and his plans for the future, knowing the junk needs to be contained and fenced or bermed she is ok with the conditions and approving the permit.",2026-06-11T19:44:45
real_candidate_00329,2020,14,Duchesne,Public Concern / Needs Review,January-8-2020.txt,archive/extracted_text/legacy/January-8-2020.txt,43,needs_human_review,"Mr. Hyde referred the commission to their packets, some site photos of the applicant’s","junk yard for personal use at 5028 W 940 South in the Roosevelt area. Mr. Hyde referred the commission to their packets, some site photos of the applicant’s property and a timeline from the fall of 2001 to the present time of various complaints and enforcement actions. Mr. Hyde stated the applicant is proposing to maintain a junk yard at",2026-06-11T19:44:45
real_candidate_00330,2020,14,Unknown,Public Concern / Needs Review,January-8-2020.txt,archive/extracted_text/legacy/January-8-2020.txt,44,needs_human_review,property and a timeline from the fall of 2001 to the present time of various complaints and,"Mr. Hyde referred the commission to their packets, some site photos of the applicant’s property and a timeline from the fall of 2001 to the present time of various complaints and enforcement actions. Mr. Hyde stated the applicant is proposing to maintain a junk yard at the subject location, which is zoned Agricultural (A-5).  Junk yards are permitted in the A-5",2026-06-11T19:44:45
real_candidate_00331,2020,14,Unknown,Public Concern / Needs Review,January-8-2020.txt,archive/extracted_text/legacy/January-8-2020.txt,45,needs_human_review,enforcement actions. Mr. Hyde stated the applicant is proposing to maintain a junk yard at,"Mr. Hyde referred the commission to their packets, some site photos of the applicant’s property and a timeline from the fall of 2001 to the present time of various complaints and enforcement actions. Mr. Hyde stated the applicant is proposing to maintain a junk yard at the subject location, which is zoned Agricultural (A-5).  Junk yards are permitted in the A-5 zone as a conditional use.",2026-06-11T19:44:45
real_candidate_00332,2020,14,Unknown,Public Concern / Needs Review,January-8-2020.txt,archive/extracted_text/legacy/January-8-2020.txt,46,needs_human_review,"the subject location, which is zoned Agricultural (A-5).  Junk yards are permitted in the A-5","property and a timeline from the fall of 2001 to the present time of various complaints and enforcement actions. Mr. Hyde stated the applicant is proposing to maintain a junk yard at the subject location, which is zoned Agricultural (A-5).  Junk yards are permitted in the A-5 zone as a conditional use.",2026-06-11T19:44:45
real_candidate_00336,2020,13,Unknown,Public Concern / Needs Review,July-1-2020.txt,archive/extracted_text/legacy/July-1-2020.txt,76,needs_human_review,Mr. Hyde stated the regulation of the building locations is important to protect public,"5. Directing and managing, through the establishment of use districts, the type, distribution and intensity of activity. Mr. Hyde stated the regulation of the building locations is important to protect public health, safety and general welfare.  In this case, the subject buildings are carports and storage buildings, as opposed to dwelling units, which poses less of a risk.  However,",2026-06-11T19:44:46
real_candidate_00337,2020,13,Unknown,Public Concern / Needs Review,July-1-2020.txt,archive/extracted_text/legacy/July-1-2020.txt,77,needs_human_review,"health, safety and general welfare.  In this case, the subject buildings are carports and","type, distribution and intensity of activity. Mr. Hyde stated the regulation of the building locations is important to protect public health, safety and general welfare.  In this case, the subject buildings are carports and storage buildings, as opposed to dwelling units, which poses less of a risk.  However, placement of such structures too close to public roadways poses risk associated with",2026-06-11T19:44:46
real_candidate_00338,2020,13,Unknown,Public Concern / Needs Review,July-1-2020.txt,archive/extracted_text/legacy/July-1-2020.txt,78,needs_human_review,"storage buildings, as opposed to dwelling units, which poses less of a risk.  However,","Mr. Hyde stated the regulation of the building locations is important to protect public health, safety and general welfare.  In this case, the subject buildings are carports and storage buildings, as opposed to dwelling units, which poses less of a risk.  However, placement of such structures too close to public roadways poses risk associated with snow plowing and lack of a clear zone should a vehicle leave the roadway.",2026-06-11T19:44:46
real_candidate_00339,2020,13,Unknown,Public Concern / Needs Review,July-1-2020.txt,archive/extracted_text/legacy/July-1-2020.txt,79,needs_human_review,placement of such structures too close to public roadways poses risk associated with,"health, safety and general welfare.  In this case, the subject buildings are carports and storage buildings, as opposed to dwelling units, which poses less of a risk.  However, placement of such structures too close to public roadways poses risk associated with snow plowing and lack of a clear zone should a vehicle leave the roadway.",2026-06-11T19:44:46
real_candidate_00340,2020,13,Unknown,Public Concern / Needs Review,July-1-2020.txt,archive/extracted_text/legacy/July-1-2020.txt,80,needs_human_review,snow plowing and lack of a clear zone should a vehicle leave the roadway.,"storage buildings, as opposed to dwelling units, which poses less of a risk.  However, placement of such structures too close to public roadways poses risk associated with snow plowing and lack of a clear zone should a vehicle leave the roadway. A. There are special circumstances attached to the property that do not generally apply",2026-06-11T19:44:46
real_candidate_00341,2020,13,Unknown,Public Concern / Needs Review,July-1-2020.txt,archive/extracted_text/legacy/July-1-2020.txt,129,needs_human_review,"Behrad Noudoost, the applicant and property owner stated he didn’t know he needed a","none so the applicant was invited to speak. Behrad Noudoost, the applicant and property owner stated he didn’t know he needed a 4 building permit, he thought it could be a continuation of the fence line. After receiving a",2026-06-11T19:44:46
real_candidate_00342,2020,13,Duchesne,Public Concern / Needs Review,July-1-2020.txt,archive/extracted_text/legacy/July-1-2020.txt,130,needs_human_review,4,"Behrad Noudoost, the applicant and property owner stated he didn’t know he needed a 4 building permit, he thought it could be a continuation of the fence line. After receiving a letter from Duchesne County he had no problem applying for a variance. Mr. Noudoost",2026-06-11T19:44:46
real_candidate_00343,2020,13,Duchesne,Public Concern / Needs Review,July-1-2020.txt,archive/extracted_text/legacy/July-1-2020.txt,131,needs_human_review,"building permit, he thought it could be a continuation of the fence line. After receiving a","Behrad Noudoost, the applicant and property owner stated he didn’t know he needed a 4 building permit, he thought it could be a continuation of the fence line. After receiving a letter from Duchesne County he had no problem applying for a variance. Mr. Noudoost stated he is also ok with the conditions for approval recommended by Mr. Hyde.",2026-06-11T19:44:46
real_candidate_00351,2020,11,Unknown,Traffic / Haul Route,November-4-2020.txt,archive/extracted_text/legacy/November-4-2020.txt,227,needs_human_review,a surveyor.  Any waiver of these standards approved by adjoining property owners shall,"and the property lines and a 660-foot buffer between excavation areas and existing homes.  If the parties are unsure of property line locations, they shall be determined by a surveyor.  Any waiver of these standards approved by adjoining property owners shall be provided to the County in writing. 5. No heavy truck traffic associated with this use shall be permitted on 2000 South or",2026-06-11T19:44:47
real_candidate_00352,2020,11,Unknown,Traffic / Haul Route,November-4-2020.txt,archive/extracted_text/legacy/November-4-2020.txt,228,needs_human_review,be provided to the County in writing.,"homes.  If the parties are unsure of property line locations, they shall be determined by a surveyor.  Any waiver of these standards approved by adjoining property owners shall be provided to the County in writing. 5. No heavy truck traffic associated with this use shall be permitted on 2000 South or 4000 West.  Instead, heavy truck traffic shall use Ioka Lane and 7000 West for ingress",2026-06-11T19:44:47
real_candidate_00353,2020,11,Unknown,Traffic / Haul Route,November-4-2020.txt,archive/extracted_text/legacy/November-4-2020.txt,229,needs_human_review,5. No heavy truck traffic associated with this use shall be permitted on 2000 South or,"a surveyor.  Any waiver of these standards approved by adjoining property owners shall be provided to the County in writing. 5. No heavy truck traffic associated with this use shall be permitted on 2000 South or 4000 West.  Instead, heavy truck traffic shall use Ioka Lane and 7000 West for ingress and egress from the mining site to Highway 40.",2026-06-11T19:44:47
real_candidate_00004,2020,10,Unknown,Public Concern / Needs Review,00003553.txt,archive/extracted_text/legacy/00003553.txt,20487,needs_human_review,"Rep. E. Hutchings, Sen. D. Thatcher","Sen. C. Bramble H.B. 311 Controlled Substance Enhancement Amendments Rep. E. Hutchings, Sen. D. Thatcher Day 36 641 Tuesday, March 3, 2020 H.B. 366 Utah Alternative Dispute Process for ADA Complaints",2026-06-11T19:43:26
real_candidate_00005,2020,10,Unknown,Public Concern / Needs Review,00003553.txt,archive/extracted_text/legacy/00003553.txt,20488,needs_human_review,"Day 36 641 Tuesday, March 3, 2020","H.B. 311 Controlled Substance Enhancement Amendments Rep. E. Hutchings, Sen. D. Thatcher Day 36 641 Tuesday, March 3, 2020 H.B. 366 Utah Alternative Dispute Process for ADA Complaints Act  Rep. N. Thurston, Sen. T. Weiler",2026-06-11T19:43:26
real_candidate_00006,2020,10,Unknown,Public Concern / Needs Review,00003553.txt,archive/extracted_text/legacy/00003553.txt,20489,needs_human_review,H.B. 366 Utah Alternative Dispute Process for ADA Complaints,"Rep. E. Hutchings, Sen. D. Thatcher Day 36 641 Tuesday, March 3, 2020 H.B. 366 Utah Alternative Dispute Process for ADA Complaints Act  Rep. N. Thurston, Sen. T. Weiler NATURAL RESOURCES, AGRICULTURE, AND ENVIRONMENT",2026-06-11T19:43:26
real_candidate_00007,2020,10,Unknown,Public Concern / Needs Review,00003553.txt,archive/extracted_text/legacy/00003553.txt,20490,needs_human_review,"Act  Rep. N. Thurston, Sen. T. Weiler","Day 36 641 Tuesday, March 3, 2020 H.B. 366 Utah Alternative Dispute Process for ADA Complaints Act  Rep. N. Thurston, Sen. T. Weiler NATURAL RESOURCES, AGRICULTURE, AND ENVIRONMENT COMMITTEE",2026-06-11T19:43:26
real_candidate_00008,2020,10,Unknown,Public Concern / Needs Review,00003553.txt,archive/extracted_text/legacy/00003553.txt,23648,needs_human_review,"PROCESS FOR ADA COMPLAINTS ACT, by Representative N. K. Thurston.","The Judiciary, Law Enforcement, and Criminal Justice Committee reports a favorable recommendation on H.B. 366 , UTAH ALTERNATIVE DISPUTE PROCESS FOR ADA COMPLAINTS ACT, by Representative N. K. Thurston. Todd Weiler, Chair Mr. President: March 5, 2020",2026-06-11T19:43:26
real_candidate_00009,2020,10,Unknown,Public Concern / Needs Review,00003553.txt,archive/extracted_text/legacy/00003553.txt,23649,needs_human_review,"Todd Weiler, Chair","favorable recommendation on H.B. 366 , UTAH ALTERNATIVE DISPUTE PROCESS FOR ADA COMPLAINTS ACT, by Representative N. K. Thurston. Todd Weiler, Chair Mr. President: March 5, 2020 The Natural Resources, Agriculture, and Environment Committee reports a",2026-06-11T19:43:26
real_candidate_00010,2020,10,Unknown,Public Concern / Needs Review,00003553.txt,archive/extracted_text/legacy/00003553.txt,23650,needs_human_review,"Mr. President: March 5, 2020","PROCESS FOR ADA COMPLAINTS ACT, by Representative N. K. Thurston. Todd Weiler, Chair Mr. President: March 5, 2020 The Natural Resources, Agriculture, and Environment Committee reports a favorable recommendation on S.B. 239 , REFINERY SALES TAX",2026-06-11T19:43:26
real_candidate_00011,2020,10,Unknown,Public Concern / Needs Review,00003554.txt,archive/extracted_text/legacy/00003554.txt,21364,needs_human_review,"UTAH ALTERNATIVE DISPUTE PROCESS FOR ADA COMPLAINTS ACT,","recommends 1st Sub. H.B. 158, DA TA PRIV ACY AMENDMENTS; and The Judiciary Committee reports a favorable recommendation on H.B. 366, UTAH ALTERNATIVE DISPUTE PROCESS FOR ADA COMPLAINTS ACT, by Representative N. K. Thurston; and Day 32 637 Friday, February 28, 2020",2026-06-11T19:43:27
real_candidate_00012,2020,10,Unknown,Public Concern / Needs Review,00003554.txt,archive/extracted_text/legacy/00003554.txt,21365,needs_human_review,by Representative N. K. Thurston; and,"The Judiciary Committee reports a favorable recommendation on H.B. 366, UTAH ALTERNATIVE DISPUTE PROCESS FOR ADA COMPLAINTS ACT, by Representative N. K. Thurston; and Day 32 637 Friday, February 28, 2020 The Judiciary Committee reports a favorable recommendation on S.B. 34,",2026-06-11T19:43:27
real_candidate_00013,2020,10,Unknown,Public Concern / Needs Review,00003554.txt,archive/extracted_text/legacy/00003554.txt,21366,needs_human_review,"Day 32 637 Friday, February 28, 2020","UTAH ALTERNATIVE DISPUTE PROCESS FOR ADA COMPLAINTS ACT, by Representative N. K. Thurston; and Day 32 637 Friday, February 28, 2020 The Judiciary Committee reports a favorable recommendation on S.B. 34, SEX OFFENDER REGISTRY AMENDMENTS, by Senator T. Weiler, with the",2026-06-11T19:43:27
real_candidate_00014,2020,10,Unknown,Public Concern / Needs Review,00003554.txt,archive/extracted_text/legacy/00003554.txt,36708,needs_human_review,"FOR ADA COMPLAINTS ACT, by Representative N. Thurston, which has been","and it is transmitted for the signature of the Speaker; and The Senate passed, H.B. 366, UTAH ALTERNATIVE DISPUTE PROCESS FOR ADA COMPLAINTS ACT, by Representative N. Thurston, which has been signed by the President and it is transmitted for the signature of the Speaker; and Day 45 1079 Thursday, March 12, 2020",2026-06-11T19:43:28
real_candidate_00015,2020,10,Unknown,Public Concern / Needs Review,00003554.txt,archive/extracted_text/legacy/00003554.txt,36709,needs_human_review,signed by the President and it is transmitted for the signature of the Speaker; and,"The Senate passed, H.B. 366, UTAH ALTERNATIVE DISPUTE PROCESS FOR ADA COMPLAINTS ACT, by Representative N. Thurston, which has been signed by the President and it is transmitted for the signature of the Speaker; and Day 45 1079 Thursday, March 12, 2020 The President of the Senate has signed 1st Sub. H.B. 436 , HEALTH AND",2026-06-11T19:43:28
real_candidate_00016,2020,10,Unknown,Public Concern / Needs Review,00003554.txt,archive/extracted_text/legacy/00003554.txt,36710,needs_human_review,"Day 45 1079 Thursday, March 12, 2020","FOR ADA COMPLAINTS ACT, by Representative N. Thurston, which has been signed by the President and it is transmitted for the signature of the Speaker; and Day 45 1079 Thursday, March 12, 2020 The President of the Senate has signed 1st Sub. H.B. 436 , HEALTH AND HUMAN SERVICES AMENDMENTS, by Representative J. Dunnigan, and it is",2026-06-11T19:43:28
real_candidate_00017,2020,10,Unknown,Public Concern / Needs Review,00003554.txt,archive/extracted_text/legacy/00003554.txt,48101,needs_human_review,Effective Date:  5/12/2020,HB 365 Child Abuse and Endangerment Amendments C. Watkins Governor Signed on 3/24/2020 Effective Date:  5/12/2020 HB 366 Utah Alternative Dispute Process for ADA Complaints Act N. Thurston,2026-06-11T19:43:28
real_candidate_00018,2020,10,Unknown,Public Concern / Needs Review,00003554.txt,archive/extracted_text/legacy/00003554.txt,48102,needs_human_review,HB 366 Utah Alternative Dispute Process for ADA,Governor Signed on 3/24/2020 Effective Date:  5/12/2020 HB 366 Utah Alternative Dispute Process for ADA Complaints Act N. Thurston Governor Signed on 3/24/2020,2026-06-11T19:43:28
real_candidate_00019,2020,10,Unknown,Public Concern / Needs Review,00003554.txt,archive/extracted_text/legacy/00003554.txt,48103,needs_human_review,Complaints Act N. Thurston,Effective Date:  5/12/2020 HB 366 Utah Alternative Dispute Process for ADA Complaints Act N. Thurston Governor Signed on 3/24/2020 Effective Date:  5/12/2020,2026-06-11T19:43:28
real_candidate_00020,2020,10,Unknown,Public Concern / Needs Review,00003554.txt,archive/extracted_text/legacy/00003554.txt,48104,needs_human_review,Governor Signed on 3/24/2020,HB 366 Utah Alternative Dispute Process for ADA Complaints Act N. Thurston Governor Signed on 3/24/2020 Effective Date:  5/12/2020 HB 367 Criminal Nonsupport Amendments K. Lisonbee,2026-06-11T19:43:28
real_candidate_00021,2020,10,Unknown,Public Concern / Needs Review,00003554.txt,archive/extracted_text/legacy/00003554.txt,48105,needs_human_review,Effective Date:  5/12/2020,Complaints Act N. Thurston Governor Signed on 3/24/2020 Effective Date:  5/12/2020 HB 367 Criminal Nonsupport Amendments K. Lisonbee Governor Signed on 3/28/2020,2026-06-11T19:43:28
real_candidate_00328,2020,10,Duchesne,Public Concern / Needs Review,January-8-2020.txt,archive/extracted_text/legacy/January-8-2020.txt,42,needs_human_review,,"A. Request by Jefferie VanAusdal for a Conditional Use Permit to maintain a junk yard for personal use at 5028 W 940 South in the Roosevelt area. Mr. Hyde referred the commission to their packets, some site photos of the applicant’s property and a timeline from the fall of 2001 to the present time of various complaints and",2026-06-11T19:44:45
real_candidate_00100,2019,19,Unknown,Dust / PM / Gravel,10-02-19.txt,archive/extracted_text/legacy/10-02-19.txt,199,needs_human_review,,"by the Community Development Director, unless noise complaints are received. 2. The Owners or their authorized agents shall reclaim the property in accordance with the county’s “Material Pit Finishing Standards” and protect the public from any",2026-06-11T19:44:25
real_candidate_00103,2019,18,Unknown,Public Concern / Needs Review,10-02-19.txt,archive/extracted_text/legacy/10-02-19.txt,242,needs_human_review,complaints are received.,"they are isolated. Mr. Hyde stated that crushing would be limited to the hours stated in condition 1 (b) but that other operations would be permitted beyond these hours if no complaints are received. Mr. Hyde stated he received an email from Ben Henderson, the Public Works Director",2026-06-11T19:44:25
real_candidate_00104,2019,18,Unknown,Public Concern / Needs Review,10-02-19.txt,archive/extracted_text/legacy/10-02-19.txt,243,needs_human_review,,"condition 1 (b) but that other operations would be permitted beyond these hours if no complaints are received. Mr. Hyde stated he received an email from Ben Henderson, the Public Works Director that stated they will not allow use of 4000 South as an access. Instead they must use",2026-06-11T19:44:25
real_candidate_00105,2019,18,Unknown,Public Concern / Needs Review,10-02-19.txt,archive/extracted_text/legacy/10-02-19.txt,244,needs_human_review,"Mr. Hyde stated he received an email from Ben Henderson, the Public Works Director","complaints are received. Mr. Hyde stated he received an email from Ben Henderson, the Public Works Director that stated they will not allow use of 4000 South as an access. Instead they must use 9000 west going north to the Ioka Lane.",2026-06-11T19:44:25
real_candidate_00097,2019,15,Unknown,Dust / PM / Gravel,10-02-19.txt,archive/extracted_text/legacy/10-02-19.txt,196,needs_human_review,Operations other than crushing may occur beyond those hours if approved,"crusher operation:  (7:00 AM to 9:30 PM on weekdays, 8:00 AM to 9:30 PM on Saturdays and 9:00 AM to 9:30 PM on Sundays and holidays). Operations other than crushing may occur beyond those hours if approved by the Community Development Director, unless noise complaints are received.",2026-06-11T19:44:25
real_candidate_00098,2019,15,Unknown,Noise / Vibration,10-02-19.txt,archive/extracted_text/legacy/10-02-19.txt,197,needs_human_review,"by the Community Development Director, unless noise complaints are","on Saturdays and 9:00 AM to 9:30 PM on Sundays and holidays). Operations other than crushing may occur beyond those hours if approved by the Community Development Director, unless noise complaints are received.",2026-06-11T19:44:25
real_candidate_00099,2019,15,Unknown,Noise / Vibration,10-02-19.txt,archive/extracted_text/legacy/10-02-19.txt,198,needs_human_review,received.,"Operations other than crushing may occur beyond those hours if approved by the Community Development Director, unless noise complaints are received. 2. The Owners or their authorized agents shall reclaim the property in accordance with",2026-06-11T19:44:25
real_candidate_00101,2019,14,Unknown,Public Concern / Needs Review,10-02-19.txt,archive/extracted_text/legacy/10-02-19.txt,240,needs_human_review,they are isolated. Mr. Hyde stated that crushing would be limited to the hours stated in,Commissioner Wells asked Mr. Hyde if they would be able to run 24 hours a day since they are isolated. Mr. Hyde stated that crushing would be limited to the hours stated in condition 1 (b) but that other operations would be permitted beyond these hours if no complaints are received.,2026-06-11T19:44:25
real_candidate_00102,2019,14,Unknown,Public Concern / Needs Review,10-02-19.txt,archive/extracted_text/legacy/10-02-19.txt,241,needs_human_review,condition 1 (b) but that other operations would be permitted beyond these hours if no,Commissioner Wells asked Mr. Hyde if they would be able to run 24 hours a day since they are isolated. Mr. Hyde stated that crushing would be limited to the hours stated in condition 1 (b) but that other operations would be permitted beyond these hours if no complaints are received.,2026-06-11T19:44:25
real_candidate_00096,2019,13,Unknown,Dust / PM / Gravel,10-02-19.txt,archive/extracted_text/legacy/10-02-19.txt,195,needs_human_review,on Saturdays and 9:00 AM to 9:30 PM on Sundays and holidays).,"b. Owners and their authorized agents shall comply with the following hours of crusher operation:  (7:00 AM to 9:30 PM on weekdays, 8:00 AM to 9:30 PM on Saturdays and 9:00 AM to 9:30 PM on Sundays and holidays). Operations other than crushing may occur beyond those hours if approved by the Community Development Director, unless noise complaints are",2026-06-11T19:44:25
real_candidate_00106,2019,10,Unknown,Air Quality / Odor / H2S,10-02-19.txt,archive/extracted_text/legacy/10-02-19.txt,252,needs_human_review,help during this process and stated Jim Taylor is the property owner and he has waived,"Justin Robb, applicant and owner/operator of CKC Asphalt, thanked Mr. Hyde for his help during this process and stated Jim Taylor is the property owner and he has waived the bonding requirements. They are working with TriCounty Health for the dust control plan and the DEQ for the portable crusher and air quality permits.",2026-06-11T19:44:25
real_candidate_00107,2019,10,Unknown,Air Quality / Odor / H2S,10-02-19.txt,archive/extracted_text/legacy/10-02-19.txt,253,needs_human_review,the bonding requirements. They are working with TriCounty Health for the dust control,"Justin Robb, applicant and owner/operator of CKC Asphalt, thanked Mr. Hyde for his help during this process and stated Jim Taylor is the property owner and he has waived the bonding requirements. They are working with TriCounty Health for the dust control plan and the DEQ for the portable crusher and air quality permits.",2026-06-11T19:44:25
real_candidate_00108,2019,10,Unknown,Air Quality / Odor / H2S,10-02-19.txt,archive/extracted_text/legacy/10-02-19.txt,254,needs_human_review,plan and the DEQ for the portable crusher and air quality permits.,help during this process and stated Jim Taylor is the property owner and he has waived the bonding requirements. They are working with TriCounty Health for the dust control plan and the DEQ for the portable crusher and air quality permits. Mr. Robb stated they have met with the Ute Tribe about the access issues and are,2026-06-11T19:44:25
real_candidate_00060,2018,20,Unknown,Dust / PM / Gravel,04-04-18.txt,archive/extracted_text/legacy/04-04-18.txt,230,needs_human_review,6,"opposition of the applicant’s request to speak. 6 Roger Clayburn, an adjoining property owner, stated he was not opposed to the gravel pit, but he is concerned about the noise and dust. They already have the Burdick pit",2026-06-11T19:44:23
real_candidate_00061,2018,20,Unknown,Dust / PM / Gravel,04-04-18.txt,archive/extracted_text/legacy/04-04-18.txt,231,needs_human_review,"Roger Clayburn, an adjoining property owner, stated he was not opposed to the gravel","6 Roger Clayburn, an adjoining property owner, stated he was not opposed to the gravel pit, but he is concerned about the noise and dust. They already have the Burdick pit next door and there is always dust on the alfalfa that effects the farming season, along",2026-06-11T19:44:23
real_candidate_00062,2018,20,Unknown,Dust / PM / Gravel,04-04-18.txt,archive/extracted_text/legacy/04-04-18.txt,232,needs_human_review,"pit, but he is concerned about the noise and dust. They already have the Burdick pit","6 Roger Clayburn, an adjoining property owner, stated he was not opposed to the gravel pit, but he is concerned about the noise and dust. They already have the Burdick pit next door and there is always dust on the alfalfa that effects the farming season, along with the long hours they work and noise from the equipment. Mr Clayburn suggested",2026-06-11T19:44:23
real_candidate_00063,2018,20,Unknown,Dust / PM / Gravel,04-04-18.txt,archive/extracted_text/legacy/04-04-18.txt,233,needs_human_review,"next door and there is always dust on the alfalfa that effects the farming season, along","Roger Clayburn, an adjoining property owner, stated he was not opposed to the gravel pit, but he is concerned about the noise and dust. They already have the Burdick pit next door and there is always dust on the alfalfa that effects the farming season, along with the long hours they work and noise from the equipment. Mr Clayburn suggested their hours be from 7 am to 7 pm and allow the neighbors some quiet time.",2026-06-11T19:44:23
real_candidate_00091,2018,20,Unknown,Public Concern / Needs Review,09-05-18.txt,archive/extracted_text/legacy/09-05-18.txt,241,needs_human_review,the audience.,"Chairman Giles asked if there were any other comments or concerns from anyone in the audience. Travis Fitzgerald, an adjoining property owner stated his concerns about the power",2026-06-11T19:44:25
real_candidate_00092,2018,20,Unknown,Public Concern / Needs Review,09-05-18.txt,archive/extracted_text/legacy/09-05-18.txt,242,needs_human_review,,"Chairman Giles asked if there were any other comments or concerns from anyone in the audience. Travis Fitzgerald, an adjoining property owner stated his concerns about the power lines and easement that are in place, the property values and ultimately the safety for",2026-06-11T19:44:25
real_candidate_00093,2018,20,Unknown,Public Concern / Needs Review,09-05-18.txt,archive/extracted_text/legacy/09-05-18.txt,243,needs_human_review,"Travis Fitzgerald, an adjoining property owner stated his concerns about the power","the audience. Travis Fitzgerald, an adjoining property owner stated his concerns about the power lines and easement that are in place, the property values and ultimately the safety for his family and the other residents in the area.",2026-06-11T19:44:25
real_candidate_00094,2018,20,Unknown,Public Concern / Needs Review,09-05-18.txt,archive/extracted_text/legacy/09-05-18.txt,244,needs_human_review,"lines and easement that are in place, the property values and ultimately the safety for","Travis Fitzgerald, an adjoining property owner stated his concerns about the power lines and easement that are in place, the property values and ultimately the safety for his family and the other residents in the area.",2026-06-11T19:44:25
real_candidate_00095,2018,20,Unknown,Public Concern / Needs Review,09-05-18.txt,archive/extracted_text/legacy/09-05-18.txt,245,needs_human_review,his family and the other residents in the area.,"Travis Fitzgerald, an adjoining property owner stated his concerns about the power lines and easement that are in place, the property values and ultimately the safety for his family and the other residents in the area. Mr. Hyde stated the assessed values are based on recent sales in the area and",2026-06-11T19:44:25
real_candidate_00064,2018,17,Unknown,Dust / PM / Gravel,04-04-18.txt,archive/extracted_text/legacy/04-04-18.txt,242,needs_human_review,Moon asked if they had filed on their water rights. Gary Clayburn stated it is ok.,"Mr. Clayburn also questioned whether they can use the water rights for dust control. Mr. Chapman stated if it is a problem we will use mag water instead. Commissioner Moon asked if they had filed on their water rights. Gary Clayburn stated it is ok. Colby Clayburn, an adjoining property owner, stated his concerns about the dust and",2026-06-11T19:44:23
real_candidate_00065,2018,17,Unknown,Dust / PM / Gravel,04-04-18.txt,archive/extracted_text/legacy/04-04-18.txt,243,needs_human_review,,"Mr. Chapman stated if it is a problem we will use mag water instead. Commissioner Moon asked if they had filed on their water rights. Gary Clayburn stated it is ok. Colby Clayburn, an adjoining property owner, stated his concerns about the dust and noise also.  It is not safe for his children to run around and play anymore. He already",2026-06-11T19:44:23
real_candidate_00066,2018,17,Unknown,Dust / PM / Gravel,04-04-18.txt,archive/extracted_text/legacy/04-04-18.txt,244,needs_human_review,"Colby Clayburn, an adjoining property owner, stated his concerns about the dust and","Moon asked if they had filed on their water rights. Gary Clayburn stated it is ok. Colby Clayburn, an adjoining property owner, stated his concerns about the dust and noise also.  It is not safe for his children to run around and play anymore. He already has Burdicks pit, the oil trucks and added traffic there and now another pit to the east of",2026-06-11T19:44:23
real_candidate_00067,2018,17,Unknown,Dust / PM / Gravel,04-04-18.txt,archive/extracted_text/legacy/04-04-18.txt,245,needs_human_review,noise also.  It is not safe for his children to run around and play anymore. He already,"Colby Clayburn, an adjoining property owner, stated his concerns about the dust and noise also.  It is not safe for his children to run around and play anymore. He already has Burdicks pit, the oil trucks and added traffic there and now another pit to the east of his property. Mr. Clayburn is just asking for some good decisions and asks that their",2026-06-11T19:44:23
real_candidate_00068,2018,17,Unknown,Dust / PM / Gravel,04-04-18.txt,archive/extracted_text/legacy/04-04-18.txt,246,needs_human_review,"has Burdicks pit, the oil trucks and added traffic there and now another pit to the east of","Colby Clayburn, an adjoining property owner, stated his concerns about the dust and noise also.  It is not safe for his children to run around and play anymore. He already has Burdicks pit, the oil trucks and added traffic there and now another pit to the east of his property. Mr. Clayburn is just asking for some good decisions and asks that their working hours are from 7 am to 7 pm.",2026-06-11T19:44:23
real_candidate_00069,2018,16,Duchesne,Noise / Vibration,07-11-18.txt,archive/extracted_text/legacy/07-11-18.txt,200,needs_human_review,b. Obtain an approval of the facility or an exemption from the Utah DEQ,Solid Waste Division. b. Obtain an approval of the facility or an exemption from the Utah DEQ Water Quality Division. 3. The applicant shall restrict hours of activity at the junk yard to those permitted by the Noise Disturbance section of the Duchesne County Nuisance Ordinance (7 AM to 9:30 PM).  Mr. Hyde stated there are 2 letters in your packets one from Mr. Taylor stating what his intentions are making sure the surrounding property owners are not affected by his proposal the other one is from an adjoining property owner completely opposed to the Taylors proposal stating if will affect the value of their property.  Mr. Hyde asked if there were any questions of the staff report.  Commissioner’s Lindsay and Moon are concerned about the 6’high dirt berm that is a lot of dirt on that windy bench.,2026-06-11T19:44:24
real_candidate_00070,2018,16,Duchesne,Noise / Vibration,07-11-18.txt,archive/extracted_text/legacy/07-11-18.txt,201,needs_human_review,Water Quality Division.,b. Obtain an approval of the facility or an exemption from the Utah DEQ Water Quality Division. 3. The applicant shall restrict hours of activity at the junk yard to those permitted by the Noise Disturbance section of the Duchesne County Nuisance Ordinance (7 AM to 9:30 PM).  Mr. Hyde stated there are 2 letters in your packets one from Mr. Taylor stating what his intentions are making sure the surrounding property owners are not affected by his proposal the other one is from an adjoining property owner completely opposed to the Taylors proposal stating if will affect the value of their property.  Mr. Hyde asked if there were any questions of the staff report.  Commissioner’s Lindsay and Moon are concerned about the 6’high dirt berm that is a lot of dirt on that windy bench. 6,2026-06-11T19:44:24
real_candidate_00077,2018,15,Unknown,Dust / PM / Gravel,07-11-18.txt,archive/extracted_text/legacy/07-11-18.txt,246,needs_human_review,,"Conditional Use permit process and how such permits must be approved if reasonable conditions could be imposed to mitigate anticipated detrimental impacts. Shawn Taylor, adjoining property owner, stated his comments about the presence of the oilfield and if this area is residential, industrial or commercial and suggested the",2026-06-11T19:44:24
real_candidate_00078,2018,15,Unknown,Dust / PM / Gravel,07-11-18.txt,archive/extracted_text/legacy/07-11-18.txt,247,needs_human_review,"Shawn Taylor, adjoining property owner, stated his comments about the presence of","conditions could be imposed to mitigate anticipated detrimental impacts. Shawn Taylor, adjoining property owner, stated his comments about the presence of the oilfield and if this area is residential, industrial or commercial and suggested the commission considers these problems as well.",2026-06-11T19:44:24
real_candidate_00079,2018,15,Unknown,Dust / PM / Gravel,07-11-18.txt,archive/extracted_text/legacy/07-11-18.txt,248,needs_human_review,"the oilfield and if this area is residential, industrial or commercial and suggested the","Shawn Taylor, adjoining property owner, stated his comments about the presence of the oilfield and if this area is residential, industrial or commercial and suggested the commission considers these problems as well.",2026-06-11T19:44:24
real_candidate_00080,2018,15,Unknown,Dust / PM / Gravel,07-11-18.txt,archive/extracted_text/legacy/07-11-18.txt,249,needs_human_review,commission considers these problems as well.,"Shawn Taylor, adjoining property owner, stated his comments about the presence of the oilfield and if this area is residential, industrial or commercial and suggested the commission considers these problems as well. With no one else to speak either in favor or in opposition the applicants were invited to",2026-06-11T19:44:24
real_candidate_00052,2018,14,Duchesne,Dust / PM / Gravel,02-07-18.txt,archive/extracted_text/legacy/02-07-18.txt,201,needs_human_review,Mr. Hyde stated there is a letter in your packets from the Duchesne County Public,"the southwest. Mr. Hyde stated there is a letter in your packets from the Duchesne County Public Works Director, Ben Henderson, stating the County’s concerns about the dust, heavy truck traffic and the use of the roads thru town that were not built for this purpose.",2026-06-11T19:44:23
real_candidate_00053,2018,14,Duchesne,Dust / PM / Gravel,02-07-18.txt,archive/extracted_text/legacy/02-07-18.txt,202,needs_human_review,"Works Director, Ben Henderson, stating the County’s concerns about the dust, heavy","Mr. Hyde stated there is a letter in your packets from the Duchesne County Public Works Director, Ben Henderson, stating the County’s concerns about the dust, heavy truck traffic and the use of the roads thru town that were not built for this purpose. Chevron will have a study done to see if the extra traffic and heavy weight will have any",2026-06-11T19:44:23
real_candidate_00054,2018,14,Duchesne,Dust / PM / Gravel,02-07-18.txt,archive/extracted_text/legacy/02-07-18.txt,203,needs_human_review,truck traffic and the use of the roads thru town that were not built for this purpose.,"Mr. Hyde stated there is a letter in your packets from the Duchesne County Public Works Director, Ben Henderson, stating the County’s concerns about the dust, heavy truck traffic and the use of the roads thru town that were not built for this purpose. Chevron will have a study done to see if the extra traffic and heavy weight will have any impact on their pipeline.",2026-06-11T19:44:23
real_candidate_00055,2018,14,Unknown,Dust / PM / Gravel,02-07-18.txt,archive/extracted_text/legacy/02-07-18.txt,280,needs_human_review,"truck traffic on the haul route shall be limited to 7:00 AM to 6:00 PM, with no","crusher operation:  (7:00 AM to 9:30 PM on weekdays, 8:00 AM to 9:30 PM on Saturdays and 9:00 AM to 9:30 PM on Sundays and holidays).  Heavy truck traffic on the haul route shall be limited to 7:00 AM to 6:00 PM, with no such hauling on holidays and holiday weekends.  Sunday hauling will be prohibited if the County receives complaints associated with hauling on that",2026-06-11T19:44:23
real_candidate_00056,2018,14,Unknown,Traffic / Haul Route,02-07-18.txt,archive/extracted_text/legacy/02-07-18.txt,281,needs_human_review,such hauling on holidays and holiday weekends.  Sunday hauling will be,"on Saturdays and 9:00 AM to 9:30 PM on Sundays and holidays).  Heavy truck traffic on the haul route shall be limited to 7:00 AM to 6:00 PM, with no such hauling on holidays and holiday weekends.  Sunday hauling will be prohibited if the County receives complaints associated with hauling on that day.",2026-06-11T19:44:23
real_candidate_00057,2018,14,Unknown,Traffic / Haul Route,02-07-18.txt,archive/extracted_text/legacy/02-07-18.txt,282,needs_human_review,prohibited if the County receives complaints associated with hauling on that,"truck traffic on the haul route shall be limited to 7:00 AM to 6:00 PM, with no such hauling on holidays and holiday weekends.  Sunday hauling will be prohibited if the County receives complaints associated with hauling on that day.",2026-06-11T19:44:23
real_candidate_00059,2018,14,Unknown,Dust / PM / Gravel,02-07-18.txt,archive/extracted_text/legacy/02-07-18.txt,284,needs_human_review,,prohibited if the County receives complaints associated with hauling on that day. 2. The Owners or their authorized agents shall reclaim the property in accordance with the county’s “Material Pit Finishing Standards” and protect the public from any,2026-06-11T19:44:23
real_candidate_00086,2018,14,Unknown,Public Concern / Needs Review,09-05-18.txt,archive/extracted_text/legacy/09-05-18.txt,232,needs_human_review,impacts for the residents in the approval letter. Mrs. Fitzgerald asked what her options,Mr. Hyde stated the Planning Commission can impose conditions to mitigate the impacts for the residents in the approval letter. Mrs. Fitzgerald asked what her options are if they don’t follow the rules. Mr. Hyde stated she can call our office with any complaints and there is an appeal process and the Esplins could lose their permit.,2026-06-11T19:44:25
real_candidate_00087,2018,14,Unknown,Public Concern / Needs Review,09-05-18.txt,archive/extracted_text/legacy/09-05-18.txt,233,needs_human_review,are if they don’t follow the rules. Mr. Hyde stated she can call our office with any,Mr. Hyde stated the Planning Commission can impose conditions to mitigate the impacts for the residents in the approval letter. Mrs. Fitzgerald asked what her options are if they don’t follow the rules. Mr. Hyde stated she can call our office with any complaints and there is an appeal process and the Esplins could lose their permit.,2026-06-11T19:44:25
real_candidate_00088,2018,14,Unknown,Public Concern / Needs Review,09-05-18.txt,archive/extracted_text/legacy/09-05-18.txt,234,needs_human_review,complaints and there is an appeal process and the Esplins could lose their permit.,impacts for the residents in the approval letter. Mrs. Fitzgerald asked what her options are if they don’t follow the rules. Mr. Hyde stated she can call our office with any complaints and there is an appeal process and the Esplins could lose their permit. Commissioner Clark asked how high the pipe racks would be and if Mr. Esplin would be,2026-06-11T19:44:25
real_candidate_00089,2018,14,Unknown,Public Concern / Needs Review,09-05-18.txt,archive/extracted_text/legacy/09-05-18.txt,235,needs_human_review,,are if they don’t follow the rules. Mr. Hyde stated she can call our office with any complaints and there is an appeal process and the Esplins could lose their permit. Commissioner Clark asked how high the pipe racks would be and if Mr. Esplin would be willing to keep the racks below the 6 foot fence line. Mr. Esplin said he would and that,2026-06-11T19:44:25
real_candidate_00071,2018,13,Unknown,Public Concern / Needs Review,07-11-18.txt,archive/extracted_text/legacy/07-11-18.txt,232,needs_human_review,speak.,"7 With no one else to speak in favor of the request those in opposition were invited to speak. Roger Hill, an adjoining property owner, stated upon their retirement they had seen the",2026-06-11T19:44:24
real_candidate_00072,2018,13,Unknown,Public Concern / Needs Review,07-11-18.txt,archive/extracted_text/legacy/07-11-18.txt,233,needs_human_review,,"With no one else to speak in favor of the request those in opposition were invited to speak. Roger Hill, an adjoining property owner, stated upon their retirement they had seen the area and like the location on the bench with desert landscaping and not a lot of homes",2026-06-11T19:44:24
real_candidate_00073,2018,13,Unknown,Public Concern / Needs Review,07-11-18.txt,archive/extracted_text/legacy/07-11-18.txt,234,needs_human_review,"Roger Hill, an adjoining property owner, stated upon their retirement they had seen the","speak. Roger Hill, an adjoining property owner, stated upon their retirement they had seen the area and like the location on the bench with desert landscaping and not a lot of homes so they decided to build. Mr. Hill commented on a timeline of the letters and",2026-06-11T19:44:24
real_candidate_00074,2018,13,Unknown,Public Concern / Needs Review,07-11-18.txt,archive/extracted_text/legacy/07-11-18.txt,235,needs_human_review,area and like the location on the bench with desert landscaping and not a lot of homes,"Roger Hill, an adjoining property owner, stated upon their retirement they had seen the area and like the location on the bench with desert landscaping and not a lot of homes so they decided to build. Mr. Hill commented on a timeline of the letters and correspondence with the county and ultimately feels that having a junk yard in the",2026-06-11T19:44:24
real_candidate_00075,2018,13,Unknown,Public Concern / Needs Review,07-11-18.txt,archive/extracted_text/legacy/07-11-18.txt,236,needs_human_review,so they decided to build. Mr. Hill commented on a timeline of the letters and,"Roger Hill, an adjoining property owner, stated upon their retirement they had seen the area and like the location on the bench with desert landscaping and not a lot of homes so they decided to build. Mr. Hill commented on a timeline of the letters and correspondence with the county and ultimately feels that having a junk yard in the neighborhood will decrease property values and be an eyesore for the county.",2026-06-11T19:44:24
real_candidate_00076,2018,13,Unknown,Public Concern / Needs Review,07-11-18.txt,archive/extracted_text/legacy/07-11-18.txt,245,needs_human_review,conditions could be imposed to mitigate anticipated detrimental impacts.,"There was some discussion with Commissioner Wells and Mr. Hyde about the Conditional Use permit process and how such permits must be approved if reasonable conditions could be imposed to mitigate anticipated detrimental impacts. Shawn Taylor, adjoining property owner, stated his comments about the presence of",2026-06-11T19:44:24
real_candidate_00049,2018,12,Unknown,Dust / PM / Gravel,02-07-18.txt,archive/extracted_text/legacy/02-07-18.txt,55,needs_human_review,"detrimental to the public health, safety or general welfare.","1. The proposed use at the proposed location will not be unduly detrimental or injurious to property or improvements in the vicinity, and will not be detrimental to the public health, safety or general welfare. Mr. Hyde stated the extraction of earth products can be detrimental in terms of noise and dust during operations and along the haul route.  Surface disturbance results in",2026-06-11T19:44:23
real_candidate_00050,2018,12,Unknown,Dust / PM / Gravel,02-07-18.txt,archive/extracted_text/legacy/02-07-18.txt,56,needs_human_review,Mr. Hyde stated the extraction of earth products can be detrimental in terms of noise,"injurious to property or improvements in the vicinity, and will not be detrimental to the public health, safety or general welfare. Mr. Hyde stated the extraction of earth products can be detrimental in terms of noise and dust during operations and along the haul route.  Surface disturbance results in noise from operation of equipment, windblown dust and dust from equipment",2026-06-11T19:44:23
real_candidate_00051,2018,12,Unknown,Dust / PM / Gravel,02-07-18.txt,archive/extracted_text/legacy/02-07-18.txt,57,needs_human_review,and dust during operations and along the haul route.  Surface disturbance results in,"detrimental to the public health, safety or general welfare. Mr. Hyde stated the extraction of earth products can be detrimental in terms of noise and dust during operations and along the haul route.  Surface disturbance results in noise from operation of equipment, windblown dust and dust from equipment movement.  However, if the applicant and operators comply with dust and noise",2026-06-11T19:44:23
real_candidate_00027,2018,10,Unknown,Public Concern / Needs Review,00004301.txt,archive/extracted_text/legacy/00004301.txt,2023,needs_human_review,H.B. 50 Obscenity and Pornography Complaints Ombudsman,"H.B. 49 Repeal of Health Related Pilot Program (Rep. M. McKell) (Sen. T. Weiler) H.B. 50 Obscenity and Pornography Complaints Ombudsman (Rep. M. McKell) (Sen. T. Weiler) Day 1 63 Monday, January 22, 2018",2026-06-11T19:43:43
real_candidate_00028,2018,10,Unknown,Public Concern / Needs Review,00004301.txt,archive/extracted_text/legacy/00004301.txt,2024,needs_human_review,(Rep. M. McKell) (Sen. T. Weiler),"(Sen. T. Weiler) H.B. 50 Obscenity and Pornography Complaints Ombudsman (Rep. M. McKell) (Sen. T. Weiler) Day 1 63 Monday, January 22, 2018 H.B. 51 Administrative Office of the Courts Amendments",2026-06-11T19:43:43
real_candidate_00029,2018,10,Unknown,Public Concern / Needs Review,00004301.txt,archive/extracted_text/legacy/00004301.txt,2025,needs_human_review,"Day 1 63 Monday, January 22, 2018","H.B. 50 Obscenity and Pornography Complaints Ombudsman (Rep. M. McKell) (Sen. T. Weiler) Day 1 63 Monday, January 22, 2018 H.B. 51 Administrative Office of the Courts Amendments (Rep. V . L. Snow) (Sen. T. Weiler)",2026-06-11T19:43:43
real_candidate_00030,2018,10,Unknown,Public Concern / Needs Review,00004301.txt,archive/extracted_text/legacy/00004301.txt,10359,needs_human_review,"COMPLAINTS OMBUDSMAN, by Representative M. McKell, which has been","transmitted for the signature of the Speaker; and The Senate passed, H.B. 50 , OBSCENITY AND PORNOGRAPHY COMPLAINTS OMBUDSMAN, by Representative M. McKell, which has been signed by the President and it is transmitted for the signature of the Speaker; and Day 17 307 Wednesday, February 7, 2018",2026-06-11T19:43:43
real_candidate_00031,2018,10,Unknown,Public Concern / Needs Review,00004301.txt,archive/extracted_text/legacy/00004301.txt,10360,needs_human_review,signed by the President and it is transmitted for the signature of the Speaker; and,"The Senate passed, H.B. 50 , OBSCENITY AND PORNOGRAPHY COMPLAINTS OMBUDSMAN, by Representative M. McKell, which has been signed by the President and it is transmitted for the signature of the Speaker; and Day 17 307 Wednesday, February 7, 2018 The Senate passed, H.B. 95 , UNIFORM FIDUCIARY ACCESS TO",2026-06-11T19:43:43
real_candidate_00032,2018,10,Unknown,Public Concern / Needs Review,00004301.txt,archive/extracted_text/legacy/00004301.txt,10361,needs_human_review,"Day 17 307 Wednesday, February 7, 2018","COMPLAINTS OMBUDSMAN, by Representative M. McKell, which has been signed by the President and it is transmitted for the signature of the Speaker; and Day 17 307 Wednesday, February 7, 2018 The Senate passed, H.B. 95 , UNIFORM FIDUCIARY ACCESS TO DIGITAL ASSETS ACT, by Representative V . L. Snow, which has been signed by",2026-06-11T19:43:43
real_candidate_00033,2018,10,Unknown,Public Concern / Needs Review,00004301.txt,archive/extracted_text/legacy/00004301.txt,49096,needs_human_review,Governor Signed on 3/13/2018,Effective Date: 5/8/2018 HB 49 Repeal of Health Related Pilot Program M. McKell Governor Signed on 3/13/2018 Effective Date: 5/8/2018 HB 50 Obscenity and Pornography Complaints,2026-06-11T19:43:45
real_candidate_00034,2018,10,Unknown,Public Concern / Needs Review,00004301.txt,archive/extracted_text/legacy/00004301.txt,49097,needs_human_review,Effective Date: 5/8/2018,HB 49 Repeal of Health Related Pilot Program M. McKell Governor Signed on 3/13/2018 Effective Date: 5/8/2018 HB 50 Obscenity and Pornography Complaints Ombudsman M. McKell,2026-06-11T19:43:45
real_candidate_00035,2018,10,Unknown,Public Concern / Needs Review,00004301.txt,archive/extracted_text/legacy/00004301.txt,49098,needs_human_review,HB 50 Obscenity and Pornography Complaints,Governor Signed on 3/13/2018 Effective Date: 5/8/2018 HB 50 Obscenity and Pornography Complaints Ombudsman M. McKell Governor Signed on 3/13/2018,2026-06-11T19:43:45
real_candidate_00036,2018,10,Unknown,Public Concern / Needs Review,00004301.txt,archive/extracted_text/legacy/00004301.txt,49099,needs_human_review,Ombudsman M. McKell,Effective Date: 5/8/2018 HB 50 Obscenity and Pornography Complaints Ombudsman M. McKell Governor Signed on 3/13/2018 Effective Date: 5/8/2018,2026-06-11T19:43:45
real_candidate_00037,2018,10,Unknown,Public Concern / Needs Review,00004301.txt,archive/extracted_text/legacy/00004301.txt,49100,needs_human_review,Governor Signed on 3/13/2018,HB 50 Obscenity and Pornography Complaints Ombudsman M. McKell Governor Signed on 3/13/2018 Effective Date: 5/8/2018 HB 51 Administrative Office of the Courts Amendments V . Snow,2026-06-11T19:43:45
real_candidate_00038,2018,10,Unknown,Public Concern / Needs Review,00004302.txt,archive/extracted_text/legacy/00004302.txt,8263,needs_human_review,"OMBUDSMAN, was read the third time, explained by Senator Weiler, and passed","* * * H.B. 50 , OBSCENITY AND PORNOGRAPHY COMPLAINTS OMBUDSMAN, was read the third time, explained by Senator Weiler, and passed on the following roll call: Day 17 271 Wednesday, February 7, 2018",2026-06-11T19:43:46
real_candidate_00039,2018,10,Unknown,Public Concern / Needs Review,00004302.txt,archive/extracted_text/legacy/00004302.txt,8264,needs_human_review,on the following roll call:,"H.B. 50 , OBSCENITY AND PORNOGRAPHY COMPLAINTS OMBUDSMAN, was read the third time, explained by Senator Weiler, and passed on the following roll call: Day 17 271 Wednesday, February 7, 2018 Y eas, 22; Nays, 0; Absent or not voting, 7.",2026-06-11T19:43:46
real_candidate_00040,2018,10,Unknown,Public Concern / Needs Review,00004302.txt,archive/extracted_text/legacy/00004302.txt,15689,needs_human_review,or arrests made by a law enforcement,"measure regarding the number 35 or percentage of warnings,  { complaints, }  citations, stops, or arrests made by a law enforcement 36 officer. Day 30 495 Wednesday, February 21, 2018",2026-06-11T19:43:46
real_candidate_00041,2018,10,Unknown,Public Concern / Needs Review,00004302.txt,archive/extracted_text/legacy/00004302.txt,15690,needs_human_review,36 officer.,"35 or percentage of warnings,  { complaints, }  citations, stops, or arrests made by a law enforcement 36 officer. Day 30 495 Wednesday, February 21, 2018 3. Page 2, Lines 42 through 43:",2026-06-11T19:43:46
real_candidate_00058,2018,10,Unknown,Public Concern / Needs Review,02-07-18.txt,archive/extracted_text/legacy/02-07-18.txt,283,needs_human_review,day.,such hauling on holidays and holiday weekends.  Sunday hauling will be prohibited if the County receives complaints associated with hauling on that day. 2. The Owners or their authorized agents shall reclaim the property in accordance with,2026-06-11T19:44:23
real_candidate_00081,2018,10,Unknown,Public Concern / Needs Review,09-05-18.txt,archive/extracted_text/legacy/09-05-18.txt,208,needs_human_review,With no other questions Commissioner Giles invited anyone in opposition to speak.,"children on that road, also there is not enough room to enter and exit the facility. With no other questions Commissioner Giles invited anyone in opposition to speak. Heather Fitzgerald, property owner on 20810 West, stated her concerns about having",2026-06-11T19:44:25
real_candidate_00082,2018,10,Unknown,Public Concern / Needs Review,09-05-18.txt,archive/extracted_text/legacy/09-05-18.txt,209,needs_human_review,,"With no other questions Commissioner Giles invited anyone in opposition to speak. Heather Fitzgerald, property owner on 20810 West, stated her concerns about having an oilfield business that close to the homes in the area. There are 10 children that live",2026-06-11T19:44:25
real_candidate_00083,2018,10,Unknown,Public Concern / Needs Review,09-05-18.txt,archive/extracted_text/legacy/09-05-18.txt,210,needs_human_review,"Heather Fitzgerald, property owner on 20810 West, stated her concerns about having","With no other questions Commissioner Giles invited anyone in opposition to speak. Heather Fitzgerald, property owner on 20810 West, stated her concerns about having an oilfield business that close to the homes in the area. There are 10 children that live on that road full time. There are already power lines, many oil locations and EP owns",2026-06-11T19:44:25
real_candidate_00084,2018,10,Unknown,Public Concern / Needs Review,09-05-18.txt,archive/extracted_text/legacy/09-05-18.txt,211,needs_human_review,an oilfield business that close to the homes in the area. There are 10 children that live,"Heather Fitzgerald, property owner on 20810 West, stated her concerns about having an oilfield business that close to the homes in the area. There are 10 children that live on that road full time. There are already power lines, many oil locations and EP owns property in that area that Mr. Esplin can lease and use for storage. Mrs. Fitzgerald is",2026-06-11T19:44:25
real_candidate_00085,2018,10,Unknown,Public Concern / Needs Review,09-05-18.txt,archive/extracted_text/legacy/09-05-18.txt,212,needs_human_review,"on that road full time. There are already power lines, many oil locations and EP owns","Heather Fitzgerald, property owner on 20810 West, stated her concerns about having an oilfield business that close to the homes in the area. There are 10 children that live on that road full time. There are already power lines, many oil locations and EP owns property in that area that Mr. Esplin can lease and use for storage. Mrs. Fitzgerald is concerned there are no street lights, signs, truck turn arounds and fears the property",2026-06-11T19:44:25
real_candidate_00090,2018,10,Unknown,Public Concern / Needs Review,09-05-18.txt,archive/extracted_text/legacy/09-05-18.txt,236,needs_human_review,Commissioner Clark asked how high the pipe racks would be and if Mr. Esplin would be,complaints and there is an appeal process and the Esplins could lose their permit. Commissioner Clark asked how high the pipe racks would be and if Mr. Esplin would be willing to keep the racks below the 6 foot fence line. Mr. Esplin said he would and that would be easier to load and unload.,2026-06-11T19:44:25
real_candidate_00262,2017,13,Uintah,Public Concern / Needs Review,December-2017.txt,archive/extracted_text/legacy/December-2017.txt,161,needs_human_review,"Welby Weimer, the applicant and property owner stated he was recently laid off from","applicant was invited to speak. Welby Weimer, the applicant and property owner stated he was recently laid off from Uintah Machine, but wants to stay in the area and make a living.",2026-06-11T19:44:34
real_candidate_00263,2017,13,Unknown,Public Concern / Needs Review,December-2017.txt,archive/extracted_text/legacy/December-2017.txt,252,needs_human_review,Commissioner Giles asked if there was anyone else wishing to speak.,"product, so we could be there a while. Commissioner Giles asked if there was anyone else wishing to speak. John Breakfield, a neighboring property owner, is neither in favor or opposed to the",2026-06-11T19:44:34
real_candidate_00264,2017,13,Unknown,Public Concern / Needs Review,December-2017.txt,archive/extracted_text/legacy/December-2017.txt,253,needs_human_review,,"Commissioner Giles asked if there was anyone else wishing to speak. John Breakfield, a neighboring property owner, is neither in favor or opposed to the applicant’s request. He is just wondering which road they will be using. Mr. Gines",2026-06-11T19:44:34
real_candidate_00265,2017,13,Duchesne,Public Concern / Needs Review,December-2017.txt,archive/extracted_text/legacy/December-2017.txt,254,needs_human_review,"John Breakfield, a neighboring property owner, is neither in favor or opposed to the","Commissioner Giles asked if there was anyone else wishing to speak. John Breakfield, a neighboring property owner, is neither in favor or opposed to the applicant’s request. He is just wondering which road they will be using. Mr. Gines indicated they were meeting with Mr. Henderson Public Works Director for Duchesne",2026-06-11T19:44:34
real_candidate_00266,2017,13,Duchesne,Public Concern / Needs Review,December-2017.txt,archive/extracted_text/legacy/December-2017.txt,255,needs_human_review,applicant’s request. He is just wondering which road they will be using. Mr. Gines,"John Breakfield, a neighboring property owner, is neither in favor or opposed to the applicant’s request. He is just wondering which road they will be using. Mr. Gines indicated they were meeting with Mr. Henderson Public Works Director for Duchesne County for his suggestions.",2026-06-11T19:44:34
real_candidate_00267,2017,13,Duchesne,Public Concern / Needs Review,December-2017.txt,archive/extracted_text/legacy/December-2017.txt,256,needs_human_review,indicated they were meeting with Mr. Henderson Public Works Director for Duchesne,"John Breakfield, a neighboring property owner, is neither in favor or opposed to the applicant’s request. He is just wondering which road they will be using. Mr. Gines indicated they were meeting with Mr. Henderson Public Works Director for Duchesne County for his suggestions.",2026-06-11T19:44:34
real_candidate_00350,2016,20,Unknown,Dust / PM / Gravel,July-6-2016.txt,archive/extracted_text/legacy/July-6-2016.txt,205,needs_human_review,family and he is hoping the mechanic’s shop will allow him to do that. Mr. Salguero,"Iliel Salguero, applicant and property owner stated he has worked in the mechanic’s industry since he moved to the basin.  He and his wife want to stay here and raise their family and he is hoping the mechanic’s shop will allow him to do that. Mr. Salguero stated he has started working on the fence and has talked to the adjoining property owner about possibly buying some additional land for a better driveway into his",2026-06-11T19:44:46
real_candidate_00246,2016,19,Unknown,Noise / Vibration,April-6-2016.txt,archive/extracted_text/legacy/April-6-2016.txt,272,needs_human_review,2. The proposed use will be located and conducted in compliance with the goals,"9:30 PM on Sundays and holidays).  Such time limits should be applied in this case if noise complaints are received by the county. 2. The proposed use will be located and conducted in compliance with the goals and policies of the county general plan and the purposes of this title. Mr. Hyde stated in this case, the applicants intend to use the earth products to support",2026-06-11T19:44:32
real_candidate_00247,2016,19,Unknown,Dust / PM / Gravel,April-6-2016.txt,archive/extracted_text/legacy/April-6-2016.txt,273,needs_human_review,and policies of the county general plan and the purposes of this title.,"noise complaints are received by the county. 2. The proposed use will be located and conducted in compliance with the goals and policies of the county general plan and the purposes of this title. Mr. Hyde stated in this case, the applicants intend to use the earth products to support their own needs for pipe bedding material and sand for roads in the winter, which is",2026-06-11T19:44:32
real_candidate_00233,2016,17,Duchesne,Dust / PM / Gravel,April-6-2016.txt,archive/extracted_text/legacy/April-6-2016.txt,83,needs_human_review,goals and policies of the county general plan and the purposes of this title.,"noise complaints are received by the county. 2. The proposed use will be located and conducted in compliance with the goals and policies of the county general plan and the purposes of this title. The Duchesne County General Plan contains the follo wing statements with respect to mining activities:  “Today, extractive-use industries: livestock, timber, mining, and oil;",2026-06-11T19:44:32
real_candidate_00234,2016,17,Unknown,Dust / PM / Gravel,April-6-2016.txt,archive/extracted_text/legacy/April-6-2016.txt,178,needs_human_review,between the site and the nearest paved road during periods of hauling.,"of the operations by the owners or authorized agent s.  Dust control agents shall be applied at active portions of the site and  on gravel access roads between the site and the nearest paved road during periods of hauling. b. If noise complaints are received by the county, owners and their authorized",2026-06-11T19:44:32
real_candidate_00248,2016,17,Unknown,Dust / PM / Gravel,April-6-2016.txt,archive/extracted_text/legacy/April-6-2016.txt,362,needs_human_review,between the site and the nearest paved road during periods of hauling.,"of the operations by the owners or authorized agent s.  Dust control agents shall be applied at active portions of the site and  on gravel access roads between the site and the nearest paved road during periods of hauling. b. If noise complaints are received by the county, owners and their authorized",2026-06-11T19:44:32
real_candidate_00253,2016,17,Unknown,Dust / PM / Gravel,April-6-2016.txt,archive/extracted_text/legacy/April-6-2016.txt,391,needs_human_review,wondered if the wind is blowing will they stop until the conditions are better. Mr.,"Jeannie Henry, an adjoining property owner, stated her concerns about the dust and wondered if the wind is blowing will they stop until the conditions are better. Mr. Fairbanks stated there will be a water truck on site and to call if they are concerned.",2026-06-11T19:44:32
real_candidate_00254,2016,17,Unknown,Dust / PM / Gravel,April-6-2016.txt,archive/extracted_text/legacy/April-6-2016.txt,392,needs_human_review,Fairbanks stated there will be a water truck on site and to call if they are concerned.,"Jeannie Henry, an adjoining property owner, stated her concerns about the dust and wondered if the wind is blowing will they stop until the conditions are better. Mr. Fairbanks stated there will be a water truck on site and to call if they are concerned. Commissioner Drake asked if there is no response fr om EP Energy can they call the",2026-06-11T19:44:32
real_candidate_00271,2016,17,Duchesne,Dust / PM / Gravel,December-7-2016.txt,archive/extracted_text/legacy/December-7-2016.txt,164,needs_human_review,2. Applicants shall not install fueling facilities unless plans are first approved by the,1. Noise on the property associated with the airstr ip shall be limited to the hours between 7:00 A.M and 9:30 P.M. 2. Applicants shall not install fueling facilities unless plans are first approved by the Duchesne County Fire Chief. 3. Applicants agree to initiate dust control measures if dust complaints are received by,2026-06-11T19:44:34
real_candidate_00272,2016,17,Duchesne,Dust / PM / Gravel,December-7-2016.txt,archive/extracted_text/legacy/December-7-2016.txt,165,needs_human_review,Duchesne County Fire Chief.,between 7:00 A.M and 9:30 P.M. 2. Applicants shall not install fueling facilities unless plans are first approved by the Duchesne County Fire Chief. 3. Applicants agree to initiate dust control measures if dust complaints are received by the County or the TriCounty Health Department.,2026-06-11T19:44:34
real_candidate_00273,2016,17,Duchesne,Dust / PM / Gravel,December-7-2016.txt,archive/extracted_text/legacy/December-7-2016.txt,166,needs_human_review,3. Applicants agree to initiate dust control measures if dust complaints are received by,2. Applicants shall not install fueling facilities unless plans are first approved by the Duchesne County Fire Chief. 3. Applicants agree to initiate dust control measures if dust complaints are received by the County or the TriCounty Health Department. 4. Pilots using the airstrip shall avoid practices that may put persons or property on the,2026-06-11T19:44:34
real_candidate_00274,2016,17,Duchesne,Dust / PM / Gravel,December-7-2016.txt,archive/extracted_text/legacy/December-7-2016.txt,167,needs_human_review,the County or the TriCounty Health Department.,Duchesne County Fire Chief. 3. Applicants agree to initiate dust control measures if dust complaints are received by the County or the TriCounty Health Department. 4. Pilots using the airstrip shall avoid practices that may put persons or property on the ground at risk.,2026-06-11T19:44:34
real_candidate_00275,2016,17,Unknown,Dust / PM / Gravel,December-7-2016.txt,archive/extracted_text/legacy/December-7-2016.txt,168,needs_human_review,4. Pilots using the airstrip shall avoid practices that may put persons or property on the,3. Applicants agree to initiate dust control measures if dust complaints are received by the County or the TriCounty Health Department. 4. Pilots using the airstrip shall avoid practices that may put persons or property on the ground at risk.,2026-06-11T19:44:34
real_candidate_00227,2016,15,Unknown,Dust / PM / Gravel,April-6-2016.txt,archive/extracted_text/legacy/April-6-2016.txt,32,needs_human_review,"Lindsay participating in these hearings, the meeting proceeded.","has hauled sand from these locations but does not f eel that will affect his ability to make a fair, unbiased decision. With no one in the audience opposed to Commissioner Lindsay participating in these hearings, the meeting proceeded. PUBLIC HEARINGS:",2026-06-11T19:44:32
real_candidate_00228,2016,15,Unknown,Public Concern / Needs Review,April-6-2016.txt,archive/extracted_text/legacy/April-6-2016.txt,33,needs_human_review,,"make a fair, unbiased decision. With no one in the audience opposed to Commissioner Lindsay participating in these hearings, the meeting proceeded. PUBLIC HEARINGS:",2026-06-11T19:44:32
real_candidate_00229,2016,15,Unknown,Noise / Vibration,April-6-2016.txt,archive/extracted_text/legacy/April-6-2016.txt,79,needs_human_review,"(7:00 AM to 9:30 PM on weekdays, 8:00 AM to 9:30 PM on Saturdays and 9:00 AM to","The county Nuisance Ordinance sets forth time limit s during which noise is permitted (7:00 AM to 9:30 PM on weekdays, 8:00 AM to 9:30 PM on Saturdays and 9:00 AM to 9:30 PM on Sundays and holidays).  Such time limits should be applied in this case if noise complaints are received by the county.",2026-06-11T19:44:32
real_candidate_00230,2016,15,Unknown,Noise / Vibration,April-6-2016.txt,archive/extracted_text/legacy/April-6-2016.txt,80,needs_human_review,9:30 PM on Sundays and holidays).  Such time limits should be applied in this case if,"The county Nuisance Ordinance sets forth time limit s during which noise is permitted (7:00 AM to 9:30 PM on weekdays, 8:00 AM to 9:30 PM on Saturdays and 9:00 AM to 9:30 PM on Sundays and holidays).  Such time limits should be applied in this case if noise complaints are received by the county. 2. The proposed use will be located and conducted in compliance with the",2026-06-11T19:44:32
real_candidate_00231,2016,15,Unknown,Noise / Vibration,April-6-2016.txt,archive/extracted_text/legacy/April-6-2016.txt,81,needs_human_review,noise complaints are received by the county.,"(7:00 AM to 9:30 PM on weekdays, 8:00 AM to 9:30 PM on Saturdays and 9:00 AM to 9:30 PM on Sundays and holidays).  Such time limits should be applied in this case if noise complaints are received by the county. 2. The proposed use will be located and conducted in compliance with the goals and policies of the county general plan and the purposes of this title.",2026-06-11T19:44:32
real_candidate_00232,2016,15,Duchesne,Noise / Vibration,April-6-2016.txt,archive/extracted_text/legacy/April-6-2016.txt,82,needs_human_review,2. The proposed use will be located and conducted in compliance with the,9:30 PM on Sundays and holidays).  Such time limits should be applied in this case if noise complaints are received by the county. 2. The proposed use will be located and conducted in compliance with the goals and policies of the county general plan and the purposes of this title. The Duchesne County General Plan contains the follo wing statements with respect to,2026-06-11T19:44:32
real_candidate_00243,2016,15,Unknown,Noise / Vibration,April-6-2016.txt,archive/extracted_text/legacy/April-6-2016.txt,269,needs_human_review,"(7:00 AM to 9:30 PM on weekdays, 8:00 AM to 9:30 PM on Saturdays and 9:00 AM to","The county Nuisance Ordinance sets forth time limit s during which noise is permitted (7:00 AM to 9:30 PM on weekdays, 8:00 AM to 9:30 PM on Saturdays and 9:00 AM to 9:30 PM on Sundays and holidays).  Such time limits should be applied in this case if noise complaints are received by the county.",2026-06-11T19:44:32
real_candidate_00244,2016,15,Unknown,Noise / Vibration,April-6-2016.txt,archive/extracted_text/legacy/April-6-2016.txt,270,needs_human_review,9:30 PM on Sundays and holidays).  Such time limits should be applied in this case if,"The county Nuisance Ordinance sets forth time limit s during which noise is permitted (7:00 AM to 9:30 PM on weekdays, 8:00 AM to 9:30 PM on Saturdays and 9:00 AM to 9:30 PM on Sundays and holidays).  Such time limits should be applied in this case if noise complaints are received by the county. 2. The proposed use will be located and conducted in compliance with the goals",2026-06-11T19:44:32
real_candidate_00245,2016,15,Unknown,Noise / Vibration,April-6-2016.txt,archive/extracted_text/legacy/April-6-2016.txt,271,needs_human_review,noise complaints are received by the county.,"(7:00 AM to 9:30 PM on weekdays, 8:00 AM to 9:30 PM on Saturdays and 9:00 AM to 9:30 PM on Sundays and holidays).  Such time limits should be applied in this case if noise complaints are received by the county. 2. The proposed use will be located and conducted in compliance with the goals and policies of the county general plan and the purposes of this title.",2026-06-11T19:44:32
real_candidate_00347,2016,15,Unknown,Dust / PM / Gravel,July-6-2016.txt,archive/extracted_text/legacy/July-6-2016.txt,202,needs_human_review,,"Chairman Moon invited the applicant to speak. Iliel Salguero, applicant and property owner stated he has worked in the mechanic’s industry since he moved to the basin.  He and his wife want to stay here and raise their",2026-06-11T19:44:46
real_candidate_00348,2016,15,Unknown,Dust / PM / Gravel,July-6-2016.txt,archive/extracted_text/legacy/July-6-2016.txt,203,needs_human_review,"Iliel Salguero, applicant and property owner stated he has worked in the mechanic’s","Chairman Moon invited the applicant to speak. Iliel Salguero, applicant and property owner stated he has worked in the mechanic’s industry since he moved to the basin.  He and his wife want to stay here and raise their family and he is hoping the mechanic’s shop will allow him to do that. Mr. Salguero",2026-06-11T19:44:46
real_candidate_00349,2016,15,Unknown,Dust / PM / Gravel,July-6-2016.txt,archive/extracted_text/legacy/July-6-2016.txt,204,needs_human_review,industry since he moved to the basin.  He and his wife want to stay here and raise their,"Iliel Salguero, applicant and property owner stated he has worked in the mechanic’s industry since he moved to the basin.  He and his wife want to stay here and raise their family and he is hoping the mechanic’s shop will allow him to do that. Mr. Salguero stated he has started working on the fence and has talked to the adjoining property",2026-06-11T19:44:46
real_candidate_00042,2016,13,Unknown,Public Concern / Needs Review,00004305.txt,archive/extracted_text/legacy/00004305.txt,1062,needs_human_review,"Powell, from a district that traditionally you would assume would immediately be","here. It was a different bill. You saw leadership in this body from Rep. Craig Day 1 43 Monday, January 25, 2016 Powell, from a district that traditionally you would assume would immediately be opposed to this bill, stepped forward and, like a leader, lent his support and his efforts to equalizing funding for our public schools and our students. That had",2026-06-11T19:43:51
real_candidate_00043,2016,13,Unknown,Public Concern / Needs Review,00004305.txt,archive/extracted_text/legacy/00004305.txt,1063,needs_human_review,"opposed to this bill, stepped forward and, like a leader, lent his support and his","Day 1 43 Monday, January 25, 2016 Powell, from a district that traditionally you would assume would immediately be opposed to this bill, stepped forward and, like a leader, lent his support and his efforts to equalizing funding for our public schools and our students. That had never been done before and we did it and I’m proud of it. (applause)",2026-06-11T19:43:51
real_candidate_00235,2016,13,Unknown,Dust / PM / Gravel,April-6-2016.txt,archive/extracted_text/legacy/April-6-2016.txt,179,needs_human_review,,"shall be applied at active portions of the site and  on gravel access roads between the site and the nearest paved road during periods of hauling. b. If noise complaints are received by the county, owners and their authorized agents shall comply with the following hours of operation:  (7:00 AM to 9:30",2026-06-11T19:44:32
real_candidate_00236,2016,13,Unknown,Noise / Vibration,April-6-2016.txt,archive/extracted_text/legacy/April-6-2016.txt,180,needs_human_review,"b. If noise complaints are received by the county, owners and their authorized","between the site and the nearest paved road during periods of hauling. b. If noise complaints are received by the county, owners and their authorized agents shall comply with the following hours of operation:  (7:00 AM to 9:30 PM on weekdays, 8:00 AM to 9:30 PM on Saturdays and  9:00 AM to 9:30",2026-06-11T19:44:32
real_candidate_00237,2016,13,Unknown,Noise / Vibration,April-6-2016.txt,archive/extracted_text/legacy/April-6-2016.txt,181,needs_human_review,agents shall comply with the following hours of operation:  (7:00 AM to 9:30,"b. If noise complaints are received by the county, owners and their authorized agents shall comply with the following hours of operation:  (7:00 AM to 9:30 PM on weekdays, 8:00 AM to 9:30 PM on Saturdays and  9:00 AM to 9:30 PM on Sundays and holidays).",2026-06-11T19:44:32
real_candidate_00238,2016,13,Unknown,Noise / Vibration,April-6-2016.txt,archive/extracted_text/legacy/April-6-2016.txt,182,needs_human_review,"PM on weekdays, 8:00 AM to 9:30 PM on Saturdays and  9:00 AM to 9:30","b. If noise complaints are received by the county, owners and their authorized agents shall comply with the following hours of operation:  (7:00 AM to 9:30 PM on weekdays, 8:00 AM to 9:30 PM on Saturdays and  9:00 AM to 9:30 PM on Sundays and holidays). 5",2026-06-11T19:44:32
real_candidate_00249,2016,13,Unknown,Dust / PM / Gravel,April-6-2016.txt,archive/extracted_text/legacy/April-6-2016.txt,363,needs_human_review,,"shall be applied at active portions of the site and  on gravel access roads between the site and the nearest paved road during periods of hauling. b. If noise complaints are received by the county, owners and their authorized agents shall comply with the following hours of operation:  (7:00 AM to 9:30",2026-06-11T19:44:32
real_candidate_00250,2016,13,Unknown,Noise / Vibration,April-6-2016.txt,archive/extracted_text/legacy/April-6-2016.txt,364,needs_human_review,"b. If noise complaints are received by the county, owners and their authorized","between the site and the nearest paved road during periods of hauling. b. If noise complaints are received by the county, owners and their authorized agents shall comply with the following hours of operation:  (7:00 AM to 9:30 9",2026-06-11T19:44:32
real_candidate_00251,2016,13,Unknown,Noise / Vibration,April-6-2016.txt,archive/extracted_text/legacy/April-6-2016.txt,365,needs_human_review,agents shall comply with the following hours of operation:  (7:00 AM to 9:30,"b. If noise complaints are received by the county, owners and their authorized agents shall comply with the following hours of operation:  (7:00 AM to 9:30 9 PM on weekdays, 8:00 AM to 9:30 PM on Saturdays and  9:00 AM to 9:30",2026-06-11T19:44:32
real_candidate_00252,2016,13,Unknown,Noise / Vibration,April-6-2016.txt,archive/extracted_text/legacy/April-6-2016.txt,366,needs_human_review,9,"b. If noise complaints are received by the county, owners and their authorized agents shall comply with the following hours of operation:  (7:00 AM to 9:30 9 PM on weekdays, 8:00 AM to 9:30 PM on Saturdays and  9:00 AM to 9:30 PM on Sundays and holidays).",2026-06-11T19:44:32
real_candidate_00276,2016,13,Unknown,Public Concern / Needs Review,December-7-2016.txt,archive/extracted_text/legacy/December-7-2016.txt,478,needs_human_review,extracting rock from this location and eventually became the owner of the quarry. As the,"Kirk Holt, adjoining property owner, explained the background on how Mr. Eskelson started extracting rock from this location and eventually became the owner of the quarry. As the operation became larger and more frequent and the H olt’s started staying at the cabin more often he stated having a commercial quarry site right next to what is going to be their",2026-06-11T19:44:34
real_candidate_00277,2016,13,Unknown,Public Concern / Needs Review,December-7-2016.txt,archive/extracted_text/legacy/December-7-2016.txt,479,needs_human_review,operation became larger and more frequent and the H olt’s started staying at the cabin,"Kirk Holt, adjoining property owner, explained the background on how Mr. Eskelson started extracting rock from this location and eventually became the owner of the quarry. As the operation became larger and more frequent and the H olt’s started staying at the cabin more often he stated having a commercial quarry site right next to what is going to be their residence in the future is not reasonable. Mr. Holt  has invested everything he owns in to",2026-06-11T19:44:34
real_candidate_00354,2016,13,Unknown,Public Concern / Needs Review,October-5-2016.txt,archive/extracted_text/legacy/October-5-2016.txt,163,needs_human_review,"Cody Ames, applicant and property owner stated they will do computer and phone repairs","the applicant was invited to speak. Cody Ames, applicant and property owner stated they will do computer and phone repairs in the house and small engine (lawnmowers, 4 wheelers, tillers) repair in the garage area. Mr. Ames asked the Planning Commission if they had any questions?",2026-06-11T19:44:47
real_candidate_00355,2016,13,Unknown,Public Concern / Needs Review,October-5-2016.txt,archive/extracted_text/legacy/October-5-2016.txt,164,needs_human_review,"in the house and small engine (lawnmowers, 4 wheelers, tillers) repair in the garage area.","Cody Ames, applicant and property owner stated they will do computer and phone repairs in the house and small engine (lawnmowers, 4 wheelers, tillers) repair in the garage area. Mr. Ames asked the Planning Commission if they had any questions?",2026-06-11T19:44:47
real_candidate_00356,2016,13,Unknown,Public Concern / Needs Review,October-5-2016.txt,archive/extracted_text/legacy/October-5-2016.txt,165,needs_human_review,Mr. Ames asked the Planning Commission if they had any questions?,"Cody Ames, applicant and property owner stated they will do computer and phone repairs in the house and small engine (lawnmowers, 4 wheelers, tillers) repair in the garage area. Mr. Ames asked the Planning Commission if they had any questions? Chairman Moon asked if they were okay with the conditions for approval. Mr. Ames stated",2026-06-11T19:44:47
real_candidate_00239,2016,12,Unknown,Dust / PM / Gravel,April-6-2016.txt,archive/extracted_text/legacy/April-6-2016.txt,211,needs_human_review,county road and to have the dust and blowing sand f rom this location.  Mr. Rydman,"Allen Rydman, a property owner, stated his concerns about living on an unmaintained county road and to have the dust and blowing sand f rom this location.  Mr. Rydman wants to make sure EP controls any dust issues that may arise.",2026-06-11T19:44:32
real_candidate_00240,2016,12,Unknown,Dust / PM / Gravel,April-6-2016.txt,archive/extracted_text/legacy/April-6-2016.txt,212,needs_human_review,wants to make sure EP controls any dust issues that may arise.,"Allen Rydman, a property owner, stated his concerns about living on an unmaintained county road and to have the dust and blowing sand f rom this location.  Mr. Rydman wants to make sure EP controls any dust issues that may arise. John Beck, a property owner, is concerned about the depth restrictions and how long",2026-06-11T19:44:32
real_candidate_00279,2016,12,Unknown,Dust / PM / Gravel,December-7-2016.txt,archive/extracted_text/legacy/December-7-2016.txt,509,needs_human_review,12,"With no other questions or comments from Mr. Holt, Vice-Chairman Drake asked if there was anyone else in the audience to speak in opposit ion. 12 Dick Walkingshaw, concerned neighbor and property owner, stated his concerns about the quarry. This is their secondary residence and there  is a dust and noise problem. Mr.",2026-06-11T19:44:34
real_candidate_00280,2016,12,Unknown,Dust / PM / Gravel,December-7-2016.txt,archive/extracted_text/legacy/December-7-2016.txt,510,needs_human_review,"Dick Walkingshaw, concerned neighbor and property owner, stated his concerns about the","was anyone else in the audience to speak in opposit ion. 12 Dick Walkingshaw, concerned neighbor and property owner, stated his concerns about the quarry. This is their secondary residence and there  is a dust and noise problem. Mr. Eskelson stated he didn’t know he needed a permit but he got a letter from DOGM in 2014.",2026-06-11T19:44:34
real_candidate_00281,2016,12,Unknown,Dust / PM / Gravel,December-7-2016.txt,archive/extracted_text/legacy/December-7-2016.txt,511,needs_human_review,quarry. This is their secondary residence and there  is a dust and noise problem. Mr.,"12 Dick Walkingshaw, concerned neighbor and property owner, stated his concerns about the quarry. This is their secondary residence and there  is a dust and noise problem. Mr. Eskelson stated he didn’t know he needed a permit but he got a letter from DOGM in 2014. His trucks are overloaded and the road was not built for the weight his trucks carry or any",2026-06-11T19:44:34
real_candidate_00282,2016,12,Unknown,Dust / PM / Gravel,December-7-2016.txt,archive/extracted_text/legacy/December-7-2016.txt,512,needs_human_review,Eskelson stated he didn’t know he needed a permit but he got a letter from DOGM in 2014.,"Dick Walkingshaw, concerned neighbor and property owner, stated his concerns about the quarry. This is their secondary residence and there  is a dust and noise problem. Mr. Eskelson stated he didn’t know he needed a permit but he got a letter from DOGM in 2014. His trucks are overloaded and the road was not built for the weight his trucks carry or any commercial use, there are no passing areas on the road and atv restrictions are in place.",2026-06-11T19:44:34
real_candidate_00044,2016,11,Unknown,Public Concern / Needs Review,00004305.txt,archive/extracted_text/legacy/00004305.txt,53197,needs_human_review,be afforded additional time to present their concerns and interests in how,"County who were the first known inhabitants of the Bears Ears area are strongly opposed to the designation of a national monument and should be afforded additional time to present their concerns and interests in how the area would be managed in the future; Day 1 1525 Wednesday, May 18, 2016",2026-06-11T19:43:54
real_candidate_00045,2016,11,Unknown,Public Concern / Needs Review,00004305.txt,archive/extracted_text/legacy/00004305.txt,53198,needs_human_review,the area would be managed in the future;,"strongly opposed to the designation of a national monument and should be afforded additional time to present their concerns and interests in how the area would be managed in the future; Day 1 1525 Wednesday, May 18, 2016 125 WHEREAS, the Legislature and the Governor invite the",2026-06-11T19:43:54
real_candidate_00357,2016,11,Unknown,Public Concern / Needs Review,October-5-2016.txt,archive/extracted_text/legacy/October-5-2016.txt,168,needs_human_review,they did not have any concerns.,Chairman Moon asked if they were okay with the conditions for approval. Mr. Ames stated they did not have any concerns. With no one in the audience to speak either in favor or opposed to the applicant’s request.,2026-06-11T19:44:47
real_candidate_00241,2016,10,Unknown,Dust / PM / Gravel,April-6-2016.txt,archive/extracted_text/legacy/April-6-2016.txt,213,needs_human_review,,"county road and to have the dust and blowing sand f rom this location.  Mr. Rydman wants to make sure EP controls any dust issues that may arise. John Beck, a property owner, is concerned about the depth restrictions and how long their permit will be valid.  Mr. Hyde stated they are extracting sand and does not think",2026-06-11T19:44:32
real_candidate_00242,2016,10,Unknown,Dust / PM / Gravel,April-6-2016.txt,archive/extracted_text/legacy/April-6-2016.txt,214,needs_human_review,"John Beck, a property owner, is concerned about the depth restrictions and how long","wants to make sure EP controls any dust issues that may arise. John Beck, a property owner, is concerned about the depth restrictions and how long their permit will be valid.  Mr. Hyde stated they are extracting sand and does not think the sand deposits go very deep. He indicated their permit is valid until they stop working",2026-06-11T19:44:32
real_candidate_00255,2016,10,Unknown,Public Concern / Needs Review,April-6-2016.txt,archive/extracted_text/legacy/April-6-2016.txt,398,needs_human_review,hours of operation.,"John Beck, a property owner in the vicinity has some concerns about the lights and hours of operation. Commissioner Lindsay stated the newer lights have a shield on them to direct the light",2026-06-11T19:44:32
real_candidate_00256,2016,10,Unknown,Public Concern / Needs Review,April-6-2016.txt,archive/extracted_text/legacy/April-6-2016.txt,399,needs_human_review,,"John Beck, a property owner in the vicinity has some concerns about the lights and hours of operation. Commissioner Lindsay stated the newer lights have a shield on them to direct the light downward.",2026-06-11T19:44:32
real_candidate_00268,2016,10,Unknown,Dust / PM / Gravel,December-7-2016.txt,archive/extracted_text/legacy/December-7-2016.txt,55,needs_human_review,Mr. Hyde stated the proposed use has the potential to be detrimental to other property,"or injurious to property or improvements in the vicinity, and will not be detrimental to the public health, safety or general welfare. Mr. Hyde stated the proposed use has the potential to be detrimental to other property owners and the public health, safety and general welfare if conditions are not imposed to regulate noise (hours of use) and control dust.",2026-06-11T19:44:34
real_candidate_00269,2016,10,Unknown,Dust / PM / Gravel,December-7-2016.txt,archive/extracted_text/legacy/December-7-2016.txt,56,needs_human_review,"owners and the public health, safety and general welfare if conditions are not imposed","detrimental to the public health, safety or general welfare. Mr. Hyde stated the proposed use has the potential to be detrimental to other property owners and the public health, safety and general welfare if conditions are not imposed to regulate noise (hours of use) and control dust.",2026-06-11T19:44:34
real_candidate_00270,2016,10,Unknown,Dust / PM / Gravel,December-7-2016.txt,archive/extracted_text/legacy/December-7-2016.txt,57,needs_human_review,to regulate noise (hours of use) and control dust.,"Mr. Hyde stated the proposed use has the potential to be detrimental to other property owners and the public health, safety and general welfare if conditions are not imposed to regulate noise (hours of use) and control dust. The Federal Aviation Administration, as stated in their letter of October 27, 2016,",2026-06-11T19:44:34
real_candidate_00278,2016,10,Unknown,Public Concern / Needs Review,December-7-2016.txt,archive/extracted_text/legacy/December-7-2016.txt,508,needs_human_review,was anyone else in the audience to speak in opposit ion.,"With no other questions or comments from Mr. Holt, Vice-Chairman Drake asked if there was anyone else in the audience to speak in opposit ion. 12 Dick Walkingshaw, concerned neighbor and property owner, stated his concerns about the",2026-06-11T19:44:34
