path,name,extension,hits,urls_found
archive/sources/complaint_records/020_verified_candidate_0020.html,020_verified_candidate_0020.html,.html,,https://le.utah.gov/interim/2018/pdf/00004302.pdf
archive/sources/complaint_records/021_verified_candidate_0021.html,021_verified_candidate_0021.html,.html,,https://le.utah.gov/interim/2018/pdf/00004321.pdf
archive/sources/complaint_records/022_verified_candidate_0022.html,022_verified_candidate_0022.html,.html,,https://www.duchesne.utah.gov/wp-content/uploads/clerk/Commission%20Minutes/2011/01-24-11.pdf
archive/sources/complaint_records/023_verified_candidate_0023.html,023_verified_candidate_0023.html,.html,,https://www.duchesne.utah.gov/wp-content/uploads/clerk/Commission%20Minutes/2013/05-20-13.pdf
archive/sources/complaint_records/024_verified_candidate_0024.html,024_verified_candidate_0024.html,.html,,https://www.duchesne.utah.gov/wp-content/uploads/clerk/Commission%20Minutes/2012/06-11-12.pdf
archive/sources/complaint_records/025_verified_candidate_0025.html,025_verified_candidate_0025.html,.html,,https://www.duchesne.utah.gov/wp-content/uploads/clerk/Commission%20Minutes/2012/08-06-12.pdf
archive/sources/complaint_records/026_verified_candidate_0026.html,026_verified_candidate_0026.html,.html,,https://www.duchesne.utah.gov/wp-content/uploads/planning/Minutes/2008/August-6-2008.pdf
archive/sources/complaint_records/027_verified_candidate_0027.html,027_verified_candidate_0027.html,.html,,https://duchesne.utah.gov/wp-content/uploads/2026/05/Duchesne-County-Planning-Commission-4_02_2026.pdf
archive/sources/complaint_records/028_verified_candidate_0028.html,028_verified_candidate_0028.html,.html,,https://duchesne.utah.gov/wp-content/uploads/2025/03/Duchesne-County-Planning-Commission-Meeting-Minutes-Feb-5th-2025.pdf
archive/sources/complaint_records/029_verified_candidate_0029.html,029_verified_candidate_0029.html,.html,,https://www.duchesne.utah.gov/wp-content/uploads/planning/Minutes/2011/February-2-2011.pdf
archive/sources/complaint_records/030_verified_candidate_0030.html,030_verified_candidate_0030.html,.html,,https://www.duchesne.utah.gov/wp-content/uploads/planning/Minutes/2009/January-7-2009.pdf
archive/sources/complaint_records/031_verified_candidate_0031.html,031_verified_candidate_0031.html,.html,,https://www.duchesne.utah.gov/wp-content/uploads/planning/Minutes/2009/July-1-2009.pdf
archive/sources/complaint_records/032_verified_candidate_0032.html,032_verified_candidate_0032.html,.html,,https://www.duchesne.utah.gov/wp-content/uploads/planning/Minutes/2013/June-5-2013.pdf
archive/sources/complaint_records/033_verified_candidate_0033.html,033_verified_candidate_0033.html,.html,,https://www.duchesne.utah.gov/wp-content/uploads/planning/Minutes/2013/June-5-2013.pdf
archive/sources/complaint_records/034_verified_candidate_0034.html,034_verified_candidate_0034.html,.html,,https://www.duchesne.utah.gov/wp-content/uploads/planning/Minutes/2012/June-6-2012.pdf
archive/sources/complaint_records/035_verified_candidate_0035.html,035_verified_candidate_0035.html,.html,,https://www.duchesne.utah.gov/wp-content/uploads/planning/Minutes/2007/March-7-2007.pdf
archive/sources/complaint_records/036_verified_candidate_0036.html,036_verified_candidate_0036.html,.html,,https://duchesne.utah.gov/wp-content/uploads/2024/12/Ordinance-24-409-Version-7.pdf
archive/sources/complaint_records/037_verified_candidate_0037.html,037_verified_candidate_0037.html,.html,,https://duchesne.utah.gov/wp-content/uploads/weed-dept/ORDINANCE_224.pdf
archive/sources/complaint_records/038_verified_candidate_0038.html,038_verified_candidate_0038.html,.html,,https://le.utah.gov/interim/historical/s1969.pdf
archive/sources/complaint_records/039_verified_candidate_0039.html,039_verified_candidate_0039.html,.html,,https://www.duchesne.utah.gov/wp-content/uploads/planning/Minutes/2008/September-3-2008.pdf
archive/sources/complaint_records/040_verified_candidate_0040.html,040_verified_candidate_0040.html,.html,,https://www.duchesne.utah.gov/wp-content/uploads/planning/Minutes/2012/September-5-2012.pdf
archive/sources/complaint_records/041_verified_candidate_0041.html,041_verified_candidate_0041.html,.html,,https://www.duchesne.utah.gov/wp-content/uploads/planning/Minutes/2012/September-5-2012.pdf
archive/sources/complaint_records/042_verified_candidate_0042.html,042_verified_candidate_0042.html,.html,,https://www.duchesne.utah.gov/wp-content/uploads/planning/Minutes/2012/September-5-2012.pdf
archive/sources/complaint_records/043_verified_candidate_0043.html,043_verified_candidate_0043.html,.html,,https://duchesne.utah.gov/wp-content/uploads/2024/12/Ordinance-24-409-Version-7.pdf
archive/sources/complaint_records/044_verified_candidate_0044.html,044_verified_candidate_0044.html,.html,,https://duchesne.utah.gov/wp-content/uploads/2026/05/Duchesne-County-Planning-Commission-4_02_2026.pdf
archive/sources/complaint_records/045_verified_candidate_0045.html,045_verified_candidate_0045.html,.html,,https://le.utah.gov/interim/2025/pdf/00003652.pdf
archive/sources/complaint_records/046_verified_candidate_0046.html,046_verified_candidate_0046.html,.html,,https://duchesne.utah.gov/wp-content/uploads/2023/06/5-3-23.pdf
archive/sources/complaint_records/047_verified_candidate_0047.html,047_verified_candidate_0047.html,.html,,https://www.duchesne.utah.gov/wp-content/uploads/2017/04/December-7-2016.pdf
archive/sources/complaint_records/048_verified_candidate_0048.html,048_verified_candidate_0048.html,.html,,https://duchesne.utah.gov/wp-content/uploads/2022/09/Duchesne_CRMP_2022.pdf
archive/sources/complaint_records/049_verified_candidate_0049.html,049_verified_candidate_0049.html,.html,,https://duchesne.utah.gov/wp-content/uploads/2024/12/General-Plan-2024-1.pdf
archive/sources/complaint_records/050_verified_candidate_0050.html,050_verified_candidate_0050.html,.html,,https://duchesne.utah.gov/wp-content/uploads/2024/12/Ordinance-24-409-Version-7.pdf
archive/sources/deq_2006_2015_records/deq_2006_2015_deq_incident_106.html,deq_2006_2015_deq_incident_106.html,.html,content:Newfield,
archive/sources/deq_2006_2015_records/deq_2006_2015_deq_incident_108.html,deq_2006_2015_deq_incident_108.html,.html,content:Treated Injection Water | content:Newfield,
archive/sources/deq_2006_2015_records/deq_2006_2015_deq_incident_109.html,deq_2006_2015_deq_incident_109.html,.html,content:Treated Injection Water | content:Newfield,
archive/sources/deq_2006_2015_records/deq_2006_2015_deq_incident_11.html,deq_2006_2015_deq_incident_11.html,.html,content:Newfield,
archive/sources/deq_2006_2015_records/deq_2006_2015_deq_incident_116.html,deq_2006_2015_deq_incident_116.html,.html,content:Newfield,
archive/sources/deq_2006_2015_records/deq_2006_2015_deq_incident_12.html,deq_2006_2015_deq_incident_12.html,.html,content:Newfield,
archive/sources/deq_2006_2015_records/deq_2006_2015_deq_incident_129.html,deq_2006_2015_deq_incident_129.html,.html,content:Newfield,
archive/sources/deq_2006_2015_records/deq_2006_2015_deq_incident_145.html,deq_2006_2015_deq_incident_145.html,.html,content:Newfield,
archive/sources/deq_2006_2015_records/deq_2006_2015_deq_incident_151.html,deq_2006_2015_deq_incident_151.html,.html,content:Newfield,
archive/sources/deq_2006_2015_records/deq_2006_2015_deq_incident_156.html,deq_2006_2015_deq_incident_156.html,.html,content:Newfield,
archive/sources/deq_2006_2015_records/deq_2006_2015_deq_incident_161.html,deq_2006_2015_deq_incident_161.html,.html,content:Newfield,
archive/sources/deq_2006_2015_records/deq_2006_2015_deq_incident_17.html,deq_2006_2015_deq_incident_17.html,.html,content:Newfield,
archive/sources/deq_2006_2015_records/deq_2006_2015_deq_incident_170.html,deq_2006_2015_deq_incident_170.html,.html,content:Newfield,
archive/sources/deq_2006_2015_records/deq_2006_2015_deq_incident_171.html,deq_2006_2015_deq_incident_171.html,.html,content:Newfield,
archive/sources/deq_2006_2015_records/deq_2006_2015_deq_incident_178.html,deq_2006_2015_deq_incident_178.html,.html,content:Newfield,
archive/sources/deq_2006_2015_records/deq_2006_2015_deq_incident_189.html,deq_2006_2015_deq_incident_189.html,.html,content:Newfield,
archive/sources/deq_2006_2015_records/deq_2006_2015_deq_incident_2.html,deq_2006_2015_deq_incident_2.html,.html,content:Treated Injection Water | content:Newfield,
archive/sources/deq_2006_2015_records/deq_2006_2015_deq_incident_200.html,deq_2006_2015_deq_incident_200.html,.html,,https://picasaweb.google.com/105377044848809547245/WintertonTruckingSpill?authuser=0&amp;authkey=Gv1sRgCIfr7LCw8tmdCw&amp;feat=directlink
archive/sources/deq_2006_2015_records/deq_2006_2015_deq_incident_203.html,deq_2006_2015_deq_incident_203.html,.html,content:Newfield,
archive/sources/deq_2006_2015_records/deq_2006_2015_deq_incident_204.html,deq_2006_2015_deq_incident_204.html,.html,content:Treated Injection Water | content:Newfield,
archive/sources/deq_2006_2015_records/deq_2006_2015_deq_incident_207.html,deq_2006_2015_deq_incident_207.html,.html,content:Treated Injection Water | content:Newfield,
archive/sources/deq_2006_2015_records/deq_2006_2015_deq_incident_208.html,deq_2006_2015_deq_incident_208.html,.html,content:Newfield,
archive/sources/deq_2006_2015_records/deq_2006_2015_deq_incident_213.html,deq_2006_2015_deq_incident_213.html,.html,content:Treated Injection Water | content:Newfield,
archive/sources/deq_2006_2015_records/deq_2006_2015_deq_incident_223.html,deq_2006_2015_deq_incident_223.html,.html,content:Newfield,
archive/sources/deq_2006_2015_records/deq_2006_2015_deq_incident_228.html,deq_2006_2015_deq_incident_228.html,.html,content:Treated Injection Water | content:Newfield,
archive/sources/deq_2006_2015_records/deq_2006_2015_deq_incident_242.html,deq_2006_2015_deq_incident_242.html,.html,content:Treated Injection Water,
archive/sources/deq_2006_2015_records/deq_2006_2015_deq_incident_246.html,deq_2006_2015_deq_incident_246.html,.html,content:Newfield,
archive/sources/deq_2006_2015_records/deq_2006_2015_deq_incident_279.html,deq_2006_2015_deq_incident_279.html,.html,content:Newfield,
archive/sources/deq_2006_2015_records/deq_2006_2015_deq_incident_281.html,deq_2006_2015_deq_incident_281.html,.html,content:Newfield,
archive/sources/deq_2006_2015_records/deq_2006_2015_deq_incident_306.html,deq_2006_2015_deq_incident_306.html,.html,content:Newfield,
archive/sources/deq_2006_2015_records/deq_2006_2015_deq_incident_309.html,deq_2006_2015_deq_incident_309.html,.html,content:Newfield,
archive/sources/deq_2006_2015_records/deq_2006_2015_deq_incident_326.html,deq_2006_2015_deq_incident_326.html,.html,content:Treated Injection Water | content:Newfield,
archive/sources/deq_2006_2015_records/deq_2006_2015_deq_incident_332.html,deq_2006_2015_deq_incident_332.html,.html,content:Treated Injection Water | content:Newfield,
archive/sources/deq_2006_2015_records/deq_2006_2015_deq_incident_34.html,deq_2006_2015_deq_incident_34.html,.html,content:Newfield,
archive/sources/deq_2006_2015_records/deq_2006_2015_deq_incident_36.html,deq_2006_2015_deq_incident_36.html,.html,content:Newfield,
archive/sources/deq_2006_2015_records/deq_2006_2015_deq_incident_364.html,deq_2006_2015_deq_incident_364.html,.html,content:Newfield,
archive/sources/deq_2006_2015_records/deq_2006_2015_deq_incident_396.html,deq_2006_2015_deq_incident_396.html,.html,content:Newfield,
archive/sources/deq_2006_2015_records/deq_2006_2015_deq_incident_410.html,deq_2006_2015_deq_incident_410.html,.html,content:Newfield,
archive/sources/deq_2006_2015_records/deq_2006_2015_deq_incident_411.html,deq_2006_2015_deq_incident_411.html,.html,content:Newfield,
archive/sources/deq_2006_2015_records/deq_2006_2015_deq_incident_412.html,deq_2006_2015_deq_incident_412.html,.html,content:Newfield,
archive/sources/deq_2006_2015_records/deq_2006_2015_deq_incident_44.html,deq_2006_2015_deq_incident_44.html,.html,content:Treated Injection Water | content:Newfield,
archive/sources/deq_2006_2015_records/deq_2006_2015_deq_incident_466.html,deq_2006_2015_deq_incident_466.html,.html,content:Newfield,
archive/sources/deq_2006_2015_records/deq_2006_2015_deq_incident_469.html,deq_2006_2015_deq_incident_469.html,.html,content:Treated Injection Water | content:Newfield,
archive/sources/deq_2006_2015_records/deq_2006_2015_deq_incident_470.html,deq_2006_2015_deq_incident_470.html,.html,content:Newfield,
archive/sources/deq_2006_2015_records/deq_2006_2015_deq_incident_476.html,deq_2006_2015_deq_incident_476.html,.html,content:Newfield,
archive/sources/deq_2006_2015_records/deq_2006_2015_deq_incident_481.html,deq_2006_2015_deq_incident_481.html,.html,content:Newfield,
archive/sources/deq_2006_2015_records/deq_2006_2015_deq_incident_482.html,deq_2006_2015_deq_incident_482.html,.html,content:Newfield,
archive/sources/deq_2006_2015_records/deq_2006_2015_deq_incident_483.html,deq_2006_2015_deq_incident_483.html,.html,content:Newfield,
archive/sources/deq_2006_2015_records/deq_2006_2015_deq_incident_485.html,deq_2006_2015_deq_incident_485.html,.html,content:Newfield,
archive/sources/deq_2006_2015_records/deq_2006_2015_deq_incident_488.html,deq_2006_2015_deq_incident_488.html,.html,content:Newfield,
archive/sources/deq_2006_2015_records/deq_2006_2015_deq_incident_5.html,deq_2006_2015_deq_incident_5.html,.html,content:Duchesne H2S | content:H2S Release,
archive/sources/deq_2006_2015_records/deq_2006_2015_deq_incident_50.html,deq_2006_2015_deq_incident_50.html,.html,content:Newfield,
archive/sources/deq_2006_2015_records/deq_2006_2015_deq_incident_513.html,deq_2006_2015_deq_incident_513.html,.html,content:Treated Injection Water | content:Newfield,
archive/sources/deq_2006_2015_records/deq_2006_2015_deq_incident_515.html,deq_2006_2015_deq_incident_515.html,.html,content:Treated Injection Water | content:Newfield,
archive/sources/deq_2006_2015_records/deq_2006_2015_deq_incident_517.html,deq_2006_2015_deq_incident_517.html,.html,content:Treated Injection Water | content:Newfield,
archive/sources/deq_2006_2015_records/deq_2006_2015_deq_incident_52.html,deq_2006_2015_deq_incident_52.html,.html,content:Treated Injection Water | content:Newfield,
archive/sources/deq_2006_2015_records/deq_2006_2015_deq_incident_520.html,deq_2006_2015_deq_incident_520.html,.html,content:Treated Injection Water | content:Newfield,
archive/sources/deq_2006_2015_records/deq_2006_2015_deq_incident_62.html,deq_2006_2015_deq_incident_62.html,.html,content:Newfield,
archive/sources/deq_2006_2015_records/deq_2006_2015_deq_incident_64.html,deq_2006_2015_deq_incident_64.html,.html,content:Newfield,
archive/sources/deq_2006_2015_records/deq_2006_2015_deq_incident_73.html,deq_2006_2015_deq_incident_73.html,.html,content:Newfield,
archive/sources/deq_2006_2015_records/deq_2006_2015_deq_incident_78.html,deq_2006_2015_deq_incident_78.html,.html,content:Treated Injection Water | content:Newfield,
archive/sources/deq_2006_2015_records/deq_2006_2015_deq_incident_89.html,deq_2006_2015_deq_incident_89.html,.html,content:Newfield,
archive/sources/deq_2006_2015_records/deq_2006_2015_deq_incident_93.html,deq_2006_2015_deq_incident_93.html,.html,content:Newfield,
archive/sources/deq_2016_2019_records/deq_2016_2019_12489.html,deq_2016_2019_12489.html,.html,,https://opendata.utah.gov/resource/sce7-b7au.json?id=12489
archive/sources/deq_2016_2019_records/deq_2016_2019_12497.html,deq_2016_2019_12497.html,.html,,https://opendata.utah.gov/resource/sce7-b7au.json?id=12497
archive/sources/deq_2016_2019_records/deq_2016_2019_12524.html,deq_2016_2019_12524.html,.html,content:Treated Injection Water | content:Newfield,https://opendata.utah.gov/resource/sce7-b7au.json?id=12524
archive/sources/deq_2016_2019_records/deq_2016_2019_12536.html,deq_2016_2019_12536.html,.html,content:Treated Injection Water | content:Newfield,https://opendata.utah.gov/resource/sce7-b7au.json?id=12536
archive/sources/deq_2016_2019_records/deq_2016_2019_12539.html,deq_2016_2019_12539.html,.html,,https://opendata.utah.gov/resource/sce7-b7au.json?id=12539
archive/sources/deq_2016_2019_records/deq_2016_2019_12546.html,deq_2016_2019_12546.html,.html,content:Treated Injection Water | content:Newfield,https://opendata.utah.gov/resource/sce7-b7au.json?id=12546
archive/sources/deq_2016_2019_records/deq_2016_2019_12568.html,deq_2016_2019_12568.html,.html,content:Treated Injection Water | content:Newfield,https://opendata.utah.gov/resource/sce7-b7au.json?id=12568
archive/sources/deq_2016_2019_records/deq_2016_2019_12569.html,deq_2016_2019_12569.html,.html,,https://opendata.utah.gov/resource/sce7-b7au.json?id=12569
archive/sources/deq_2016_2019_records/deq_2016_2019_12573.html,deq_2016_2019_12573.html,.html,,https://opendata.utah.gov/resource/sce7-b7au.json?id=12573
archive/sources/deq_2016_2019_records/deq_2016_2019_12575.html,deq_2016_2019_12575.html,.html,content:Newfield,https://opendata.utah.gov/resource/sce7-b7au.json?id=12575
archive/sources/deq_2016_2019_records/deq_2016_2019_12595.html,deq_2016_2019_12595.html,.html,content:Newfield,https://opendata.utah.gov/resource/sce7-b7au.json?id=12595
archive/sources/deq_2016_2019_records/deq_2016_2019_12606.html,deq_2016_2019_12606.html,.html,,https://opendata.utah.gov/resource/sce7-b7au.json?id=12606
archive/sources/deq_2016_2019_records/deq_2016_2019_12607.html,deq_2016_2019_12607.html,.html,,https://opendata.utah.gov/resource/sce7-b7au.json?id=12607
archive/sources/deq_2016_2019_records/deq_2016_2019_12611.html,deq_2016_2019_12611.html,.html,content:Treated Injection Water | content:Newfield,https://opendata.utah.gov/resource/sce7-b7au.json?id=12611
archive/sources/deq_2016_2019_records/deq_2016_2019_12612.html,deq_2016_2019_12612.html,.html,content:Newfield,https://opendata.utah.gov/resource/sce7-b7au.json?id=12612
archive/sources/deq_2016_2019_records/deq_2016_2019_12625.html,deq_2016_2019_12625.html,.html,,https://opendata.utah.gov/resource/sce7-b7au.json?id=12625
archive/sources/deq_2016_2019_records/deq_2016_2019_12629.html,deq_2016_2019_12629.html,.html,content:Treated Injection Water | content:Newfield,https://opendata.utah.gov/resource/sce7-b7au.json?id=12629
archive/sources/deq_2016_2019_records/deq_2016_2019_12632.html,deq_2016_2019_12632.html,.html,,https://opendata.utah.gov/resource/sce7-b7au.json?id=12632
archive/sources/deq_2016_2019_records/deq_2016_2019_12636.html,deq_2016_2019_12636.html,.html,content:Treated Injection Water | content:Newfield,https://opendata.utah.gov/resource/sce7-b7au.json?id=12636
archive/sources/deq_2016_2019_records/deq_2016_2019_12649.html,deq_2016_2019_12649.html,.html,,https://opendata.utah.gov/resource/sce7-b7au.json?id=12649
archive/sources/deq_2016_2019_records/deq_2016_2019_12650.html,deq_2016_2019_12650.html,.html,content:Treated Injection Water | content:Newfield,https://opendata.utah.gov/resource/sce7-b7au.json?id=12650
archive/sources/deq_2016_2019_records/deq_2016_2019_12668.html,deq_2016_2019_12668.html,.html,content:Treated Injection Water | content:Newfield,https://opendata.utah.gov/resource/sce7-b7au.json?id=12668
archive/sources/deq_2016_2019_records/deq_2016_2019_12676.html,deq_2016_2019_12676.html,.html,,https://opendata.utah.gov/resource/sce7-b7au.json?id=12676
archive/sources/deq_2016_2019_records/deq_2016_2019_12683.html,deq_2016_2019_12683.html,.html,content:Treated Injection Water | content:Newfield,https://opendata.utah.gov/resource/sce7-b7au.json?id=12683
archive/sources/deq_2016_2019_records/deq_2016_2019_12690.html,deq_2016_2019_12690.html,.html,,https://opendata.utah.gov/resource/sce7-b7au.json?id=12690
archive/sources/deq_2016_2019_records/deq_2016_2019_12699.html,deq_2016_2019_12699.html,.html,,https://opendata.utah.gov/resource/sce7-b7au.json?id=12699
archive/sources/deq_2016_2019_records/deq_2016_2019_12712.html,deq_2016_2019_12712.html,.html,content:Treated Injection Water | content:Newfield,https://opendata.utah.gov/resource/sce7-b7au.json?id=12712
archive/sources/deq_2016_2019_records/deq_2016_2019_12718.html,deq_2016_2019_12718.html,.html,,https://opendata.utah.gov/resource/sce7-b7au.json?id=12718
archive/sources/deq_2016_2019_records/deq_2016_2019_12738.html,deq_2016_2019_12738.html,.html,content:Newfield,https://opendata.utah.gov/resource/sce7-b7au.json?id=12738
archive/sources/deq_2016_2019_records/deq_2016_2019_12747.html,deq_2016_2019_12747.html,.html,content:Treated Injection Water | content:Newfield,https://opendata.utah.gov/resource/sce7-b7au.json?id=12747
archive/sources/deq_2016_2019_records/deq_2016_2019_12756.html,deq_2016_2019_12756.html,.html,content:Treated Injection Water | content:Newfield,https://opendata.utah.gov/resource/sce7-b7au.json?id=12756
archive/sources/deq_2016_2019_records/deq_2016_2019_12758.html,deq_2016_2019_12758.html,.html,content:Treated Injection Water | content:Newfield,https://opendata.utah.gov/resource/sce7-b7au.json?id=12758
archive/sources/deq_2016_2019_records/deq_2016_2019_12770.html,deq_2016_2019_12770.html,.html,,https://opendata.utah.gov/resource/sce7-b7au.json?id=12770
archive/sources/deq_2016_2019_records/deq_2016_2019_12771.html,deq_2016_2019_12771.html,.html,content:Treated Injection Water | content:Newfield,https://opendata.utah.gov/resource/sce7-b7au.json?id=12771
archive/sources/deq_2016_2019_records/deq_2016_2019_12772.html,deq_2016_2019_12772.html,.html,content:Treated Injection Water | content:Newfield,https://opendata.utah.gov/resource/sce7-b7au.json?id=12772
archive/sources/deq_2016_2019_records/deq_2016_2019_12773.html,deq_2016_2019_12773.html,.html,filename:12773 | content:12773 | content:Soldier Creek Marina,https://opendata.utah.gov/resource/sce7-b7au.json?id=12773
archive/sources/deq_2016_2019_records/deq_2016_2019_12778.html,deq_2016_2019_12778.html,.html,content:Newfield,https://opendata.utah.gov/resource/sce7-b7au.json?id=12778
archive/sources/deq_2016_2019_records/deq_2016_2019_12787.html,deq_2016_2019_12787.html,.html,,https://opendata.utah.gov/resource/sce7-b7au.json?id=12787
archive/sources/deq_2016_2019_records/deq_2016_2019_12795.html,deq_2016_2019_12795.html,.html,content:Treated Injection Water | content:Newfield,https://opendata.utah.gov/resource/sce7-b7au.json?id=12795
archive/sources/deq_2016_2019_records/deq_2016_2019_12810.html,deq_2016_2019_12810.html,.html,content:Newfield,https://opendata.utah.gov/resource/sce7-b7au.json?id=12810
archive/sources/deq_2016_2019_records/deq_2016_2019_12817.html,deq_2016_2019_12817.html,.html,,https://opendata.utah.gov/resource/sce7-b7au.json?id=12817
archive/sources/deq_2016_2019_records/deq_2016_2019_12818.html,deq_2016_2019_12818.html,.html,,https://opendata.utah.gov/resource/sce7-b7au.json?id=12818
archive/sources/deq_2016_2019_records/deq_2016_2019_12834.html,deq_2016_2019_12834.html,.html,,https://opendata.utah.gov/resource/sce7-b7au.json?id=12834
archive/sources/deq_2016_2019_records/deq_2016_2019_12840.html,deq_2016_2019_12840.html,.html,,https://opendata.utah.gov/resource/sce7-b7au.json?id=12840
archive/sources/deq_2016_2019_records/deq_2016_2019_12845.html,deq_2016_2019_12845.html,.html,,https://opendata.utah.gov/resource/sce7-b7au.json?id=12845
archive/sources/deq_2016_2019_records/deq_2016_2019_12848.html,deq_2016_2019_12848.html,.html,,https://opendata.utah.gov/resource/sce7-b7au.json?id=12848
archive/sources/deq_2016_2019_records/deq_2016_2019_12850.html,deq_2016_2019_12850.html,.html,,https://opendata.utah.gov/resource/sce7-b7au.json?id=12850
archive/sources/deq_2016_2019_records/deq_2016_2019_12852.html,deq_2016_2019_12852.html,.html,,https://opendata.utah.gov/resource/sce7-b7au.json?id=12852
archive/sources/deq_2016_2019_records/deq_2016_2019_12856.html,deq_2016_2019_12856.html,.html,,https://opendata.utah.gov/resource/sce7-b7au.json?id=12856
archive/sources/deq_2016_2019_records/deq_2016_2019_12857.html,deq_2016_2019_12857.html,.html,content:Newfield,https://opendata.utah.gov/resource/sce7-b7au.json?id=12857
archive/sources/deq_2016_2019_records/deq_2016_2019_12859.html,deq_2016_2019_12859.html,.html,content:Treated Injection Water | content:Newfield,https://opendata.utah.gov/resource/sce7-b7au.json?id=12859
archive/sources/deq_2016_2019_records/deq_2016_2019_12872.html,deq_2016_2019_12872.html,.html,content:Treated Injection Water | content:Newfield,https://opendata.utah.gov/resource/sce7-b7au.json?id=12872
archive/sources/deq_2016_2019_records/deq_2016_2019_12874.html,deq_2016_2019_12874.html,.html,,https://opendata.utah.gov/resource/sce7-b7au.json?id=12874
archive/sources/deq_2016_2019_records/deq_2016_2019_12875.html,deq_2016_2019_12875.html,.html,,https://opendata.utah.gov/resource/sce7-b7au.json?id=12875
archive/sources/deq_2016_2019_records/deq_2016_2019_12876.html,deq_2016_2019_12876.html,.html,content:Treated Injection Water | content:Newfield,https://opendata.utah.gov/resource/sce7-b7au.json?id=12876
archive/sources/deq_2016_2019_records/deq_2016_2019_12878.html,deq_2016_2019_12878.html,.html,,https://opendata.utah.gov/resource/sce7-b7au.json?id=12878
archive/sources/deq_2016_2019_records/deq_2016_2019_12883.html,deq_2016_2019_12883.html,.html,,https://opendata.utah.gov/resource/sce7-b7au.json?id=12883
archive/sources/deq_2016_2019_records/deq_2016_2019_12906.html,deq_2016_2019_12906.html,.html,content:Newfield,https://opendata.utah.gov/resource/sce7-b7au.json?id=12906
archive/sources/deq_2016_2019_records/deq_2016_2019_12911.html,deq_2016_2019_12911.html,.html,,https://opendata.utah.gov/resource/sce7-b7au.json?id=12911
archive/sources/deq_2016_2019_records/deq_2016_2019_12913.html,deq_2016_2019_12913.html,.html,,https://opendata.utah.gov/resource/sce7-b7au.json?id=12913
archive/sources/deq_2016_2019_records/deq_2016_2019_12927.html,deq_2016_2019_12927.html,.html,,https://opendata.utah.gov/resource/sce7-b7au.json?id=12927
archive/sources/deq_2016_2019_records/deq_2016_2019_12932.html,deq_2016_2019_12932.html,.html,content:Treated Injection Water | content:Newfield,https://opendata.utah.gov/resource/sce7-b7au.json?id=12932
archive/sources/deq_2016_2019_records/deq_2016_2019_12937.html,deq_2016_2019_12937.html,.html,,https://opendata.utah.gov/resource/sce7-b7au.json?id=12937
archive/sources/deq_2016_2019_records/deq_2016_2019_12938.html,deq_2016_2019_12938.html,.html,content:Treated Injection Water | content:Newfield,https://opendata.utah.gov/resource/sce7-b7au.json?id=12938
archive/sources/deq_2016_2019_records/deq_2016_2019_12943.html,deq_2016_2019_12943.html,.html,,https://opendata.utah.gov/resource/sce7-b7au.json?id=12943
archive/sources/deq_2016_2019_records/deq_2016_2019_12945.html,deq_2016_2019_12945.html,.html,,https://opendata.utah.gov/resource/sce7-b7au.json?id=12945
archive/sources/deq_2016_2019_records/deq_2016_2019_12958.html,deq_2016_2019_12958.html,.html,,https://opendata.utah.gov/resource/sce7-b7au.json?id=12958
archive/sources/deq_2016_2019_records/deq_2016_2019_12962.html,deq_2016_2019_12962.html,.html,,https://opendata.utah.gov/resource/sce7-b7au.json?id=12962
archive/sources/deq_2016_2019_records/deq_2016_2019_12970.html,deq_2016_2019_12970.html,.html,content:Treated Injection Water | content:Newfield,https://opendata.utah.gov/resource/sce7-b7au.json?id=12970
archive/sources/deq_2016_2019_records/deq_2016_2019_12971.html,deq_2016_2019_12971.html,.html,,https://opendata.utah.gov/resource/sce7-b7au.json?id=12971
archive/sources/deq_2016_2019_records/deq_2016_2019_12973.html,deq_2016_2019_12973.html,.html,,https://opendata.utah.gov/resource/sce7-b7au.json?id=12973
archive/sources/deq_2016_2019_records/deq_2016_2019_12980.html,deq_2016_2019_12980.html,.html,,https://opendata.utah.gov/resource/sce7-b7au.json?id=12980
archive/sources/deq_2016_2019_records/deq_2016_2019_12982.html,deq_2016_2019_12982.html,.html,,https://opendata.utah.gov/resource/sce7-b7au.json?id=12982
archive/sources/deq_2016_2019_records/deq_2016_2019_12985.html,deq_2016_2019_12985.html,.html,,https://opendata.utah.gov/resource/sce7-b7au.json?id=12985
archive/sources/deq_2016_2019_records/deq_2016_2019_12986.html,deq_2016_2019_12986.html,.html,,https://opendata.utah.gov/resource/sce7-b7au.json?id=12986
archive/sources/deq_2016_2019_records/deq_2016_2019_12989.html,deq_2016_2019_12989.html,.html,content:Treated Injection Water | content:Newfield,https://opendata.utah.gov/resource/sce7-b7au.json?id=12989
archive/sources/deq_2016_2019_records/deq_2016_2019_13006.html,deq_2016_2019_13006.html,.html,content:Treated Injection Water | content:Newfield,https://opendata.utah.gov/resource/sce7-b7au.json?id=13006
archive/sources/deq_2016_2019_records/deq_2016_2019_13007.html,deq_2016_2019_13007.html,.html,filename:13007 | content:13007 | content:Newfield,https://opendata.utah.gov/resource/sce7-b7au.json?id=13007
archive/sources/deq_2016_2019_records/deq_2016_2019_13009.html,deq_2016_2019_13009.html,.html,content:Treated Injection Water | content:Newfield,https://opendata.utah.gov/resource/sce7-b7au.json?id=13009
archive/sources/deq_2016_2019_records/deq_2016_2019_13014.html,deq_2016_2019_13014.html,.html,,https://opendata.utah.gov/resource/sce7-b7au.json?id=13014
archive/sources/deq_2016_2019_records/deq_2016_2019_13015.html,deq_2016_2019_13015.html,.html,content:Treated Injection Water | content:Newfield,https://opendata.utah.gov/resource/sce7-b7au.json?id=13015
archive/sources/deq_2016_2019_records/deq_2016_2019_13017.html,deq_2016_2019_13017.html,.html,content:Treated Injection Water | content:Newfield,https://opendata.utah.gov/resource/sce7-b7au.json?id=13017
archive/sources/deq_2016_2019_records/deq_2016_2019_13021.html,deq_2016_2019_13021.html,.html,,https://opendata.utah.gov/resource/sce7-b7au.json?id=13021
archive/sources/deq_2016_2019_records/deq_2016_2019_13024.html,deq_2016_2019_13024.html,.html,,https://opendata.utah.gov/resource/sce7-b7au.json?id=13024
archive/sources/deq_2016_2019_records/deq_2016_2019_13042.html,deq_2016_2019_13042.html,.html,content:Treated Injection Water | content:Newfield,https://opendata.utah.gov/resource/sce7-b7au.json?id=13042
archive/sources/deq_2016_2019_records/deq_2016_2019_13044.html,deq_2016_2019_13044.html,.html,,https://opendata.utah.gov/resource/sce7-b7au.json?id=13044
archive/sources/deq_2016_2019_records/deq_2016_2019_13047.html,deq_2016_2019_13047.html,.html,,https://opendata.utah.gov/resource/sce7-b7au.json?id=13047
archive/sources/deq_2016_2019_records/deq_2016_2019_13050.html,deq_2016_2019_13050.html,.html,content:Treated Injection Water | content:Newfield,https://opendata.utah.gov/resource/sce7-b7au.json?id=13050
archive/sources/deq_2016_2019_records/deq_2016_2019_13052.html,deq_2016_2019_13052.html,.html,,https://opendata.utah.gov/resource/sce7-b7au.json?id=13052
archive/sources/deq_2016_2019_records/deq_2016_2019_13053.html,deq_2016_2019_13053.html,.html,,https://opendata.utah.gov/resource/sce7-b7au.json?id=13053
archive/sources/deq_2016_2019_records/deq_2016_2019_13055.html,deq_2016_2019_13055.html,.html,,https://opendata.utah.gov/resource/sce7-b7au.json?id=13055
archive/sources/deq_2016_2019_records/deq_2016_2019_13059.html,deq_2016_2019_13059.html,.html,content:Treated Injection Water | content:Newfield,https://opendata.utah.gov/resource/sce7-b7au.json?id=13059
archive/sources/deq_2016_2019_records/deq_2016_2019_13063.html,deq_2016_2019_13063.html,.html,content:Treated Injection Water | content:Newfield,https://opendata.utah.gov/resource/sce7-b7au.json?id=13063
archive/sources/deq_2016_2019_records/deq_2016_2019_13067.html,deq_2016_2019_13067.html,.html,,https://opendata.utah.gov/resource/sce7-b7au.json?id=13067
archive/sources/deq_2016_2019_records/deq_2016_2019_13088.html,deq_2016_2019_13088.html,.html,,https://opendata.utah.gov/resource/sce7-b7au.json?id=13088
archive/sources/deq_2016_2019_records/deq_2016_2019_13089.html,deq_2016_2019_13089.html,.html,,https://opendata.utah.gov/resource/sce7-b7au.json?id=13089
archive/sources/deq_2016_2019_records/deq_2016_2019_13093.html,deq_2016_2019_13093.html,.html,,https://opendata.utah.gov/resource/sce7-b7au.json?id=13093
archive/sources/deq_2016_2019_records/deq_2016_2019_13103.html,deq_2016_2019_13103.html,.html,,https://opendata.utah.gov/resource/sce7-b7au.json?id=13103
archive/sources/deq_2016_2019_records/deq_2016_2019_13110.html,deq_2016_2019_13110.html,.html,,https://opendata.utah.gov/resource/sce7-b7au.json?id=13110
archive/sources/deq_2016_2019_records/deq_2016_2019_13111.html,deq_2016_2019_13111.html,.html,content:Treated Injection Water | content:Newfield,https://opendata.utah.gov/resource/sce7-b7au.json?id=13111
archive/sources/deq_2016_2019_records/deq_2016_2019_13112.html,deq_2016_2019_13112.html,.html,content:Treated Injection Water | content:Newfield,https://opendata.utah.gov/resource/sce7-b7au.json?id=13112
archive/sources/deq_2016_2019_records/deq_2016_2019_13113.html,deq_2016_2019_13113.html,.html,,https://opendata.utah.gov/resource/sce7-b7au.json?id=13113
archive/sources/deq_2016_2019_records/deq_2016_2019_13133.html,deq_2016_2019_13133.html,.html,content:Treated Injection Water | content:Newfield,https://opendata.utah.gov/resource/sce7-b7au.json?id=13133
archive/sources/deq_2016_2019_records/deq_2016_2019_13134.html,deq_2016_2019_13134.html,.html,content:Treated Injection Water | content:Newfield,https://opendata.utah.gov/resource/sce7-b7au.json?id=13134
archive/sources/deq_2016_2019_records/deq_2016_2019_13135.html,deq_2016_2019_13135.html,.html,,https://opendata.utah.gov/resource/sce7-b7au.json?id=13135
archive/sources/deq_2016_2019_records/deq_2016_2019_13141.html,deq_2016_2019_13141.html,.html,content:Treated Injection Water | content:Newfield,https://opendata.utah.gov/resource/sce7-b7au.json?id=13141
archive/sources/deq_2016_2019_records/deq_2016_2019_13153.html,deq_2016_2019_13153.html,.html,,https://opendata.utah.gov/resource/sce7-b7au.json?id=13153
archive/sources/deq_2016_2019_records/deq_2016_2019_13157.html,deq_2016_2019_13157.html,.html,content:Treated Injection Water | content:Newfield,https://opendata.utah.gov/resource/sce7-b7au.json?id=13157
archive/sources/deq_2016_2019_records/deq_2016_2019_13159.html,deq_2016_2019_13159.html,.html,,https://opendata.utah.gov/resource/sce7-b7au.json?id=13159
archive/sources/deq_2016_2019_records/deq_2016_2019_13160.html,deq_2016_2019_13160.html,.html,content:Treated Injection Water | content:Newfield,https://opendata.utah.gov/resource/sce7-b7au.json?id=13160
archive/sources/deq_2016_2019_records/deq_2016_2019_13161.html,deq_2016_2019_13161.html,.html,content:Newfield,https://opendata.utah.gov/resource/sce7-b7au.json?id=13161
archive/sources/deq_2016_2019_records/deq_2016_2019_13166.html,deq_2016_2019_13166.html,.html,content:Treated Injection Water | content:Newfield,https://opendata.utah.gov/resource/sce7-b7au.json?id=13166
archive/sources/deq_2016_2019_records/deq_2016_2019_13177.html,deq_2016_2019_13177.html,.html,content:Treated Injection Water | content:Newfield,https://opendata.utah.gov/resource/sce7-b7au.json?id=13177
archive/sources/deq_2016_2019_records/deq_2016_2019_13181.html,deq_2016_2019_13181.html,.html,content:Treated Injection Water | content:Newfield,https://opendata.utah.gov/resource/sce7-b7au.json?id=13181
archive/sources/deq_2016_2019_records/deq_2016_2019_13200.html,deq_2016_2019_13200.html,.html,content:Treated Injection Water | content:Newfield,https://opendata.utah.gov/resource/sce7-b7au.json?id=13200
archive/sources/deq_2016_2019_records/deq_2016_2019_13202.html,deq_2016_2019_13202.html,.html,content:Treated Injection Water | content:Newfield,https://opendata.utah.gov/resource/sce7-b7au.json?id=13202
archive/sources/deq_2016_2019_records/deq_2016_2019_13203.html,deq_2016_2019_13203.html,.html,content:Treated Injection Water | content:Newfield,https://opendata.utah.gov/resource/sce7-b7au.json?id=13203
archive/sources/deq_2016_2019_records/deq_2016_2019_13205.html,deq_2016_2019_13205.html,.html,,https://opendata.utah.gov/resource/sce7-b7au.json?id=13205
archive/sources/deq_2016_2019_records/deq_2016_2019_13207.html,deq_2016_2019_13207.html,.html,content:Treated Injection Water | content:Newfield,https://opendata.utah.gov/resource/sce7-b7au.json?id=13207
archive/sources/deq_2016_2019_records/deq_2016_2019_13209.html,deq_2016_2019_13209.html,.html,,https://opendata.utah.gov/resource/sce7-b7au.json?id=13209
archive/sources/deq_2016_2019_records/deq_2016_2019_13210.html,deq_2016_2019_13210.html,.html,,https://opendata.utah.gov/resource/sce7-b7au.json?id=13210
archive/sources/deq_2016_2019_records/deq_2016_2019_13211.html,deq_2016_2019_13211.html,.html,,https://opendata.utah.gov/resource/sce7-b7au.json?id=13211
archive/sources/deq_2016_2019_records/deq_2016_2019_13213.html,deq_2016_2019_13213.html,.html,,https://opendata.utah.gov/resource/sce7-b7au.json?id=13213
archive/sources/deq_2016_2019_records/deq_2016_2019_13215.html,deq_2016_2019_13215.html,.html,,https://opendata.utah.gov/resource/sce7-b7au.json?id=13215
archive/sources/deq_2016_2019_records/deq_2016_2019_13222.html,deq_2016_2019_13222.html,.html,,https://opendata.utah.gov/resource/sce7-b7au.json?id=13222
archive/sources/deq_2016_2019_records/deq_2016_2019_13225.html,deq_2016_2019_13225.html,.html,,https://opendata.utah.gov/resource/sce7-b7au.json?id=13225
archive/sources/deq_2016_2019_records/deq_2016_2019_13226.html,deq_2016_2019_13226.html,.html,,https://opendata.utah.gov/resource/sce7-b7au.json?id=13226
archive/sources/deq_2016_2019_records/deq_2016_2019_13227.html,deq_2016_2019_13227.html,.html,,https://opendata.utah.gov/resource/sce7-b7au.json?id=13227
archive/sources/deq_2016_2019_records/deq_2016_2019_13236.html,deq_2016_2019_13236.html,.html,,https://opendata.utah.gov/resource/sce7-b7au.json?id=13236
archive/sources/deq_2016_2019_records/deq_2016_2019_13237.html,deq_2016_2019_13237.html,.html,,https://opendata.utah.gov/resource/sce7-b7au.json?id=13237
archive/sources/deq_2016_2019_records/deq_2016_2019_13243.html,deq_2016_2019_13243.html,.html,,https://opendata.utah.gov/resource/sce7-b7au.json?id=13243
archive/sources/deq_2016_2019_records/deq_2016_2019_13247.html,deq_2016_2019_13247.html,.html,,https://opendata.utah.gov/resource/sce7-b7au.json?id=13247
archive/sources/deq_2016_2019_records/deq_2016_2019_13248.html,deq_2016_2019_13248.html,.html,,https://opendata.utah.gov/resource/sce7-b7au.json?id=13248
archive/sources/deq_2016_2019_records/deq_2016_2019_13250.html,deq_2016_2019_13250.html,.html,,https://opendata.utah.gov/resource/sce7-b7au.json?id=13250
archive/sources/deq_2016_2019_records/deq_2016_2019_13262.html,deq_2016_2019_13262.html,.html,,https://opendata.utah.gov/resource/sce7-b7au.json?id=13262
archive/sources/deq_2016_2019_records/deq_2016_2019_13266.html,deq_2016_2019_13266.html,.html,,https://opendata.utah.gov/resource/sce7-b7au.json?id=13266
archive/sources/deq_2016_2019_records/deq_2016_2019_13267.html,deq_2016_2019_13267.html,.html,content:Treated Injection Water | content:Newfield,https://opendata.utah.gov/resource/sce7-b7au.json?id=13267
archive/sources/deq_2016_2019_records/deq_2016_2019_13277.html,deq_2016_2019_13277.html,.html,content:Treated Injection Water | content:Newfield,https://opendata.utah.gov/resource/sce7-b7au.json?id=13277
archive/sources/deq_2016_2019_records/deq_2016_2019_13284.html,deq_2016_2019_13284.html,.html,,https://opendata.utah.gov/resource/sce7-b7au.json?id=13284
archive/sources/deq_2016_2019_records/deq_2016_2019_13285.html,deq_2016_2019_13285.html,.html,content:Treated Injection Water | content:Newfield,https://opendata.utah.gov/resource/sce7-b7au.json?id=13285
archive/sources/deq_2016_2019_records/deq_2016_2019_13286.html,deq_2016_2019_13286.html,.html,content:Treated Injection Water | content:Newfield,https://opendata.utah.gov/resource/sce7-b7au.json?id=13286
archive/sources/deq_2016_2019_records/deq_2016_2019_13292.html,deq_2016_2019_13292.html,.html,,https://opendata.utah.gov/resource/sce7-b7au.json?id=13292
archive/sources/deq_2016_2019_records/deq_2016_2019_13297.html,deq_2016_2019_13297.html,.html,,https://opendata.utah.gov/resource/sce7-b7au.json?id=13297
archive/sources/deq_2016_2019_records/deq_2016_2019_13298.html,deq_2016_2019_13298.html,.html,,https://opendata.utah.gov/resource/sce7-b7au.json?id=13298
archive/sources/deq_2016_2019_records/deq_2016_2019_13299.html,deq_2016_2019_13299.html,.html,,https://opendata.utah.gov/resource/sce7-b7au.json?id=13299
archive/sources/deq_2016_2019_records/deq_2016_2019_13300.html,deq_2016_2019_13300.html,.html,,https://opendata.utah.gov/resource/sce7-b7au.json?id=13300
archive/sources/deq_2016_2019_records/deq_2016_2019_13308.html,deq_2016_2019_13308.html,.html,,https://opendata.utah.gov/resource/sce7-b7au.json?id=13308
archive/sources/deq_2016_2019_records/deq_2016_2019_13309.html,deq_2016_2019_13309.html,.html,,https://opendata.utah.gov/resource/sce7-b7au.json?id=13309
archive/sources/deq_2016_2019_records/deq_2016_2019_13312.html,deq_2016_2019_13312.html,.html,,https://opendata.utah.gov/resource/sce7-b7au.json?id=13312
archive/sources/deq_2016_2019_records/deq_2016_2019_13315.html,deq_2016_2019_13315.html,.html,content:Treated Injection Water | content:Newfield,https://opendata.utah.gov/resource/sce7-b7au.json?id=13315
archive/sources/deq_2016_2019_records/deq_2016_2019_13316.html,deq_2016_2019_13316.html,.html,,https://opendata.utah.gov/resource/sce7-b7au.json?id=13316
archive/sources/deq_2016_2019_records/deq_2016_2019_13317.html,deq_2016_2019_13317.html,.html,content:Treated Injection Water | content:Newfield,https://opendata.utah.gov/resource/sce7-b7au.json?id=13317
archive/sources/deq_2016_2019_records/deq_2016_2019_13322.html,deq_2016_2019_13322.html,.html,,https://opendata.utah.gov/resource/sce7-b7au.json?id=13322
archive/sources/deq_2016_2019_records/deq_2016_2019_13335.html,deq_2016_2019_13335.html,.html,,https://opendata.utah.gov/resource/sce7-b7au.json?id=13335
archive/sources/deq_2016_2019_records/deq_2016_2019_13338.html,deq_2016_2019_13338.html,.html,,https://opendata.utah.gov/resource/sce7-b7au.json?id=13338
archive/sources/deq_2016_2019_records/deq_2016_2019_13340.html,deq_2016_2019_13340.html,.html,content:Treated Injection Water | content:Newfield,https://opendata.utah.gov/resource/sce7-b7au.json?id=13340
archive/sources/deq_2016_2019_records/deq_2016_2019_13341.html,deq_2016_2019_13341.html,.html,,https://opendata.utah.gov/resource/sce7-b7au.json?id=13341
archive/sources/deq_2016_2019_records/deq_2016_2019_13342.html,deq_2016_2019_13342.html,.html,,https://opendata.utah.gov/resource/sce7-b7au.json?id=13342
archive/sources/deq_2016_2019_records/deq_2016_2019_13343.html,deq_2016_2019_13343.html,.html,,https://opendata.utah.gov/resource/sce7-b7au.json?id=13343
archive/sources/deq_2016_2019_records/deq_2016_2019_13344.html,deq_2016_2019_13344.html,.html,,https://opendata.utah.gov/resource/sce7-b7au.json?id=13344
archive/sources/deq_2016_2019_records/deq_2016_2019_13353.html,deq_2016_2019_13353.html,.html,,https://opendata.utah.gov/resource/sce7-b7au.json?id=13353
archive/sources/deq_2016_2019_records/deq_2016_2019_13354.html,deq_2016_2019_13354.html,.html,,https://opendata.utah.gov/resource/sce7-b7au.json?id=13354
archive/sources/deq_2016_2019_records/deq_2016_2019_13366.html,deq_2016_2019_13366.html,.html,,https://opendata.utah.gov/resource/sce7-b7au.json?id=13366
archive/sources/deq_2016_2019_records/deq_2016_2019_13367.html,deq_2016_2019_13367.html,.html,,https://opendata.utah.gov/resource/sce7-b7au.json?id=13367
archive/sources/deq_2016_2019_records/deq_2016_2019_13368.html,deq_2016_2019_13368.html,.html,,https://opendata.utah.gov/resource/sce7-b7au.json?id=13368
archive/sources/deq_2016_2019_records/deq_2016_2019_13369.html,deq_2016_2019_13369.html,.html,,https://opendata.utah.gov/resource/sce7-b7au.json?id=13369
archive/sources/deq_2016_2019_records/deq_2016_2019_13373.html,deq_2016_2019_13373.html,.html,,https://opendata.utah.gov/resource/sce7-b7au.json?id=13373
archive/sources/deq_2016_2019_records/deq_2016_2019_13376.html,deq_2016_2019_13376.html,.html,,https://opendata.utah.gov/resource/sce7-b7au.json?id=13376
archive/sources/deq_2016_2019_records/deq_2016_2019_13393.html,deq_2016_2019_13393.html,.html,,https://opendata.utah.gov/resource/sce7-b7au.json?id=13393
archive/sources/deq_2016_2019_records/deq_2016_2019_13400.html,deq_2016_2019_13400.html,.html,,https://opendata.utah.gov/resource/sce7-b7au.json?id=13400
archive/sources/deq_2016_2019_records/deq_2016_2019_13401.html,deq_2016_2019_13401.html,.html,,https://opendata.utah.gov/resource/sce7-b7au.json?id=13401
archive/sources/deq_2016_2019_records/deq_2016_2019_13409.html,deq_2016_2019_13409.html,.html,,https://opendata.utah.gov/resource/sce7-b7au.json?id=13409
archive/sources/deq_2016_2019_records/deq_2016_2019_13415.html,deq_2016_2019_13415.html,.html,content:Treated Injection Water | content:Newfield,https://opendata.utah.gov/resource/sce7-b7au.json?id=13415
archive/sources/deq_2016_2019_records/deq_2016_2019_13438.html,deq_2016_2019_13438.html,.html,content:Treated Injection Water | content:Newfield,https://opendata.utah.gov/resource/sce7-b7au.json?id=13438
archive/sources/deq_2016_2019_records/deq_2016_2019_13440.html,deq_2016_2019_13440.html,.html,,https://opendata.utah.gov/resource/sce7-b7au.json?id=13440
archive/sources/deq_2016_2019_records/deq_2016_2019_13444.html,deq_2016_2019_13444.html,.html,,https://opendata.utah.gov/resource/sce7-b7au.json?id=13444
archive/sources/deq_2016_2019_records/deq_2016_2019_13461.html,deq_2016_2019_13461.html,.html,,https://opendata.utah.gov/resource/sce7-b7au.json?id=13461
archive/sources/deq_2016_2019_records/deq_2016_2019_13482.html,deq_2016_2019_13482.html,.html,,https://opendata.utah.gov/resource/sce7-b7au.json?id=13482
archive/sources/deq_2016_2019_records/deq_2016_2019_13488.html,deq_2016_2019_13488.html,.html,,https://opendata.utah.gov/resource/sce7-b7au.json?id=13488
archive/sources/deq_2016_2019_records/deq_2016_2019_13495.html,deq_2016_2019_13495.html,.html,,https://opendata.utah.gov/resource/sce7-b7au.json?id=13495
archive/sources/deq_2016_2019_records/deq_2016_2019_13524.html,deq_2016_2019_13524.html,.html,,https://opendata.utah.gov/resource/sce7-b7au.json?id=13524
archive/sources/deq_2016_2019_records/deq_2016_2019_13525.html,deq_2016_2019_13525.html,.html,,https://opendata.utah.gov/resource/sce7-b7au.json?id=13525
archive/sources/deq_2016_2019_records/deq_2016_2019_13526.html,deq_2016_2019_13526.html,.html,,https://opendata.utah.gov/resource/sce7-b7au.json?id=13526
archive/sources/deq_2016_2019_records/deq_2016_2019_13527.html,deq_2016_2019_13527.html,.html,content:Treated Injection Water | content:Newfield,https://opendata.utah.gov/resource/sce7-b7au.json?id=13527
archive/sources/deq_2016_2019_records/deq_2016_2019_13534.html,deq_2016_2019_13534.html,.html,,https://opendata.utah.gov/resource/sce7-b7au.json?id=13534
archive/sources/deq_2016_2019_records/deq_2016_2019_13536.html,deq_2016_2019_13536.html,.html,,https://opendata.utah.gov/resource/sce7-b7au.json?id=13536
archive/sources/deq_2016_2019_records/deq_2016_2019_13547.html,deq_2016_2019_13547.html,.html,,https://opendata.utah.gov/resource/sce7-b7au.json?id=13547
archive/sources/deq_2016_2019_records/deq_2016_2019_13558.html,deq_2016_2019_13558.html,.html,,https://opendata.utah.gov/resource/sce7-b7au.json?id=13558
archive/sources/deq_2016_2019_records/deq_2016_2019_13563.html,deq_2016_2019_13563.html,.html,,https://opendata.utah.gov/resource/sce7-b7au.json?id=13563
archive/sources/deq_2016_2019_records/deq_2016_2019_13567.html,deq_2016_2019_13567.html,.html,content:Treated Injection Water | content:Newfield,https://opendata.utah.gov/resource/sce7-b7au.json?id=13567
archive/sources/deq_2016_2019_records/deq_2016_2019_13568.html,deq_2016_2019_13568.html,.html,content:Treated Injection Water | content:Newfield,https://opendata.utah.gov/resource/sce7-b7au.json?id=13568
archive/sources/deq_2016_2019_records/deq_2016_2019_13574.html,deq_2016_2019_13574.html,.html,,https://opendata.utah.gov/resource/sce7-b7au.json?id=13574
archive/sources/deq_2016_2019_records/deq_2016_2019_13580.html,deq_2016_2019_13580.html,.html,,https://opendata.utah.gov/resource/sce7-b7au.json?id=13580
archive/sources/deq_2016_2019_records/deq_2016_2019_13588.html,deq_2016_2019_13588.html,.html,,https://opendata.utah.gov/resource/sce7-b7au.json?id=13588
archive/sources/deq_2016_2019_records/deq_2016_2019_13590.html,deq_2016_2019_13590.html,.html,content:Treated Injection Water | content:Newfield,https://opendata.utah.gov/resource/sce7-b7au.json?id=13590
archive/sources/deq_2016_2019_records/deq_2016_2019_13591.html,deq_2016_2019_13591.html,.html,content:Treated Injection Water | content:Newfield,https://opendata.utah.gov/resource/sce7-b7au.json?id=13591
archive/sources/deq_2016_2019_records/deq_2016_2019_13596.html,deq_2016_2019_13596.html,.html,content:Treated Injection Water | content:Newfield,https://opendata.utah.gov/resource/sce7-b7au.json?id=13596
archive/sources/deq_2016_2019_records/deq_2016_2019_13603.html,deq_2016_2019_13603.html,.html,,https://opendata.utah.gov/resource/sce7-b7au.json?id=13603
archive/sources/deq_2016_2019_records/deq_2016_2019_13613.html,deq_2016_2019_13613.html,.html,,https://opendata.utah.gov/resource/sce7-b7au.json?id=13613
archive/sources/deq_2016_2019_records/deq_2016_2019_13616.html,deq_2016_2019_13616.html,.html,,https://opendata.utah.gov/resource/sce7-b7au.json?id=13616
archive/sources/deq_2016_2019_records/deq_2016_2019_13617.html,deq_2016_2019_13617.html,.html,content:Treated Injection Water | content:Newfield,https://opendata.utah.gov/resource/sce7-b7au.json?id=13617
archive/sources/deq_2016_2019_records/deq_2016_2019_13619.html,deq_2016_2019_13619.html,.html,,https://opendata.utah.gov/resource/sce7-b7au.json?id=13619
archive/sources/deq_2016_2019_records/deq_2016_2019_13620.html,deq_2016_2019_13620.html,.html,,https://opendata.utah.gov/resource/sce7-b7au.json?id=13620
archive/sources/deq_2016_2019_records/deq_2016_2019_13626.html,deq_2016_2019_13626.html,.html,,https://opendata.utah.gov/resource/sce7-b7au.json?id=13626
archive/sources/deq_2016_2019_records/deq_2016_2019_13653.html,deq_2016_2019_13653.html,.html,,https://opendata.utah.gov/resource/sce7-b7au.json?id=13653
archive/sources/deq_2016_2019_records/deq_2016_2019_13656.html,deq_2016_2019_13656.html,.html,content:Treated Injection Water | content:Newfield,https://opendata.utah.gov/resource/sce7-b7au.json?id=13656
archive/sources/deq_2016_2019_records/deq_2016_2019_13659.html,deq_2016_2019_13659.html,.html,,https://opendata.utah.gov/resource/sce7-b7au.json?id=13659
archive/sources/deq_2016_2019_records/deq_2016_2019_13665.html,deq_2016_2019_13665.html,.html,,https://opendata.utah.gov/resource/sce7-b7au.json?id=13665
archive/sources/deq_2016_2019_records/deq_2016_2019_13670.html,deq_2016_2019_13670.html,.html,content:Treated Injection Water | content:Newfield,https://opendata.utah.gov/resource/sce7-b7au.json?id=13670
archive/sources/deq_2016_2019_records/deq_2016_2019_13676.html,deq_2016_2019_13676.html,.html,content:Treated Injection Water | content:Newfield,https://opendata.utah.gov/resource/sce7-b7au.json?id=13676
archive/sources/deq_2016_2019_records/deq_2016_2019_13679.html,deq_2016_2019_13679.html,.html,content:Newfield,https://opendata.utah.gov/resource/sce7-b7au.json?id=13679
archive/sources/deq_2016_2019_records/deq_2016_2019_13683.html,deq_2016_2019_13683.html,.html,,https://opendata.utah.gov/resource/sce7-b7au.json?id=13683
archive/sources/deq_2016_2019_records/deq_2016_2019_13689.html,deq_2016_2019_13689.html,.html,,https://opendata.utah.gov/resource/sce7-b7au.json?id=13689
archive/sources/deq_2016_2019_records/deq_2016_2019_13695.html,deq_2016_2019_13695.html,.html,,https://opendata.utah.gov/resource/sce7-b7au.json?id=13695
archive/sources/deq_2016_2019_records/deq_2016_2019_13723.html,deq_2016_2019_13723.html,.html,,https://opendata.utah.gov/resource/sce7-b7au.json?id=13723
archive/sources/deq_2016_2019_records/deq_2016_2019_13726.html,deq_2016_2019_13726.html,.html,content:Treated Injection Water | content:Newfield,https://opendata.utah.gov/resource/sce7-b7au.json?id=13726
archive/sources/deq_2016_2019_records/deq_2016_2019_13732.html,deq_2016_2019_13732.html,.html,,https://opendata.utah.gov/resource/sce7-b7au.json?id=13732
archive/sources/deq_2016_2019_records/deq_2016_2019_13734.html,deq_2016_2019_13734.html,.html,,https://opendata.utah.gov/resource/sce7-b7au.json?id=13734
archive/sources/deq_2016_2019_records/deq_2016_2019_13739.html,deq_2016_2019_13739.html,.html,,https://opendata.utah.gov/resource/sce7-b7au.json?id=13739
archive/sources/deq_2016_2019_records/deq_2016_2019_13743.html,deq_2016_2019_13743.html,.html,,https://opendata.utah.gov/resource/sce7-b7au.json?id=13743
archive/sources/deq_2016_2019_records/deq_2016_2019_13751.html,deq_2016_2019_13751.html,.html,,https://opendata.utah.gov/resource/sce7-b7au.json?id=13751
archive/sources/deq_2016_2019_records/deq_2016_2019_13756.html,deq_2016_2019_13756.html,.html,,https://opendata.utah.gov/resource/sce7-b7au.json?id=13756
archive/sources/deq_2016_2019_records/deq_2016_2019_13769.html,deq_2016_2019_13769.html,.html,,https://opendata.utah.gov/resource/sce7-b7au.json?id=13769
archive/sources/deq_2016_2019_records/deq_2016_2019_13773.html,deq_2016_2019_13773.html,.html,,https://opendata.utah.gov/resource/sce7-b7au.json?id=13773
archive/sources/deq_2016_2019_records/deq_2016_2019_13776.html,deq_2016_2019_13776.html,.html,,https://opendata.utah.gov/resource/sce7-b7au.json?id=13776
archive/sources/deq_2016_2019_records/deq_2016_2019_13785.html,deq_2016_2019_13785.html,.html,content:Treated Injection Water,https://opendata.utah.gov/resource/sce7-b7au.json?id=13785
archive/sources/deq_2016_2019_records/deq_2016_2019_13788.html,deq_2016_2019_13788.html,.html,,https://opendata.utah.gov/resource/sce7-b7au.json?id=13788
archive/sources/deq_2016_2019_records/deq_2016_2019_13792.html,deq_2016_2019_13792.html,.html,,https://opendata.utah.gov/resource/sce7-b7au.json?id=13792
archive/sources/deq_2016_2019_records/deq_2016_2019_13793.html,deq_2016_2019_13793.html,.html,,https://opendata.utah.gov/resource/sce7-b7au.json?id=13793
archive/sources/deq_2016_2019_records/deq_2016_2019_13799.html,deq_2016_2019_13799.html,.html,,https://opendata.utah.gov/resource/sce7-b7au.json?id=13799
archive/sources/deq_2016_2019_records/deq_2016_2019_13800.html,deq_2016_2019_13800.html,.html,,https://opendata.utah.gov/resource/sce7-b7au.json?id=13800
archive/sources/deq_2016_2019_records/deq_2016_2019_13808.html,deq_2016_2019_13808.html,.html,,https://opendata.utah.gov/resource/sce7-b7au.json?id=13808
archive/sources/deq_2016_2019_records/deq_2016_2019_13831.html,deq_2016_2019_13831.html,.html,content:Treated Injection Water | content:Newfield,https://opendata.utah.gov/resource/sce7-b7au.json?id=13831
archive/sources/deq_2016_2019_records/deq_2016_2019_13834.html,deq_2016_2019_13834.html,.html,,https://opendata.utah.gov/resource/sce7-b7au.json?id=13834
archive/sources/deq_2016_2019_records/deq_2016_2019_13842.html,deq_2016_2019_13842.html,.html,content:Treated Injection Water | content:Newfield,https://opendata.utah.gov/resource/sce7-b7au.json?id=13842
archive/sources/deq_2016_2019_records/deq_2016_2019_13855.html,deq_2016_2019_13855.html,.html,,https://opendata.utah.gov/resource/sce7-b7au.json?id=13855
archive/sources/deq_2016_2019_records/deq_2016_2019_13857.html,deq_2016_2019_13857.html,.html,,https://opendata.utah.gov/resource/sce7-b7au.json?id=13857
archive/sources/deq_2016_2019_records/deq_2016_2019_13858.html,deq_2016_2019_13858.html,.html,,https://opendata.utah.gov/resource/sce7-b7au.json?id=13858
archive/sources/deq_2016_2019_records/deq_2016_2019_13861.html,deq_2016_2019_13861.html,.html,,https://opendata.utah.gov/resource/sce7-b7au.json?id=13861
archive/sources/deq_2016_2019_records/deq_2016_2019_13876.html,deq_2016_2019_13876.html,.html,,https://opendata.utah.gov/resource/sce7-b7au.json?id=13876
archive/sources/deq_2016_2019_records/deq_2016_2019_13881.html,deq_2016_2019_13881.html,.html,,https://opendata.utah.gov/resource/sce7-b7au.json?id=13881
archive/sources/deq_2016_2019_records/deq_2016_2019_13887.html,deq_2016_2019_13887.html,.html,,https://opendata.utah.gov/resource/sce7-b7au.json?id=13887
archive/sources/deq_2016_2019_records/deq_2016_2019_13888.html,deq_2016_2019_13888.html,.html,,https://opendata.utah.gov/resource/sce7-b7au.json?id=13888
archive/sources/deq_2016_2019_records/deq_2016_2019_13889.html,deq_2016_2019_13889.html,.html,,https://opendata.utah.gov/resource/sce7-b7au.json?id=13889
archive/sources/deq_2016_2019_records/deq_2016_2019_13890.html,deq_2016_2019_13890.html,.html,,https://opendata.utah.gov/resource/sce7-b7au.json?id=13890
archive/sources/deq_2016_2019_records/deq_2016_2019_13903.html,deq_2016_2019_13903.html,.html,,https://opendata.utah.gov/resource/sce7-b7au.json?id=13903
archive/sources/deq_2016_2019_records/deq_2016_2019_13914.html,deq_2016_2019_13914.html,.html,,https://opendata.utah.gov/resource/sce7-b7au.json?id=13914
archive/sources/deq_2016_2019_records/deq_2016_2019_13930.html,deq_2016_2019_13930.html,.html,,https://opendata.utah.gov/resource/sce7-b7au.json?id=13930
archive/sources/deq_2016_2019_records/deq_2016_2019_13931.html,deq_2016_2019_13931.html,.html,,https://opendata.utah.gov/resource/sce7-b7au.json?id=13931
archive/sources/deq_2016_2019_records/deq_2016_2019_13937.html,deq_2016_2019_13937.html,.html,content:Treated Injection Water,https://opendata.utah.gov/resource/sce7-b7au.json?id=13937
archive/sources/deq_2016_2019_records/deq_2016_2019_13943.html,deq_2016_2019_13943.html,.html,,https://opendata.utah.gov/resource/sce7-b7au.json?id=13943
archive/sources/deq_2016_2019_records/deq_2016_2019_13951.html,deq_2016_2019_13951.html,.html,,https://opendata.utah.gov/resource/sce7-b7au.json?id=13951
archive/sources/deq_2016_2019_records/deq_2016_2019_13952.html,deq_2016_2019_13952.html,.html,,https://opendata.utah.gov/resource/sce7-b7au.json?id=13952
archive/sources/deq_2016_2019_records/deq_2016_2019_13953.html,deq_2016_2019_13953.html,.html,,https://opendata.utah.gov/resource/sce7-b7au.json?id=13953
archive/sources/deq_2016_2019_records/deq_2016_2019_13954.html,deq_2016_2019_13954.html,.html,,https://opendata.utah.gov/resource/sce7-b7au.json?id=13954
archive/sources/deq_2016_2019_records/deq_2016_2019_13958.html,deq_2016_2019_13958.html,.html,,https://opendata.utah.gov/resource/sce7-b7au.json?id=13958
archive/sources/deq_2016_2019_records/deq_2016_2019_13960.html,deq_2016_2019_13960.html,.html,,https://opendata.utah.gov/resource/sce7-b7au.json?id=13960
archive/sources/deq_2016_2019_records/deq_2016_2019_13961.html,deq_2016_2019_13961.html,.html,,https://opendata.utah.gov/resource/sce7-b7au.json?id=13961
archive/sources/deq_2016_2019_records/deq_2016_2019_13971.html,deq_2016_2019_13971.html,.html,,https://opendata.utah.gov/resource/sce7-b7au.json?id=13971
archive/sources/deq_2016_2019_records/deq_2016_2019_13980.html,deq_2016_2019_13980.html,.html,,https://opendata.utah.gov/resource/sce7-b7au.json?id=13980
archive/sources/deq_2016_2019_records/deq_2016_2019_13986.html,deq_2016_2019_13986.html,.html,content:Treated Injection Water,https://opendata.utah.gov/resource/sce7-b7au.json?id=13986
archive/sources/deq_2016_2019_records/deq_2016_2019_13987.html,deq_2016_2019_13987.html,.html,content:Treated Injection Water,https://opendata.utah.gov/resource/sce7-b7au.json?id=13987
archive/sources/deq_2016_2019_records/deq_2016_2019_14004.html,deq_2016_2019_14004.html,.html,content:Treated Injection Water,https://opendata.utah.gov/resource/sce7-b7au.json?id=14004
archive/sources/deq_2016_2019_records/deq_2016_2019_14007.html,deq_2016_2019_14007.html,.html,,https://opendata.utah.gov/resource/sce7-b7au.json?id=14007
archive/sources/deq_2016_2019_records/deq_2016_2019_14020.html,deq_2016_2019_14020.html,.html,content:Treated Injection Water,https://opendata.utah.gov/resource/sce7-b7au.json?id=14020
archive/sources/deq_2016_2019_records/deq_2016_2019_14023.html,deq_2016_2019_14023.html,.html,content:Treated Injection Water,https://opendata.utah.gov/resource/sce7-b7au.json?id=14023
archive/sources/deq_2016_2019_records/deq_2016_2019_14035.html,deq_2016_2019_14035.html,.html,,https://opendata.utah.gov/resource/sce7-b7au.json?id=14035
archive/sources/deq_2016_2019_records/deq_2016_2019_14040.html,deq_2016_2019_14040.html,.html,,https://opendata.utah.gov/resource/sce7-b7au.json?id=14040
archive/sources/deq_2016_2019_records/deq_2016_2019_14042.html,deq_2016_2019_14042.html,.html,,https://opendata.utah.gov/resource/sce7-b7au.json?id=14042
archive/sources/deq_2016_2019_records/deq_2016_2019_14045.html,deq_2016_2019_14045.html,.html,,https://opendata.utah.gov/resource/sce7-b7au.json?id=14045
archive/sources/deq_2016_2019_records/deq_2016_2019_14051.html,deq_2016_2019_14051.html,.html,,https://opendata.utah.gov/resource/sce7-b7au.json?id=14051
archive/sources/deq_2016_2019_records/deq_2016_2019_14084.html,deq_2016_2019_14084.html,.html,,https://opendata.utah.gov/resource/sce7-b7au.json?id=14084
archive/sources/deq_2016_2019_records/deq_2016_2019_14095.html,deq_2016_2019_14095.html,.html,,https://opendata.utah.gov/resource/sce7-b7au.json?id=14095
archive/sources/deq_2016_2019_records/deq_2016_2019_14100.html,deq_2016_2019_14100.html,.html,,https://opendata.utah.gov/resource/sce7-b7au.json?id=14100
archive/sources/deq_2016_2019_records/deq_2016_2019_14108.html,deq_2016_2019_14108.html,.html,,https://opendata.utah.gov/resource/sce7-b7au.json?id=14108
archive/sources/deq_2016_2019_records/deq_2016_2019_14119.html,deq_2016_2019_14119.html,.html,content:Treated Injection Water,https://opendata.utah.gov/resource/sce7-b7au.json?id=14119
archive/sources/deq_2016_2019_records/deq_2016_2019_14151.html,deq_2016_2019_14151.html,.html,,https://opendata.utah.gov/resource/sce7-b7au.json?id=14151
archive/sources/deq_2016_2019_records/deq_2016_2019_14152.html,deq_2016_2019_14152.html,.html,,https://opendata.utah.gov/resource/sce7-b7au.json?id=14152
archive/sources/deq_2016_2019_records/deq_2016_2019_14156.html,deq_2016_2019_14156.html,.html,,https://opendata.utah.gov/resource/sce7-b7au.json?id=14156
archive/sources/deq_2016_2019_records/deq_2016_2019_14158.html,deq_2016_2019_14158.html,.html,,https://opendata.utah.gov/resource/sce7-b7au.json?id=14158
archive/sources/deq_2016_2019_records/deq_2016_2019_14168.html,deq_2016_2019_14168.html,.html,,https://opendata.utah.gov/resource/sce7-b7au.json?id=14168
archive/sources/deq_2016_2019_records/deq_2016_2019_14172.html,deq_2016_2019_14172.html,.html,,https://opendata.utah.gov/resource/sce7-b7au.json?id=14172
archive/sources/deq_2016_2019_records/deq_2016_2019_14174.html,deq_2016_2019_14174.html,.html,,https://opendata.utah.gov/resource/sce7-b7au.json?id=14174
archive/sources/deq_2016_2019_records/deq_2016_2019_14178.html,deq_2016_2019_14178.html,.html,,https://opendata.utah.gov/resource/sce7-b7au.json?id=14178
archive/sources/deq_2016_2019_records/deq_2016_2019_14186.html,deq_2016_2019_14186.html,.html,filename:14186 | content:14186 | content:Myton Silage,https://opendata.utah.gov/resource/sce7-b7au.json?id=14186
archive/sources/deq_2016_2019_records/deq_2016_2019_14197.html,deq_2016_2019_14197.html,.html,,https://opendata.utah.gov/resource/sce7-b7au.json?id=14197
archive/sources/deq_2016_2019_records/deq_2016_2019_14200.html,deq_2016_2019_14200.html,.html,,https://opendata.utah.gov/resource/sce7-b7au.json?id=14200
archive/sources/deq_2016_2019_records/deq_2016_2019_14205.html,deq_2016_2019_14205.html,.html,,https://opendata.utah.gov/resource/sce7-b7au.json?id=14205
archive/sources/deq_2016_2019_records/deq_2016_2019_14208.html,deq_2016_2019_14208.html,.html,,https://opendata.utah.gov/resource/sce7-b7au.json?id=14208
archive/sources/deq_2016_2019_records/deq_2016_2019_14211.html,deq_2016_2019_14211.html,.html,,https://opendata.utah.gov/resource/sce7-b7au.json?id=14211
archive/sources/deq_2016_2019_records/deq_2016_2019_14219.html,deq_2016_2019_14219.html,.html,,https://opendata.utah.gov/resource/sce7-b7au.json?id=14219
archive/sources/deq_2016_2019_records/deq_2016_2019_14224.html,deq_2016_2019_14224.html,.html,,https://opendata.utah.gov/resource/sce7-b7au.json?id=14224
archive/sources/deq_2016_2019_records/deq_2016_2019_14231.html,deq_2016_2019_14231.html,.html,,https://opendata.utah.gov/resource/sce7-b7au.json?id=14231
archive/sources/deq_2016_2019_records/deq_2016_2019_14239.html,deq_2016_2019_14239.html,.html,,https://opendata.utah.gov/resource/sce7-b7au.json?id=14239
archive/sources/deq_2016_2019_records/deq_2016_2019_14243.html,deq_2016_2019_14243.html,.html,,https://opendata.utah.gov/resource/sce7-b7au.json?id=14243
archive/sources/deq_2016_2019_records/deq_2016_2019_14254.html,deq_2016_2019_14254.html,.html,,https://opendata.utah.gov/resource/sce7-b7au.json?id=14254
archive/sources/deq_2016_2019_records/deq_2016_2019_14259.html,deq_2016_2019_14259.html,.html,,https://opendata.utah.gov/resource/sce7-b7au.json?id=14259
archive/clean/clean_entity_mentions.json,clean_entity_mentions.json,.json,content:Newfield,https://duchesne.utah.gov/gov/elected-officials/clerk-auditor/elections-home/
archive/clean/promoted_keep.json,promoted_keep.json,.json,content:Newfield,
archive/data/chpc_live_air_quality.json,chpc_live_air_quality.json,.json,,https://utahaq.chpc.utah.edu/jsondata/FixedSiteMapData.json
archive/data/complaints.json,complaints.json,.json,,https://duchesne.utah.gov/wp-content/uploads/2022/09/Duchesne_CRMP_2022.pdf | https://duchesne.utah.gov/wp-content/uploads/2023/06/5-3-23.pdf | https://duchesne.utah.gov/wp-content/uploads/2024/12/General-Plan-2024-1.pdf | https://duchesne.utah.gov/wp-content/uploads/2024/12/Ordinance-24-409-Version-7.pdf | https://duchesne.utah.gov/wp-content/uploads/2025/03/Duchesne-County-Planning-Commission-Meeting-Minutes-Feb-5th-2025.pdf | https://duchesne.utah.gov/wp-content/uploads/2026/05/Duchesne-County-Planning-Commission-4_02_2026.pdf | https://duchesne.utah.gov/wp-content/uploads/weed-dept/ORDINANCE_224.pdf | https://le.utah.gov/interim/2018/pdf/00004302.pdf | https://le.utah.gov/interim/2018/pdf/00004321.pdf | https://le.utah.gov/interim/2025/pdf/00003652.pdf
archive/data/complaints_before_curated_source_urls_20260610_200546.json,complaints_before_curated_source_urls_20260610_200546.json,.json,,https://duchesne.utah.gov/wp-content/uploads/2022/09/Duchesne_CRMP_2022.pdf | https://duchesne.utah.gov/wp-content/uploads/2023/06/5-3-23.pdf | https://duchesne.utah.gov/wp-content/uploads/2024/12/General-Plan-2024-1.pdf | https://duchesne.utah.gov/wp-content/uploads/2024/12/Ordinance-24-409-Version-7.pdf | https://duchesne.utah.gov/wp-content/uploads/2025/03/Duchesne-County-Planning-Commission-Meeting-Minutes-Feb-5th-2025.pdf | https://duchesne.utah.gov/wp-content/uploads/2026/05/Duchesne-County-Planning-Commission-4_02_2026.pdf | https://duchesne.utah.gov/wp-content/uploads/weed-dept/ORDINANCE_224.pdf | https://le.utah.gov/interim/2018/pdf/00004302.pdf | https://le.utah.gov/interim/2018/pdf/00004321.pdf | https://le.utah.gov/interim/2025/pdf/00003652.pdf
archive/data/complaints_before_filename_source_url_match_20260610_142939.json,complaints_before_filename_source_url_match_20260610_142939.json,.json,,https://duchesne.utah.gov/wp-content/uploads/2024/12/General-Plan-2024-1.pdf | https://duchesne.utah.gov/wp-content/uploads/2026/05/Duchesne-County-Planning-Commission-4_02_2026.pdf | https://www.duchesne.utah.gov/wp-content/uploads/2017/04/December-7-2016.pdf
archive/data/complaints_before_filename_source_url_match_20260610_200552.json,complaints_before_filename_source_url_match_20260610_200552.json,.json,,https://duchesne.utah.gov/wp-content/uploads/2022/09/Duchesne_CRMP_2022.pdf | https://duchesne.utah.gov/wp-content/uploads/2023/06/5-3-23.pdf | https://duchesne.utah.gov/wp-content/uploads/2024/12/General-Plan-2024-1.pdf | https://duchesne.utah.gov/wp-content/uploads/2024/12/Ordinance-24-409-Version-7.pdf | https://duchesne.utah.gov/wp-content/uploads/2025/03/Duchesne-County-Planning-Commission-Meeting-Minutes-Feb-5th-2025.pdf | https://duchesne.utah.gov/wp-content/uploads/2026/05/Duchesne-County-Planning-Commission-4_02_2026.pdf | https://duchesne.utah.gov/wp-content/uploads/weed-dept/ORDINANCE_224.pdf | https://le.utah.gov/interim/2018/pdf/00004302.pdf | https://le.utah.gov/interim/2018/pdf/00004321.pdf | https://le.utah.gov/interim/2025/pdf/00003652.pdf
archive/data/complaints_before_source_notes_20260611_005743.json,complaints_before_source_notes_20260611_005743.json,.json,,https://duchesne.utah.gov/wp-content/uploads/2022/09/Duchesne_CRMP_2022.pdf | https://duchesne.utah.gov/wp-content/uploads/2023/06/5-3-23.pdf | https://duchesne.utah.gov/wp-content/uploads/2024/12/General-Plan-2024-1.pdf | https://duchesne.utah.gov/wp-content/uploads/2024/12/Ordinance-24-409-Version-7.pdf | https://duchesne.utah.gov/wp-content/uploads/2025/03/Duchesne-County-Planning-Commission-Meeting-Minutes-Feb-5th-2025.pdf | https://duchesne.utah.gov/wp-content/uploads/2026/05/Duchesne-County-Planning-Commission-4_02_2026.pdf | https://duchesne.utah.gov/wp-content/uploads/weed-dept/ORDINANCE_224.pdf | https://le.utah.gov/interim/2018/pdf/00004302.pdf | https://le.utah.gov/interim/2018/pdf/00004321.pdf | https://le.utah.gov/interim/2025/pdf/00003652.pdf
archive/data/complaints_before_source_pages_20260610_141123.json,complaints_before_source_pages_20260610_141123.json,.json,,https://duchesne.utah.gov/wp-content/uploads/2024/12/General-Plan-2024-1.pdf | https://duchesne.utah.gov/wp-content/uploads/2026/05/Duchesne-County-Planning-Commission-4_02_2026.pdf | https://www.duchesne.utah.gov/wp-content/uploads/2017/04/December-7-2016.pdf
archive/data/complaints_before_source_pages_20260610_142943.json,complaints_before_source_pages_20260610_142943.json,.json,,https://duchesne.utah.gov/wp-content/uploads/2022/09/Duchesne_CRMP_2022.pdf | https://duchesne.utah.gov/wp-content/uploads/2023/06/5-3-23.pdf | https://duchesne.utah.gov/wp-content/uploads/2024/12/General-Plan-2024-1.pdf | https://duchesne.utah.gov/wp-content/uploads/2024/12/Ordinance-24-409-Version-7.pdf | https://duchesne.utah.gov/wp-content/uploads/2025/03/Duchesne-County-Planning-Commission-Meeting-Minutes-Feb-5th-2025.pdf | https://duchesne.utah.gov/wp-content/uploads/2026/05/Duchesne-County-Planning-Commission-4_02_2026.pdf | https://duchesne.utah.gov/wp-content/uploads/weed-dept/ORDINANCE_224.pdf | https://le.utah.gov/interim/2018/pdf/00004302.pdf | https://le.utah.gov/interim/2018/pdf/00004321.pdf | https://le.utah.gov/interim/2025/pdf/00003652.pdf
archive/data/complaints_before_source_pages_20260610_200905.json,complaints_before_source_pages_20260610_200905.json,.json,,https://duchesne.utah.gov/wp-content/uploads/2022/09/Duchesne_CRMP_2022.pdf | https://duchesne.utah.gov/wp-content/uploads/2023/06/5-3-23.pdf | https://duchesne.utah.gov/wp-content/uploads/2024/12/General-Plan-2024-1.pdf | https://duchesne.utah.gov/wp-content/uploads/2024/12/Ordinance-24-409-Version-7.pdf | https://duchesne.utah.gov/wp-content/uploads/2025/03/Duchesne-County-Planning-Commission-Meeting-Minutes-Feb-5th-2025.pdf | https://duchesne.utah.gov/wp-content/uploads/2026/05/Duchesne-County-Planning-Commission-4_02_2026.pdf | https://duchesne.utah.gov/wp-content/uploads/weed-dept/ORDINANCE_224.pdf | https://le.utah.gov/interim/2018/pdf/00004302.pdf | https://le.utah.gov/interim/2018/pdf/00004321.pdf | https://le.utah.gov/interim/2025/pdf/00003652.pdf
archive/data/complaints_before_source_pages_20260611_005744.json,complaints_before_source_pages_20260611_005744.json,.json,,https://duchesne.utah.gov/wp-content/uploads/2022/09/Duchesne_CRMP_2022.pdf | https://duchesne.utah.gov/wp-content/uploads/2023/06/5-3-23.pdf | https://duchesne.utah.gov/wp-content/uploads/2024/12/General-Plan-2024-1.pdf | https://duchesne.utah.gov/wp-content/uploads/2024/12/Ordinance-24-409-Version-7.pdf | https://duchesne.utah.gov/wp-content/uploads/2025/03/Duchesne-County-Planning-Commission-Meeting-Minutes-Feb-5th-2025.pdf | https://duchesne.utah.gov/wp-content/uploads/2026/05/Duchesne-County-Planning-Commission-4_02_2026.pdf | https://duchesne.utah.gov/wp-content/uploads/weed-dept/ORDINANCE_224.pdf | https://le.utah.gov/interim/2018/pdf/00004302.pdf | https://le.utah.gov/interim/2018/pdf/00004321.pdf | https://le.utah.gov/interim/2025/pdf/00003652.pdf
archive/data/complaints_before_source_pages_20260611_011012.json,complaints_before_source_pages_20260611_011012.json,.json,,https://duchesne.utah.gov/wp-content/uploads/2022/09/Duchesne_CRMP_2022.pdf | https://duchesne.utah.gov/wp-content/uploads/2023/06/5-3-23.pdf | https://duchesne.utah.gov/wp-content/uploads/2024/12/General-Plan-2024-1.pdf | https://duchesne.utah.gov/wp-content/uploads/2024/12/Ordinance-24-409-Version-7.pdf | https://duchesne.utah.gov/wp-content/uploads/2025/03/Duchesne-County-Planning-Commission-Meeting-Minutes-Feb-5th-2025.pdf | https://duchesne.utah.gov/wp-content/uploads/2026/05/Duchesne-County-Planning-Commission-4_02_2026.pdf | https://duchesne.utah.gov/wp-content/uploads/weed-dept/ORDINANCE_224.pdf | https://le.utah.gov/interim/2018/pdf/00004302.pdf | https://le.utah.gov/interim/2018/pdf/00004321.pdf | https://le.utah.gov/interim/2025/pdf/00003652.pdf
archive/data/complaint_h2s_findings.json,complaint_h2s_findings.json,.json,content:Newfield,
archive/data/debug_deq_search_results.html,debug_deq_search_results.html,.html,content:Treated Injection Water | content:Newfield,http://www.w3.org/1999/xhtml | http://www.w3.org/TR/xhtml1/DTD/xhtml1-transitional.dtd
archive/data/debug_deq_uintah_2024_2026_page.html,debug_deq_uintah_2024_2026_page.html,.html,,https://*.adyen.com | https://*.api.salesforce.com | https://*.c.forceusercontent.com | https://*.c.forceusercontent.com/lightningmaps/ | https://*.forceusercontent.com | https://*.workflowcloud.com | https://10ay.online.tableau.com | https://10ay.online.tableau.com; | https://app.getbeamer.com | https://appiniummastertrial.secure.force.com
archive/data/deq_duchesne_2020_2024.json,deq_duchesne_2020_2024.json,.json,content:Treated Injection Water | content:Newfield,https://eqspillsps.deq.utah.gov/MapSearchDirect.aspx?UTMn=4406678&UTMe=562486 | https://eqspillsps.deq.utah.gov/MapSearchDirect.aspx?UTMn=4407181&UTMe=518965 | https://eqspillsps.deq.utah.gov/MapSearchDirect.aspx?UTMn=4417140&UTMe=598782 | https://eqspillsps.deq.utah.gov/MapSearchDirect.aspx?UTMn=4417155&UTMe=580428 | https://eqspillsps.deq.utah.gov/MapSearchDirect.aspx?UTMn=4428775&UTMe=570729 | https://eqspillsps.deq.utah.gov/MapSearchDirect.aspx?UTMn=4428987&UTMe=573246 | https://eqspillsps.deq.utah.gov/MapSearchDirect.aspx?UTMn=4429456&UTMe=572497 | https://eqspillsps.deq.utah.gov/MapSearchDirect.aspx?UTMn=4429518&UTMe=538008 | https://eqspillsps.deq.utah.gov/MapSearchDirect.aspx?UTMn=4429718&UTMe=599051 | https://eqspillsps.deq.utah.gov/MapSearchDirect.aspx?UTMn=4429800&UTMe=554768
archive/data/deq_duchesne_2020_2024_before_coords.json,deq_duchesne_2020_2024_before_coords.json,.json,content:Treated Injection Water | content:Newfield,
archive/data/deq_duchesne_2020_2024_before_coords_20260608_150636.json,deq_duchesne_2020_2024_before_coords_20260608_150636.json,.json,content:Treated Injection Water | content:Newfield,
archive/data/deq_duchesne_2020_2024_mapped_final.json,deq_duchesne_2020_2024_mapped_final.json,.json,content:Treated Injection Water | content:Newfield,https://eqspillsps.deq.utah.gov/MapSearchDirect.aspx?UTMn=4406678&UTMe=562486 | https://eqspillsps.deq.utah.gov/MapSearchDirect.aspx?UTMn=4407181&UTMe=518965 | https://eqspillsps.deq.utah.gov/MapSearchDirect.aspx?UTMn=4417140&UTMe=598782 | https://eqspillsps.deq.utah.gov/MapSearchDirect.aspx?UTMn=4417155&UTMe=580428 | https://eqspillsps.deq.utah.gov/MapSearchDirect.aspx?UTMn=4428775&UTMe=570729 | https://eqspillsps.deq.utah.gov/MapSearchDirect.aspx?UTMn=4428987&UTMe=573246 | https://eqspillsps.deq.utah.gov/MapSearchDirect.aspx?UTMn=4429456&UTMe=572497 | https://eqspillsps.deq.utah.gov/MapSearchDirect.aspx?UTMn=4429518&UTMe=538008 | https://eqspillsps.deq.utah.gov/MapSearchDirect.aspx?UTMn=4429718&UTMe=599051 | https://eqspillsps.deq.utah.gov/MapSearchDirect.aspx?UTMn=4429800&UTMe=554768
archive/data/deq_duchesne_2020_2024_raw.txt,deq_duchesne_2020_2024_raw.txt,.txt,content:Treated Injection Water | content:Newfield,
archive/data/deq_duchesne_2024_2026_pdf_links.txt,deq_duchesne_2024_2026_pdf_links.txt,.txt,,https://deqspillsps.deq.utah.gov/s/pdfdownload?recordId=500eq000002CSM0AAO | https://deqspillsps.deq.utah.gov/s/pdfdownload?recordId=500eq000003PrttAAC | https://deqspillsps.deq.utah.gov/s/pdfdownload?recordId=500eq00000701eQAAQ | https://deqspillsps.deq.utah.gov/s/pdfdownload?recordId=500eq00000A16DkAAJ | https://deqspillsps.deq.utah.gov/s/pdfdownload?recordId=500eq00000F0H6fAAF | https://deqspillsps.deq.utah.gov/s/pdfdownload?recordId=500eq00000FW8bKAAT | https://deqspillsps.deq.utah.gov/s/pdfdownload?recordId=500eq00000GUwn1AAD | https://deqspillsps.deq.utah.gov/s/pdfdownload?recordId=500eq00000HPmB6AAL | https://deqspillsps.deq.utah.gov/s/pdfdownload?recordId=500eq00000Ihu4bAAB | https://deqspillsps.deq.utah.gov/s/pdfdownload?recordId=500eq00000LMONoAAP
archive/data/deq_duchesne_2024_2026_raw.json,deq_duchesne_2024_2026_raw.json,.json,content:Treated Injection Water,
archive/data/deq_duchesne_2024_2026_structured.json,deq_duchesne_2024_2026_structured.json,.json,content:Treated Injection Water,https://deqspillsps.deq.utah.gov/apex/CaseToPDF?id=500eq000002CSM0AAO | https://deqspillsps.deq.utah.gov/apex/CaseToPDF?id=500eq000003PrttAAC | https://deqspillsps.deq.utah.gov/apex/CaseToPDF?id=500eq00000701eQAAQ | https://deqspillsps.deq.utah.gov/apex/CaseToPDF?id=500eq00000A16DkAAJ | https://deqspillsps.deq.utah.gov/apex/CaseToPDF?id=500eq00000F0H6fAAF | https://deqspillsps.deq.utah.gov/apex/CaseToPDF?id=500eq00000FW8bKAAT | https://deqspillsps.deq.utah.gov/apex/CaseToPDF?id=500eq00000GUwn1AAD | https://deqspillsps.deq.utah.gov/apex/CaseToPDF?id=500eq00000HPmB6AAL | https://deqspillsps.deq.utah.gov/apex/CaseToPDF?id=500eq00000Ihu4bAAB | https://deqspillsps.deq.utah.gov/apex/CaseToPDF?id=500eq00000LMONoAAP
archive/data/deq_environmental_incidents_all.json,deq_environmental_incidents_all.json,.json,content:14186 | content:12773 | content:13007 | content:12285 | content:11965 | content:Myton Silage | content:Soldier Creek Marina | content:Treated Injection Water | content:Newfield | content:Duchesne H2S | content:H2S Release,http://www.durangoherald.com/article/20150806/NEWS01/150809765/Animas-River-closed-to-public--\nI | http://www.parkrecord.com/news/summit-county/man-seriously-injured-in-accident-near-jeremy-ranch-exit/ | http://www2.epa.gov/region8/contact-region-8\n\nI | https://picasaweb.google.com/105377044848809547245/WintertonTruckingSpill?authuser=0&authkey=Gv1sRgCIfr7LCw8tmdCw&feat=directlink\nAttached | https://www.reddit.com/r/whatisthisthing/comments/dx69ye/found_in_a_crawlspace_of_a_house_from_the_80s/
archive/data/deq_environmental_incidents_basin.json,deq_environmental_incidents_basin.json,.json,content:14186 | content:12773 | content:13007 | content:12285 | content:11965 | content:Myton Silage | content:Soldier Creek Marina | content:Treated Injection Water | content:Newfield | content:Duchesne H2S | content:H2S Release,https://deqspillsps.deq.utah.gov/apex/CaseToPDF?id=5003d00000BbtFxAAJ | https://deqspillsps.deq.utah.gov/apex/CaseToPDF?id=5003d00000BlXH5AAN | https://deqspillsps.deq.utah.gov/apex/CaseToPDF?id=5003d00000BpaATAAZ | https://deqspillsps.deq.utah.gov/apex/CaseToPDF?id=5003d00000C0WeSAAV | https://deqspillsps.deq.utah.gov/apex/CaseToPDF?id=5003d00000CWET8AAP | https://deqspillsps.deq.utah.gov/apex/CaseToPDF?id=500eq000000ZzNCAA0 | https://deqspillsps.deq.utah.gov/apex/CaseToPDF?id=500eq000001limjAAA | https://deqspillsps.deq.utah.gov/apex/CaseToPDF?id=500eq000002CSM0AAO | https://deqspillsps.deq.utah.gov/apex/CaseToPDF?id=500eq000002QzDFAA0 | https://deqspillsps.deq.utah.gov/apex/CaseToPDF?id=500eq000003PrttAAC
archive/data/deq_environmental_incidents_basin_backup_before_mapped_replace_20260608_171359.json,deq_environmental_incidents_basin_backup_before_mapped_replace_20260608_171359.json,.json,content:14186 | content:12773 | content:13007 | content:12285 | content:11965 | content:Myton Silage | content:Soldier Creek Marina | content:Treated Injection Water | content:Newfield | content:Duchesne H2S | content:H2S Release,https://deqspillsps.deq.utah.gov/apex/CaseToPDF?id=500eq000002CSM0AAO | https://deqspillsps.deq.utah.gov/apex/CaseToPDF?id=500eq000003PrttAAC | https://deqspillsps.deq.utah.gov/apex/CaseToPDF?id=500eq00000701eQAAQ | https://deqspillsps.deq.utah.gov/apex/CaseToPDF?id=500eq00000A16DkAAJ | https://deqspillsps.deq.utah.gov/apex/CaseToPDF?id=500eq00000F0H6fAAF | https://deqspillsps.deq.utah.gov/apex/CaseToPDF?id=500eq00000FW8bKAAT | https://deqspillsps.deq.utah.gov/apex/CaseToPDF?id=500eq00000GUwn1AAD | https://deqspillsps.deq.utah.gov/apex/CaseToPDF?id=500eq00000HPmB6AAL | https://deqspillsps.deq.utah.gov/apex/CaseToPDF?id=500eq00000Ihu4bAAB | https://deqspillsps.deq.utah.gov/apex/CaseToPDF?id=500eq00000LMONoAAP
archive/data/deq_environmental_incidents_basin_before_14186_test_20260611_133535.json,deq_environmental_incidents_basin_before_14186_test_20260611_133535.json,.json,filename:14186 | content:14186 | content:12773 | content:13007 | content:12285 | content:11965 | content:Myton Silage | content:Soldier Creek Marina | content:Treated Injection Water | content:Newfield | content:Duchesne H2S | content:H2S Release,https://deqspillsps.deq.utah.gov/apex/CaseToPDF?id=5003d00000BbtFxAAJ | https://deqspillsps.deq.utah.gov/apex/CaseToPDF?id=5003d00000BlXH5AAN | https://deqspillsps.deq.utah.gov/apex/CaseToPDF?id=5003d00000BpaATAAZ | https://deqspillsps.deq.utah.gov/apex/CaseToPDF?id=5003d00000C0WeSAAV | https://deqspillsps.deq.utah.gov/apex/CaseToPDF?id=5003d00000CWET8AAP | https://deqspillsps.deq.utah.gov/apex/CaseToPDF?id=500eq000000ZzNCAA0 | https://deqspillsps.deq.utah.gov/apex/CaseToPDF?id=500eq000001limjAAA | https://deqspillsps.deq.utah.gov/apex/CaseToPDF?id=500eq000002CSM0AAO | https://deqspillsps.deq.utah.gov/apex/CaseToPDF?id=500eq000002QzDFAA0 | https://deqspillsps.deq.utah.gov/apex/CaseToPDF?id=500eq000003PrttAAC
archive/data/deq_environmental_incidents_basin_before_2016_2019_source_pages_20260610_212010.json,deq_environmental_incidents_basin_before_2016_2019_source_pages_20260610_212010.json,.json,content:14186 | content:12773 | content:13007 | content:12285 | content:11965 | content:Myton Silage | content:Soldier Creek Marina | content:Treated Injection Water | content:Newfield | content:Duchesne H2S | content:H2S Release,https://deqspillsps.deq.utah.gov/apex/CaseToPDF?id=5003d00000BbtFxAAJ | https://deqspillsps.deq.utah.gov/apex/CaseToPDF?id=5003d00000BlXH5AAN | https://deqspillsps.deq.utah.gov/apex/CaseToPDF?id=5003d00000BpaATAAZ | https://deqspillsps.deq.utah.gov/apex/CaseToPDF?id=5003d00000C0WeSAAV | https://deqspillsps.deq.utah.gov/apex/CaseToPDF?id=5003d00000CWET8AAP | https://deqspillsps.deq.utah.gov/apex/CaseToPDF?id=500eq000000ZzNCAA0 | https://deqspillsps.deq.utah.gov/apex/CaseToPDF?id=500eq000001limjAAA | https://deqspillsps.deq.utah.gov/apex/CaseToPDF?id=500eq000002CSM0AAO | https://deqspillsps.deq.utah.gov/apex/CaseToPDF?id=500eq000002QzDFAA0 | https://deqspillsps.deq.utah.gov/apex/CaseToPDF?id=500eq000003PrttAAC
archive/data/deq_environmental_incidents_basin_before_2016_2019_source_pages_20260610_213420.json,deq_environmental_incidents_basin_before_2016_2019_source_pages_20260610_213420.json,.json,content:14186 | content:12773 | content:13007 | content:12285 | content:11965 | content:Myton Silage | content:Soldier Creek Marina | content:Treated Injection Water | content:Newfield | content:Duchesne H2S | content:H2S Release,https://deqspillsps.deq.utah.gov/apex/CaseToPDF?id=5003d00000BbtFxAAJ | https://deqspillsps.deq.utah.gov/apex/CaseToPDF?id=5003d00000BlXH5AAN | https://deqspillsps.deq.utah.gov/apex/CaseToPDF?id=5003d00000BpaATAAZ | https://deqspillsps.deq.utah.gov/apex/CaseToPDF?id=5003d00000C0WeSAAV | https://deqspillsps.deq.utah.gov/apex/CaseToPDF?id=5003d00000CWET8AAP | https://deqspillsps.deq.utah.gov/apex/CaseToPDF?id=500eq000000ZzNCAA0 | https://deqspillsps.deq.utah.gov/apex/CaseToPDF?id=500eq000001limjAAA | https://deqspillsps.deq.utah.gov/apex/CaseToPDF?id=500eq000002CSM0AAO | https://deqspillsps.deq.utah.gov/apex/CaseToPDF?id=500eq000002QzDFAA0 | https://deqspillsps.deq.utah.gov/apex/CaseToPDF?id=500eq000003PrttAAC
archive/data/deq_environmental_incidents_basin_before_2020_2024_coord_replace.json,deq_environmental_incidents_basin_before_2020_2024_coord_replace.json,.json,content:14186 | content:12773 | content:13007 | content:12285 | content:11965 | content:Myton Silage | content:Soldier Creek Marina | content:Treated Injection Water | content:Newfield | content:Duchesne H2S | content:H2S Release,https://deqspillsps.deq.utah.gov/apex/CaseToPDF?id=500eq000002CSM0AAO | https://deqspillsps.deq.utah.gov/apex/CaseToPDF?id=500eq000003PrttAAC | https://deqspillsps.deq.utah.gov/apex/CaseToPDF?id=500eq00000701eQAAQ | https://deqspillsps.deq.utah.gov/apex/CaseToPDF?id=500eq00000A16DkAAJ | https://deqspillsps.deq.utah.gov/apex/CaseToPDF?id=500eq00000F0H6fAAF | https://deqspillsps.deq.utah.gov/apex/CaseToPDF?id=500eq00000FW8bKAAT | https://deqspillsps.deq.utah.gov/apex/CaseToPDF?id=500eq00000GUwn1AAD | https://deqspillsps.deq.utah.gov/apex/CaseToPDF?id=500eq00000HPmB6AAL | https://deqspillsps.deq.utah.gov/apex/CaseToPDF?id=500eq00000Ihu4bAAB | https://deqspillsps.deq.utah.gov/apex/CaseToPDF?id=500eq00000LMONoAAP
archive/data/deq_environmental_incidents_basin_before_2020_2024_pdf_import_20260609_224815.json,deq_environmental_incidents_basin_before_2020_2024_pdf_import_20260609_224815.json,.json,content:14186 | content:12773 | content:13007 | content:12285 | content:11965 | content:Myton Silage | content:Soldier Creek Marina | content:Treated Injection Water | content:Newfield | content:Duchesne H2S | content:H2S Release,https://deqspillsps.deq.utah.gov/apex/CaseToPDF?id=5003d00000BbtFxAAJ | https://deqspillsps.deq.utah.gov/apex/CaseToPDF?id=5003d00000BlXH5AAN | https://deqspillsps.deq.utah.gov/apex/CaseToPDF?id=5003d00000BpaATAAZ | https://deqspillsps.deq.utah.gov/apex/CaseToPDF?id=5003d00000C0WeSAAV | https://deqspillsps.deq.utah.gov/apex/CaseToPDF?id=5003d00000CWET8AAP | https://deqspillsps.deq.utah.gov/apex/CaseToPDF?id=500eq000000ZzNCAA0 | https://deqspillsps.deq.utah.gov/apex/CaseToPDF?id=500eq000001limjAAA | https://deqspillsps.deq.utah.gov/apex/CaseToPDF?id=500eq000002CSM0AAO | https://deqspillsps.deq.utah.gov/apex/CaseToPDF?id=500eq000002QzDFAA0 | https://deqspillsps.deq.utah.gov/apex/CaseToPDF?id=500eq000003PrttAAC
archive/data/deq_environmental_incidents_basin_before_2024_2026_import.json,deq_environmental_incidents_basin_before_2024_2026_import.json,.json,content:14186 | content:12773 | content:13007 | content:12285 | content:11965 | content:Myton Silage | content:Soldier Creek Marina | content:Treated Injection Water | content:Newfield | content:Duchesne H2S | content:H2S Release,https://deqspillsps.deq.utah.gov/apex/CaseToPDF?id=500eq000002CSM0AAO | https://deqspillsps.deq.utah.gov/apex/CaseToPDF?id=500eq000003PrttAAC | https://deqspillsps.deq.utah.gov/apex/CaseToPDF?id=500eq00000701eQAAQ | https://deqspillsps.deq.utah.gov/apex/CaseToPDF?id=500eq00000A16DkAAJ | https://deqspillsps.deq.utah.gov/apex/CaseToPDF?id=500eq00000F0H6fAAF | https://deqspillsps.deq.utah.gov/apex/CaseToPDF?id=500eq00000FW8bKAAT | https://deqspillsps.deq.utah.gov/apex/CaseToPDF?id=500eq00000GUwn1AAD | https://deqspillsps.deq.utah.gov/apex/CaseToPDF?id=500eq00000HPmB6AAL | https://deqspillsps.deq.utah.gov/apex/CaseToPDF?id=500eq00000Ihu4bAAB | https://deqspillsps.deq.utah.gov/apex/CaseToPDF?id=500eq00000LMONoAAP
archive/data/deq_environmental_incidents_basin_before_archive_pdf_links_20260611_121221.json,deq_environmental_incidents_basin_before_archive_pdf_links_20260611_121221.json,.json,content:14186 | content:12773 | content:13007 | content:12285 | content:11965 | content:Myton Silage | content:Soldier Creek Marina | content:Treated Injection Water | content:Newfield | content:Duchesne H2S | content:H2S Release,https://deqspillsps.deq.utah.gov/apex/CaseToPDF?id=5003d00000BbtFxAAJ | https://deqspillsps.deq.utah.gov/apex/CaseToPDF?id=5003d00000BlXH5AAN | https://deqspillsps.deq.utah.gov/apex/CaseToPDF?id=5003d00000BpaATAAZ | https://deqspillsps.deq.utah.gov/apex/CaseToPDF?id=5003d00000C0WeSAAV | https://deqspillsps.deq.utah.gov/apex/CaseToPDF?id=5003d00000CWET8AAP | https://deqspillsps.deq.utah.gov/apex/CaseToPDF?id=500eq000000ZzNCAA0 | https://deqspillsps.deq.utah.gov/apex/CaseToPDF?id=500eq000001limjAAA | https://deqspillsps.deq.utah.gov/apex/CaseToPDF?id=500eq000002CSM0AAO | https://deqspillsps.deq.utah.gov/apex/CaseToPDF?id=500eq000002QzDFAA0 | https://deqspillsps.deq.utah.gov/apex/CaseToPDF?id=500eq000003PrttAAC
archive/data/deq_environmental_incidents_basin_before_local_sources_20260609_171328.json,deq_environmental_incidents_basin_before_local_sources_20260609_171328.json,.json,content:14186 | content:12773 | content:13007 | content:12285 | content:11965 | content:Myton Silage | content:Soldier Creek Marina | content:Treated Injection Water | content:Newfield | content:Duchesne H2S | content:H2S Release,https://deqspillsps.deq.utah.gov/apex/CaseToPDF?id=5003d00000BbtFxAAJ | https://deqspillsps.deq.utah.gov/apex/CaseToPDF?id=5003d00000BlXH5AAN | https://deqspillsps.deq.utah.gov/apex/CaseToPDF?id=5003d00000BpaATAAZ | https://deqspillsps.deq.utah.gov/apex/CaseToPDF?id=5003d00000C0WeSAAV | https://deqspillsps.deq.utah.gov/apex/CaseToPDF?id=5003d00000CWET8AAP | https://deqspillsps.deq.utah.gov/apex/CaseToPDF?id=500eq000000ZzNCAA0 | https://deqspillsps.deq.utah.gov/apex/CaseToPDF?id=500eq000001limjAAA | https://deqspillsps.deq.utah.gov/apex/CaseToPDF?id=500eq000002CSM0AAO | https://deqspillsps.deq.utah.gov/apex/CaseToPDF?id=500eq000002QzDFAA0 | https://deqspillsps.deq.utah.gov/apex/CaseToPDF?id=500eq000003PrttAAC
archive/data/deq_environmental_incidents_basin_before_pdf_archive_20260609_200028.json,deq_environmental_incidents_basin_before_pdf_archive_20260609_200028.json,.json,content:14186 | content:12773 | content:13007 | content:12285 | content:11965 | content:Myton Silage | content:Soldier Creek Marina | content:Treated Injection Water | content:Newfield | content:Duchesne H2S | content:H2S Release,https://deqspillsps.deq.utah.gov/apex/CaseToPDF?id=5003d00000BbtFxAAJ | https://deqspillsps.deq.utah.gov/apex/CaseToPDF?id=5003d00000BlXH5AAN | https://deqspillsps.deq.utah.gov/apex/CaseToPDF?id=5003d00000BpaATAAZ | https://deqspillsps.deq.utah.gov/apex/CaseToPDF?id=5003d00000C0WeSAAV | https://deqspillsps.deq.utah.gov/apex/CaseToPDF?id=5003d00000CWET8AAP | https://deqspillsps.deq.utah.gov/apex/CaseToPDF?id=500eq000000ZzNCAA0 | https://deqspillsps.deq.utah.gov/apex/CaseToPDF?id=500eq000001limjAAA | https://deqspillsps.deq.utah.gov/apex/CaseToPDF?id=500eq000002CSM0AAO | https://deqspillsps.deq.utah.gov/apex/CaseToPDF?id=500eq000002QzDFAA0 | https://deqspillsps.deq.utah.gov/apex/CaseToPDF?id=500eq000003PrttAAC
archive/data/deq_environmental_incidents_basin_before_pdf_archive_20260609_200321.json,deq_environmental_incidents_basin_before_pdf_archive_20260609_200321.json,.json,content:14186 | content:12773 | content:13007 | content:12285 | content:11965 | content:Myton Silage | content:Soldier Creek Marina | content:Treated Injection Water | content:Newfield | content:Duchesne H2S | content:H2S Release,https://deqspillsps.deq.utah.gov/apex/CaseToPDF?id=5003d00000BbtFxAAJ | https://deqspillsps.deq.utah.gov/apex/CaseToPDF?id=5003d00000BlXH5AAN | https://deqspillsps.deq.utah.gov/apex/CaseToPDF?id=5003d00000BpaATAAZ | https://deqspillsps.deq.utah.gov/apex/CaseToPDF?id=5003d00000C0WeSAAV | https://deqspillsps.deq.utah.gov/apex/CaseToPDF?id=5003d00000CWET8AAP | https://deqspillsps.deq.utah.gov/apex/CaseToPDF?id=500eq000000ZzNCAA0 | https://deqspillsps.deq.utah.gov/apex/CaseToPDF?id=500eq000001limjAAA | https://deqspillsps.deq.utah.gov/apex/CaseToPDF?id=500eq000002CSM0AAO | https://deqspillsps.deq.utah.gov/apex/CaseToPDF?id=500eq000002QzDFAA0 | https://deqspillsps.deq.utah.gov/apex/CaseToPDF?id=500eq000003PrttAAC
archive/data/deq_environmental_incidents_basin_before_sequence_pdf_link_20260609_231219.json,deq_environmental_incidents_basin_before_sequence_pdf_link_20260609_231219.json,.json,content:14186 | content:12773 | content:13007 | content:12285 | content:11965 | content:Myton Silage | content:Soldier Creek Marina | content:Treated Injection Water | content:Newfield | content:Duchesne H2S | content:H2S Release,https://deqspillsps.deq.utah.gov/apex/CaseToPDF?id=5003d00000BbtFxAAJ | https://deqspillsps.deq.utah.gov/apex/CaseToPDF?id=5003d00000BlXH5AAN | https://deqspillsps.deq.utah.gov/apex/CaseToPDF?id=5003d00000BpaATAAZ | https://deqspillsps.deq.utah.gov/apex/CaseToPDF?id=5003d00000C0WeSAAV | https://deqspillsps.deq.utah.gov/apex/CaseToPDF?id=5003d00000CWET8AAP | https://deqspillsps.deq.utah.gov/apex/CaseToPDF?id=500eq000000ZzNCAA0 | https://deqspillsps.deq.utah.gov/apex/CaseToPDF?id=500eq000001limjAAA | https://deqspillsps.deq.utah.gov/apex/CaseToPDF?id=500eq000002CSM0AAO | https://deqspillsps.deq.utah.gov/apex/CaseToPDF?id=500eq000002QzDFAA0 | https://deqspillsps.deq.utah.gov/apex/CaseToPDF?id=500eq000003PrttAAC
archive/data/deq_environmental_incidents_basin_before_source_url_merge_20260609_174019.json,deq_environmental_incidents_basin_before_source_url_merge_20260609_174019.json,.json,content:14186 | content:12773 | content:13007 | content:12285 | content:11965 | content:Myton Silage | content:Soldier Creek Marina | content:Treated Injection Water | content:Newfield | content:Duchesne H2S | content:H2S Release,https://deqspillsps.deq.utah.gov/apex/CaseToPDF?id=5003d00000BbtFxAAJ | https://deqspillsps.deq.utah.gov/apex/CaseToPDF?id=5003d00000BlXH5AAN | https://deqspillsps.deq.utah.gov/apex/CaseToPDF?id=5003d00000BpaATAAZ | https://deqspillsps.deq.utah.gov/apex/CaseToPDF?id=5003d00000C0WeSAAV | https://deqspillsps.deq.utah.gov/apex/CaseToPDF?id=5003d00000CWET8AAP | https://deqspillsps.deq.utah.gov/apex/CaseToPDF?id=500eq000000ZzNCAA0 | https://deqspillsps.deq.utah.gov/apex/CaseToPDF?id=500eq000001limjAAA | https://deqspillsps.deq.utah.gov/apex/CaseToPDF?id=500eq000002CSM0AAO | https://deqspillsps.deq.utah.gov/apex/CaseToPDF?id=500eq000002QzDFAA0 | https://deqspillsps.deq.utah.gov/apex/CaseToPDF?id=500eq000003PrttAAC
archive/data/deq_environmental_incidents_basin_before_text_pdf_match_20260609_232427.json,deq_environmental_incidents_basin_before_text_pdf_match_20260609_232427.json,.json,content:14186 | content:12773 | content:13007 | content:12285 | content:11965 | content:Myton Silage | content:Soldier Creek Marina | content:Treated Injection Water | content:Newfield | content:Duchesne H2S | content:H2S Release,https://deqspillsps.deq.utah.gov/apex/CaseToPDF?id=5003d00000BbtFxAAJ | https://deqspillsps.deq.utah.gov/apex/CaseToPDF?id=5003d00000BlXH5AAN | https://deqspillsps.deq.utah.gov/apex/CaseToPDF?id=5003d00000BpaATAAZ | https://deqspillsps.deq.utah.gov/apex/CaseToPDF?id=5003d00000C0WeSAAV | https://deqspillsps.deq.utah.gov/apex/CaseToPDF?id=5003d00000CWET8AAP | https://deqspillsps.deq.utah.gov/apex/CaseToPDF?id=500eq000000ZzNCAA0 | https://deqspillsps.deq.utah.gov/apex/CaseToPDF?id=500eq000001limjAAA | https://deqspillsps.deq.utah.gov/apex/CaseToPDF?id=500eq000002CSM0AAO | https://deqspillsps.deq.utah.gov/apex/CaseToPDF?id=500eq000002QzDFAA0 | https://deqspillsps.deq.utah.gov/apex/CaseToPDF?id=500eq000003PrttAAC
archive/data/deq_environmental_incidents_basin_before_uintah_2024_2026_20260609_001210.json,deq_environmental_incidents_basin_before_uintah_2024_2026_20260609_001210.json,.json,content:14186 | content:12773 | content:13007 | content:12285 | content:11965 | content:Myton Silage | content:Soldier Creek Marina | content:Treated Injection Water | content:Newfield | content:Duchesne H2S | content:H2S Release,https://deqspillsps.deq.utah.gov/apex/CaseToPDF?id=500eq000002CSM0AAO | https://deqspillsps.deq.utah.gov/apex/CaseToPDF?id=500eq000003PrttAAC | https://deqspillsps.deq.utah.gov/apex/CaseToPDF?id=500eq00000701eQAAQ | https://deqspillsps.deq.utah.gov/apex/CaseToPDF?id=500eq00000A16DkAAJ | https://deqspillsps.deq.utah.gov/apex/CaseToPDF?id=500eq00000F0H6fAAF | https://deqspillsps.deq.utah.gov/apex/CaseToPDF?id=500eq00000FW8bKAAT | https://deqspillsps.deq.utah.gov/apex/CaseToPDF?id=500eq00000GUwn1AAD | https://deqspillsps.deq.utah.gov/apex/CaseToPDF?id=500eq00000HPmB6AAL | https://deqspillsps.deq.utah.gov/apex/CaseToPDF?id=500eq00000Ihu4bAAB | https://deqspillsps.deq.utah.gov/apex/CaseToPDF?id=500eq00000LMONoAAP
archive/data/deq_environmental_incidents_basin_before_uintah_merge.json,deq_environmental_incidents_basin_before_uintah_merge.json,.json,content:14186 | content:12773 | content:13007 | content:12285 | content:11965 | content:Myton Silage | content:Soldier Creek Marina | content:Treated Injection Water | content:Newfield | content:Duchesne H2S | content:H2S Release,https://deqspillsps.deq.utah.gov/apex/CaseToPDF?id=500eq000002CSM0AAO | https://deqspillsps.deq.utah.gov/apex/CaseToPDF?id=500eq000003PrttAAC | https://deqspillsps.deq.utah.gov/apex/CaseToPDF?id=500eq00000701eQAAQ | https://deqspillsps.deq.utah.gov/apex/CaseToPDF?id=500eq00000A16DkAAJ | https://deqspillsps.deq.utah.gov/apex/CaseToPDF?id=500eq00000F0H6fAAF | https://deqspillsps.deq.utah.gov/apex/CaseToPDF?id=500eq00000FW8bKAAT | https://deqspillsps.deq.utah.gov/apex/CaseToPDF?id=500eq00000GUwn1AAD | https://deqspillsps.deq.utah.gov/apex/CaseToPDF?id=500eq00000HPmB6AAL | https://deqspillsps.deq.utah.gov/apex/CaseToPDF?id=500eq00000Ihu4bAAB | https://deqspillsps.deq.utah.gov/apex/CaseToPDF?id=500eq00000LMONoAAP
archive/data/deq_environmental_incidents_basin_WORKING_749.json,deq_environmental_incidents_basin_WORKING_749.json,.json,content:14186 | content:12773 | content:13007 | content:12285 | content:11965 | content:Myton Silage | content:Soldier Creek Marina | content:Treated Injection Water | content:Newfield | content:Duchesne H2S | content:H2S Release,https://deqspillsps.deq.utah.gov/apex/CaseToPDF?id=500eq000002CSM0AAO | https://deqspillsps.deq.utah.gov/apex/CaseToPDF?id=500eq000003PrttAAC | https://deqspillsps.deq.utah.gov/apex/CaseToPDF?id=500eq00000701eQAAQ | https://deqspillsps.deq.utah.gov/apex/CaseToPDF?id=500eq00000A16DkAAJ | https://deqspillsps.deq.utah.gov/apex/CaseToPDF?id=500eq00000F0H6fAAF | https://deqspillsps.deq.utah.gov/apex/CaseToPDF?id=500eq00000FW8bKAAT | https://deqspillsps.deq.utah.gov/apex/CaseToPDF?id=500eq00000GUwn1AAD | https://deqspillsps.deq.utah.gov/apex/CaseToPDF?id=500eq00000HPmB6AAL | https://deqspillsps.deq.utah.gov/apex/CaseToPDF?id=500eq00000Ihu4bAAB | https://deqspillsps.deq.utah.gov/apex/CaseToPDF?id=500eq00000LMONoAAP
archive/data/deq_incidents.json,deq_incidents.json,.json,content:14186 | content:12773 | content:13007 | content:12285 | content:11965 | content:Myton Silage | content:Soldier Creek Marina | content:Treated Injection Water | content:Newfield | content:Duchesne H2S | content:H2S Release,https://opendata.utah.gov/resource/sce7-b7au.json | https://picasaweb.google.com/105377044848809547245/WintertonTruckingSpill?authuser=0&authkey=Gv1sRgCIfr7LCw8tmdCw&feat=directlink\nAttached
archive/data/deq_incidents_2016_present.json,deq_incidents_2016_present.json,.json,content:14186 | content:12773 | content:13007 | content:Myton Silage | content:Soldier Creek Marina | content:Treated Injection Water | content:Newfield | content:H2S Release,https://opendata.utah.gov/resource/sce7-b7au.json
archive/data/deq_incidents_classified.json,deq_incidents_classified.json,.json,content:14186 | content:12773 | content:13007 | content:12285 | content:11965 | content:Myton Silage | content:Soldier Creek Marina | content:Treated Injection Water | content:Newfield | content:Duchesne H2S | content:H2S Release,https://opendata.utah.gov/resource/sce7-b7au.json | https://picasaweb.google.com/105377044848809547245/WintertonTruckingSpill?authuser=0&authkey=Gv1sRgCIfr7LCw8tmdCw&feat=directlink\nAttached
archive/data/deq_incidents_pre2016.json,deq_incidents_pre2016.json,.json,content:12285 | content:11965 | content:Treated Injection Water | content:Newfield | content:Duchesne H2S | content:H2S Release,https://opendata.utah.gov/resource/sce7-b7au.json | https://picasaweb.google.com/105377044848809547245/WintertonTruckingSpill?authuser=0&authkey=Gv1sRgCIfr7LCw8tmdCw&feat=directlink\nAttached
archive/data/deq_incidents_pre2016_before_local_pages.json,deq_incidents_pre2016_before_local_pages.json,.json,content:12285 | content:11965 | content:Treated Injection Water | content:Newfield | content:Duchesne H2S | content:H2S Release,https://opendata.utah.gov/resource/sce7-b7au.json | https://picasaweb.google.com/105377044848809547245/WintertonTruckingSpill?authuser=0&authkey=Gv1sRgCIfr7LCw8tmdCw&feat=directlink\nAttached
archive/data/deq_incidents_pre2016_before_source_pages_20260610_120143.json,deq_incidents_pre2016_before_source_pages_20260610_120143.json,.json,content:12285 | content:11965 | content:Treated Injection Water | content:Newfield | content:Duchesne H2S | content:H2S Release,https://opendata.utah.gov/resource/sce7-b7au.json | https://picasaweb.google.com/105377044848809547245/WintertonTruckingSpill?authuser=0&authkey=Gv1sRgCIfr7LCw8tmdCw&feat=directlink\nAttached
archive/data/deq_uintah_2020_2024.json,deq_uintah_2020_2024.json,.json,content:Newfield,https://eqspillsps.deq.utah.gov/MapSearchDirect.aspx?UTMn=4372475&UTMe=643380 | https://eqspillsps.deq.utah.gov/MapSearchDirect.aspx?UTMn=4418386&UTMe=631056 | https://eqspillsps.deq.utah.gov/MapSearchDirect.aspx?UTMn=4418998&UTMe=630686 | https://eqspillsps.deq.utah.gov/MapSearchDirect.aspx?UTMn=4422785&UTMe=631391 | https://eqspillsps.deq.utah.gov/MapSearchDirect.aspx?UTMn=4423408&UTMe=638754 | https://eqspillsps.deq.utah.gov/MapSearchDirect.aspx?UTMn=4424210&UTMe=639415 | https://eqspillsps.deq.utah.gov/MapSearchDirect.aspx?UTMn=4425247&UTMe=636060 | https://eqspillsps.deq.utah.gov/MapSearchDirect.aspx?UTMn=4425541&UTMe=638107 | https://eqspillsps.deq.utah.gov/MapSearchDirect.aspx?UTMn=4425559&UTMe=606523 | https://eqspillsps.deq.utah.gov/MapSearchDirect.aspx?UTMn=4425625&UTMe=637448
archive/data/deq_uintah_2020_2024_before_coords_20260608_190357.json,deq_uintah_2020_2024_before_coords_20260608_190357.json,.json,content:Newfield,
archive/data/deq_uintah_2024_2026_structured.json,deq_uintah_2024_2026_structured.json,.json,,https://deqspillsps.deq.utah.gov/apex/CaseToPDF?id=5003d00000BbtFxAAJ | https://deqspillsps.deq.utah.gov/apex/CaseToPDF?id=5003d00000BlXH5AAN | https://deqspillsps.deq.utah.gov/apex/CaseToPDF?id=5003d00000BpaATAAZ | https://deqspillsps.deq.utah.gov/apex/CaseToPDF?id=5003d00000C0WeSAAV | https://deqspillsps.deq.utah.gov/apex/CaseToPDF?id=5003d00000CWET8AAP | https://deqspillsps.deq.utah.gov/apex/CaseToPDF?id=500eq000000ZzNCAA0 | https://deqspillsps.deq.utah.gov/apex/CaseToPDF?id=500eq000001limjAAA | https://deqspillsps.deq.utah.gov/apex/CaseToPDF?id=500eq000002QzDFAA0 | https://deqspillsps.deq.utah.gov/apex/CaseToPDF?id=500eq000005R8jQAAS | https://deqspillsps.deq.utah.gov/apex/CaseToPDF?id=500eq000005kcxDAAQ
archive/data/entity_findings.json,entity_findings.json,.json,content:Newfield,https://duchesne.utah.gov/gov/elected-officials/clerk-auditor/elections-home/
archive/data/monitoring_sites.json,monitoring_sites.json,.json,,https://air.utah.gov/network/docs/2020FiveYearReport.pdf | https://air.utah.gov/network/docs/2025FiveYearReport.pdf | https://www.airnow.gov/
archive/data/scheduler_log.txt,scheduler_log.txt,.txt,,https://utahaq.chpc.utah.edu/jsondata/FixedSiteMapData.json | https://www.airnowapi.org/aq/observation/latLong/current/?format=application%2Fjson&latitude=40.1633&longitude=-110.4029&distance=35&API_KEY=B422C1EB-F856-430D-81AB-C0834D831F39 | https://www.airnowapi.org/aq/observation/latLong/current/?format=application%2Fjson&latitude=40.2994&longitude=-109.9887&distance=35&API_KEY=B422C1EB-F856-430D-81AB-C0834D831F39 | https://www.airnowapi.org/aq/observation/latLong/current/?format=application%2Fjson&latitude=40.4555&longitude=-109.5287&distance=35&API_KEY=B422C1EB-F856-430D-81AB-C0834D831F39
archive/data/source_provenance_index.csv,source_provenance_index.csv,.csv,content:14186 | content:12773 | content:13007 | content:12285 | content:11965 | content:Myton Silage | content:Soldier Creek Marina | content:Treated Injection Water | content:Newfield | content:Duchesne H2S | content:H2S Release,http://ag.utah.gov/conservation-environmental/grazing-improvement-program.html | http://ag.utah.gov/conservation-environmental/grazing-improvement-program/history- | http://ag.utah.gov/documents/Agtaskforce.pdf | http://ag.utah.gov/documents/ISM_CountyNoxiousWeeds_2015.pdf. | http://ag.utah.gov/documents/Insect_Utah_Mormon_Cricket_Grasshopper_Report_2015.pdf | http://apps1.eere.energy.gov/states/maps.cfm/state=UT | http://apps2.eere.energy.gov/wind/windexchange/pdfs/wind_maps/ut_110m_potential.pdf | http://apps2.eere.energy.gov/wind/windexchange/pdfs/wind_maps/ut_140m_potential.pdf | http://apps2.eere.energy.gov/wind/windexchange/wind_resource_maps.asp?stateab=ut | http://archives.utah.gov/main/
archive/data/water_systems.json,water_systems.json,.json,,https://www.eastduchesnewater.gov/contact-us
archive/data/complaint_h2s_findings_by_year/2010.json,2010.json,.json,content:Newfield,
archive/data/old_or_review/deq_environmental_incidents_basin_before_2024_2026_import.json,deq_environmental_incidents_basin_before_2024_2026_import.json,.json,content:14186 | content:12773 | content:13007 | content:12285 | content:11965 | content:Myton Silage | content:Soldier Creek Marina | content:Treated Injection Water | content:Newfield | content:Duchesne H2S | content:H2S Release,https://picasaweb.google.com/105377044848809547245/WintertonTruckingSpill?authuser=0&authkey=Gv1sRgCIfr7LCw8tmdCw&feat=directlink\nAttached
archive/data/old_or_review/needs_review_industrial.json,needs_review_industrial.json,.json,content:Newfield,
archive/extracted_text/deq_duchesne_2024_2026/deq_duchesne_2024_2026_044_500eq00000HPmB6AAL.txt,deq_duchesne_2024_2026_044_500eq00000HPmB6AAL.txt,.txt,content:Treated Injection Water,
archive/extracted_text/deq_duchesne_2024_2026/deq_duchesne_2024_2026_047_500eq00000F0H6fAAF.txt,deq_duchesne_2024_2026_047_500eq00000F0H6fAAF.txt,.txt,content:Treated Injection Water,
archive/extracted_text/legacy/00003556.txt,00003556.txt,.txt,,http://www.ehd.org/dev_article_unit10.php#fingernailstoenails | https://medlineplus.gov/ency/article/002398.htm | https://medlineplus.gov/ency/article/002398.htmhttps://www | https://worldjusticeproject.org/our-work/wjp-rule-law-index/ | https://www.acog.org/Clinical−Guidance−and−Publications/Practice−Bull | https://www.fhwa.dot.gov/ohim/summary95/mv | https://www.hopkinsmedicine.org/healthlibrary/conditions/pregnancy_and_chil | https://www.jhsph.edu/research/centers−and−institutes/johns−hopkins−fetal−de | https://www.ncbi.nlm.nih.gov/pubmed/3278881?dopt=Abstract | https://www.ncsc.org/Topics/Court-Community/
archive/extracted_text/legacy/00003557.txt,00003557.txt,.txt,,http://www.ehd.org/dev_article_unit10.php#fingernailstoenails | https://medlineplus.gov/ency/article/002398.htm | https://medlineplus.gov/ency/article/002398.htmhttps://www | https://worldjusticeproject.org/our-work/wjp-rule-law-index/ | https://www.acog.org/Clinical−Guidance−and−Publications/Practice−Bull | https://www.fhwa.dot.gov/ohim/summary95/mv | https://www.hopkinsmedicine.org/healthlibrary/conditions/pregnancy_and_chil | https://www.jhsph.edu/research/centers−and−institutes/johns−hopkins−fetal−de | https://www.ncbi.nlm.nih.gov/pubmed/3278881?dopt=Abstract | https://www.ncsc.org/Topics/Court-Community/
archive/extracted_text/legacy/00004219.txt,00004219.txt,.txt,,https://utahinnovationof
archive/extracted_text/legacy/00004220.txt,00004220.txt,.txt,,https://utahinnovationof
archive/extracted_text/legacy/00004311.txt,00004311.txt,.txt,content:Newfield,
archive/extracted_text/legacy/00004312.txt,00004312.txt,.txt,content:Newfield,http://edsitement.neh.gov/lesson-plan/statue-liberty-meaning-and-use-national
archive/extracted_text/legacy/00004316.txt,00004316.txt,.txt,,http://le.utah.gov/session/2011/pdfdoc/selected
archive/extracted_text/legacy/00004318.txt,00004318.txt,.txt,,http://www.medicationdisposal.utah.gov/disposal_locations_even
archive/extracted_text/legacy/01-24-11.txt,01-24-11.txt,.txt,content:Newfield,
archive/extracted_text/legacy/01-30-12.txt,01-30-12.txt,.txt,content:Newfield,
archive/extracted_text/legacy/02-06-12.txt,02-06-12.txt,.txt,content:Newfield,
archive/extracted_text/legacy/03-05-12.txt,03-05-12.txt,.txt,content:Newfield,
archive/extracted_text/legacy/03-14-11_Combined.txt,03-14-11_Combined.txt,.txt,content:Newfield,
archive/extracted_text/legacy/03-26-12.txt,03-26-12.txt,.txt,content:Newfield,
archive/extracted_text/legacy/04-01-13.txt,04-01-13.txt,.txt,content:Newfield,
archive/extracted_text/legacy/04-08-13.txt,04-08-13.txt,.txt,content:Newfield,
archive/extracted_text/legacy/04-18-11_Combined.txt,04-18-11_Combined.txt,.txt,content:Newfield,
archive/extracted_text/legacy/04-23-12.txt,04-23-12.txt,.txt,content:Newfield,
archive/extracted_text/legacy/04-29-13.txt,04-29-13.txt,.txt,content:Newfield,
archive/extracted_text/legacy/05-13-13.txt,05-13-13.txt,.txt,content:Newfield,
archive/extracted_text/legacy/05-21-12.txt,05-21-12.txt,.txt,content:Newfield,
archive/extracted_text/legacy/06-13-11.txt,06-13-11.txt,.txt,content:Newfield,
archive/extracted_text/legacy/06-18-12.txt,06-18-12.txt,.txt,content:Newfield,
archive/extracted_text/legacy/07-01-13.txt,07-01-13.txt,.txt,content:Newfield,
archive/extracted_text/legacy/07-23-12.txt,07-23-12.txt,.txt,content:Newfield,
archive/extracted_text/legacy/08-02-10_reg.txt,08-02-10_reg.txt,.txt,,http://pmn.utah.gov
archive/extracted_text/legacy/08-08-11_Combined.txt,08-08-11_Combined.txt,.txt,content:Newfield,
archive/extracted_text/legacy/08-12-13.txt,08-12-13.txt,.txt,content:Newfield,
archive/extracted_text/legacy/08-20-12.txt,08-20-12.txt,.txt,content:Newfield,
archive/extracted_text/legacy/08-26-13.txt,08-26-13.txt,.txt,content:Newfield,
archive/extracted_text/legacy/09-12-11.txt,09-12-11.txt,.txt,content:Newfield,
archive/extracted_text/legacy/09-24-12.txt,09-24-12.txt,.txt,content:Newfield,
archive/extracted_text/legacy/10-03-11_Combined.txt,10-03-11_Combined.txt,.txt,content:Newfield,
archive/extracted_text/legacy/10-07-15.txt,10-07-15.txt,.txt,content:Newfield,
archive/extracted_text/legacy/10-24-11_Combined.txt,10-24-11_Combined.txt,.txt,content:11965,
archive/extracted_text/legacy/10-31-11_Combined.txt,10-31-11_Combined.txt,.txt,content:11965 | content:Newfield,
archive/extracted_text/legacy/10-4-23.txt,10-4-23.txt,.txt,content:Newfield,
archive/extracted_text/legacy/11-04-13.txt,11-04-13.txt,.txt,content:Newfield,
archive/extracted_text/legacy/11-19-12.txt,11-19-12.txt,.txt,content:Newfield,
archive/extracted_text/legacy/11-21-11_Combined.txt,11-21-11_Combined.txt,.txt,content:Newfield,
archive/extracted_text/legacy/12-06-10_reg.txt,12-06-10_reg.txt,.txt,content:Newfield,
archive/extracted_text/legacy/12-10-12.txt,12-10-12.txt,.txt,content:Newfield,
archive/extracted_text/legacy/12-12-11_Combined.txt,12-12-11_Combined.txt,.txt,content:Newfield,
archive/extracted_text/legacy/22-397-Tax-Sale-Ordinance.txt,22-397-Tax-Sale-Ordinance.txt,.txt,,https://www.publicsurplus.com.
archive/extracted_text/legacy/April-4-2012.txt,April-4-2012.txt,.txt,content:Newfield,
archive/extracted_text/legacy/April-5-2006.txt,April-5-2006.txt,.txt,content:Newfield,
archive/extracted_text/legacy/April-6-2011.txt,April-6-2011.txt,.txt,content:Newfield,
archive/extracted_text/legacy/August-6-2008.txt,August-6-2008.txt,.txt,content:Newfield,
archive/extracted_text/legacy/August-6-2014.txt,August-6-2014.txt,.txt,content:Newfield,
archive/extracted_text/legacy/Burn-Window-Fall-2025-2-1-2.txt,Burn-Window-Fall-2025-2-1-2.txt,.txt,,https://air.utah.gov/OpenBurning/form/index.php
archive/extracted_text/legacy/catererqualityassurancestandards2012.txt,catererqualityassurancestandards2012.txt,.txt,,http://www.foodsafety.gov
archive/extracted_text/legacy/December-1-2010.txt,December-1-2010.txt,.txt,content:Newfield,
archive/extracted_text/legacy/December-2-2009.txt,December-2-2009.txt,.txt,content:Newfield,
archive/extracted_text/legacy/December-3-2008.txt,December-3-2008.txt,.txt,content:Newfield,
archive/extracted_text/legacy/Duchesne-Conservation-District.txt,Duchesne-Conservation-District.txt,.txt,,https://ag.utah.gov/ | https://extension.usu.edu/ | https://www.fsa.usda.gov/state-offices/Utah/index | https://www.nrcs.usda.gov/wps/portal/nrcs/site/ut/home/
archive/extracted_text/legacy/Duchesne-County-TMP_Final_Compressed-2025.txt,Duchesne-County-TMP_Final_Compressed-2025.txt,.txt,content:13007,https://app.powerbigov.us/view?r=eyJrIjoiNTliNzM1NDMtNDFlNS00NWI1LWIxZTctOGJlZTZhYjE3YmZiIi | https://stip.udot.utah.gov/all/all/all
archive/extracted_text/legacy/Duchesne-County-Trails-Committee-Minutes-050223.txt,Duchesne-County-Trails-Committee-Minutes-050223.txt,.txt,,https://portal.duchesnecountygis.org/arcgis/apps/webappviewer/index.html?id
archive/extracted_text/legacy/Duchesne-County-Trails-Committee-Minutes-071123.txt,Duchesne-County-Trails-Committee-Minutes-071123.txt,.txt,,https://portal.duchesnecountygis.org/arcgis/apps/webappviewer/index.html?id=2ac21a79
archive/extracted_text/legacy/Duchesne-County-Trails-Committee-Minutes-101023.txt,Duchesne-County-Trails-Committee-Minutes-101023.txt,.txt,,https://portal.duchesnecountygis.org/arcgis/apps/webappviewer/index.html?id=2ac21a79
archive/extracted_text/legacy/Duchesne_CRMP_2022.txt,Duchesne_CRMP_2022.txt,.txt,content:Newfield,http://ag.utah.gov/conservation-environmental/grazing-improvement-program.html | http://ag.utah.gov/conservation-environmental/grazing-improvement-program/history- | http://ag.utah.gov/documents/Agtaskforce.pdf | http://ag.utah.gov/documents/ISM_CountyNoxiousWeeds_2015.pdf. | http://ag.utah.gov/documents/Insect_Utah_Mormon_Cricket_Grasshopper_Report_2015.pdf | http://apps1.eere.energy.gov/states/maps.cfm/state=UT | http://apps2.eere.energy.gov/wind/windexchange/pdfs/wind_maps/ut_110m_potential.pdf | http://apps2.eere.energy.gov/wind/windexchange/pdfs/wind_maps/ut_140m_potential.pdf | http://apps2.eere.energy.gov/wind/windexchange/wind_resource_maps.asp?stateab=ut | http://billingsgazette.com/news/state-and-
archive/extracted_text/legacy/DuCo-Trails-Committee-110321.txt,DuCo-Trails-Committee-110321.txt,.txt,,"https://business.utah.gov/outdoor/utah-trails-forum/,"
archive/extracted_text/legacy/DuCo_Trails-_MasterPlan_2020.txt,DuCo_Trails-_MasterPlan_2020.txt,.txt,,http://centralpt.com/upload/305/PoliciesBylaws/20366_general_plan_myton.pdf | http://tabionatown.org/index.php/plan/ | http://www.duchesne.utah.gov/wp-content/uploads/2019/11/General- | https://factfinder.census.gov/faces/tableservices/jsf/pages/produ | https://sterlingcodifiers.com/codebook/index.php?book_id=861 | https://www.bikeutah.org/s/Utah-Active-Transportation-Plan-Standards.pdf. | https://www.blm.gov/sites/blm.gov/files/documents/files/TTM_5YearStrategy_03132018.pdf | https://www.census.gov/quickfacts/fact/table/duchesnecountyutah/PST040218#PST040218 | https://www.codepublishing.com/UT/Roosevelt/ | https://www.duchesne.utah.gov/wp-
archive/extracted_text/legacy/EMS_Education-Standards_2021_FNL-3.txt,EMS_Education-Standards_2021_FNL-3.txt,.txt,,http://prehospitalguidelines.org/ | http://www.nhtsa.dot.gov/people/injury/ems/ | http://www.nhtsa.dot.gov/people/injury/ems/EMSCoreContent/ | https://aams.org/ | https://ambulance.org | https://coaemsp.org/ | https://cpr.heart.org/en/resuscitation-science/cpr-and-ecc-guidelines | https://dod.defense.gov/ | https://emscimprovement.center/ | https://naemse.org/
archive/extracted_text/legacy/ESA-in-Utah-Fact-Sheet.txt,ESA-in-Utah-Fact-Sheet.txt,.txt,,https://wildlife.utah.gov/about-us/contact-dwr.html | https://www.fws.gov/endangered/.
archive/extracted_text/legacy/February-5-2014.txt,February-5-2014.txt,.txt,content:Newfield,
archive/extracted_text/legacy/General-Plan-2024-1.txt,General-Plan-2024-1.txt,.txt,content:Newfield,http://ag.utah.gov/conservation-environmental/grazing-improvement-program.html | http://apps1.eere.energy.gov/states/maps.cfm/state=UT | http://apps2.eere.energy.gov/wind/windexchange/wind_resource_maps.asp?stateab=ut | http://dwrcdc.nr.utah.gov/ucdc/DownloadGIS/disclaim.htm. | http://dwrcdc.nr.utah.gov/ucdc/downloadgis/disclaim.htm. | http://le.utah.gov/xcode/Title23/Chapter29/23-8 | http://solareis.anl.gov/documents/docs/Solar_PEIS_ROD.pdf | http://solareis.anl.gov/documents/fpeis/maps/alternatives/Final_Solar_PEIS_UT_map_poster.pdf | http://www.deq.utah.gov/Pollutants/R/regionalhaze/rhsip/docs/2006/05May/ESMP081140 | http://www.deq.utah.gov/ProgramsServices/programs/water/watersheds/docs/2015/08Aug/Straw37
archive/extracted_text/legacy/Guide-to-REScheck-Compliance.txt,Guide-to-REScheck-Compliance.txt,.txt,,https://www.energycodes.gov/rescheck | https://www.energycodes.gov/rescheck.
archive/extracted_text/legacy/I-need-help-Who-do-I-contact-at-State-Risk-1-9-26.txt,I-need-help-Who-do-I-contact-at-State-Risk-1-9-26.txt,.txt,,https://risk.utah.gov/frequently-asked-questions/ | https://risk.utah.gov/report-a-claim/. | https://risk.utah.gov/risk-coordinator-training-resource-catalog/ | https://risk.utah.gov/wp-content/uploads/Risk- | https://utdrm.my.site.com/CertificateIntake/s/
archive/extracted_text/legacy/Informacion-del-permiso-de-construccion-2023.txt,Informacion-del-permiso-de-construccion-2023.txt,.txt,,http://utahsnowload.usu.edu/ | https://le.utah.gov/xcode/Title15A/15A.html?v=C15A_1800010118000101 | https://msc.fema.gov/portal | https://www.usu.edu/utahsnowload/index
archive/extracted_text/legacy/January-2-2013.txt,January-2-2013.txt,.txt,content:Newfield,
archive/extracted_text/legacy/January-7-2009.txt,January-7-2009.txt,.txt,content:Newfield,
archive/extracted_text/legacy/July-1-2009.txt,July-1-2009.txt,.txt,content:Newfield,
archive/extracted_text/legacy/June-1-2011.txt,June-1-2011.txt,.txt,content:Newfield,
archive/extracted_text/legacy/June-4-2014.txt,June-4-2014.txt,.txt,content:Newfield,
archive/extracted_text/legacy/June-5-2013.txt,June-5-2013.txt,.txt,content:Newfield,
archive/extracted_text/legacy/June-6-2007.txt,June-6-2007.txt,.txt,content:Newfield,
archive/extracted_text/legacy/June-6-2012.txt,June-6-2012.txt,.txt,content:Newfield,
archive/extracted_text/legacy/March-4-2009.txt,March-4-2009.txt,.txt,content:Newfield,
archive/extracted_text/legacy/March-6-2013.txt,March-6-2013.txt,.txt,content:Newfield,
archive/extracted_text/legacy/March-7-2012.txt,March-7-2012.txt,.txt,content:Newfield,
archive/extracted_text/legacy/May-2-2007.txt,May-2-2007.txt,.txt,content:Newfield,
archive/extracted_text/legacy/May-2-2012.txt,May-2-2012.txt,.txt,content:Newfield,
archive/extracted_text/legacy/naturalization-files.txt,naturalization-files.txt,.txt,,http://www.archives.gov | http://www.uscis.gov/foia | http://www.uscis.gov/genealogy
archive/extracted_text/legacy/New-Business-License-Application-1.txt,New-Business-License-Application-1.txt,.txt,,https://corporations.utah.gov/
archive/extracted_text/legacy/November-5-2008.txt,November-5-2008.txt,.txt,content:Newfield,
archive/extracted_text/legacy/November-5-2014.txt,November-5-2014.txt,.txt,content:Newfield,
archive/extracted_text/legacy/October-5-2011.txt,October-5-2011.txt,.txt,content:Newfield,
archive/extracted_text/legacy/October-6-2010.txt,October-6-2010.txt,.txt,content:Newfield,
archive/extracted_text/legacy/October-7-2009.txt,October-7-2009.txt,.txt,content:Newfield,
archive/extracted_text/legacy/Permit-Packet-July-2023.txt,Permit-Packet-July-2023.txt,.txt,,http://utahsnowload.usu.edu/ | https://le.utah.gov/xcode/Title15A/15A.html?v=C15A_1800010118000101 | https://msc.fema.gov/portal | https://www.usu.edu/utahsnowload/index
archive/extracted_text/legacy/R131-11-–-Preservation-of-Free-Speech-Activities.txt,R131-11-–-Preservation-of-Free-Speech-Activities.txt,.txt,,http://www.utahstatecapitol.utah.gov.
archive/extracted_text/legacy/Reasonable-Cost-Analysis-of-Land-Use-Application-Fees-for-the-Planning-Division-of-Duchesne-County.txt,Reasonable-Cost-Analysis-of-Land-Use-Application-Fees-for-the-Planning-Division-of-Duchesne-County.txt,.txt,,"https://utahlanduse.org/land-use-library/,"
archive/extracted_text/legacy/September-3-2008.txt,September-3-2008.txt,.txt,content:Newfield,
archive/extracted_text/legacy/September-4-2013.txt,September-4-2013.txt,.txt,content:Newfield,
archive/extracted_text/legacy/Table-R301.21-7-1-2023.txt,Table-R301.21-7-1-2023.txt,.txt,,http://utahsnowload.usu.edu/ | https://le.utah.gov/xcode/Title15A/15A.html?v=C15A_1800010118000101 | https://msc.fema.gov/portal
archive/extracted_text/legacy/The_Open_Book_2008.txt,The_Open_Book_2008.txt,.txt,,http://archives.utah.gov/main/ | http://www.attorneygeneral.utah.gov | http://www.spj.org/foi.asp | http://www.usdoj.gov/oip/index.html
archive/extracted_text/legacy/Things-to-Know-English.txt,Things-to-Know-English.txt,.txt,,http://www.duchesne.utah.gov/your- | https://sterlingcodifiers.com/codebook/index.php?book_id=861 | https://tricountyhealth.com/environmental-health/drinking-water/ | https://tricountyhealth.com/environmental-health/onsite-wastewater/
archive/extracted_text/legacy/Things-to-Know-Spanish.txt,Things-to-Know-Spanish.txt,.txt,,http://www.duchesne.utah.gov/your-government-2/county-departments/building-inspector/ | https://sterlingcodifiers.com/codebook/index.php?book_id=861 | https://tricountyhealth.com/environmental- | https://tricountyhealth.com/environmental-health/drinking-water/
archive/extracted_text/legacy/UOCAVA-2026-Primary-Election-Notice.txt,UOCAVA-2026-Primary-Election-Notice.txt,.txt,,http://www.fvap.gov/uploads/FVAP/Outreach- | https://duchesne.utah.gov/gov/elected-officials/clerk-auditor/elections-home/
archive/extracted_text/legacy/Utah-CPFH_Livery_Dealer-Guidebook-2023-UPDATED.txt,Utah-CPFH_Livery_Dealer-Guidebook-2023-UPDATED.txt,.txt,,https://rules.utah.gov/publicat/code/r651/r651-206.htm#T8
